id_transaction,date,categorie,prix_unitaire,quantite,age_client,sexe_client,ville,canal_acquisition,note_produit,temps_sur_page_sec,saison,montant_total,panier_moyen,est_client_fidele
1,2023-01-15,Mode,68.93,1,55,M,Paris,Google_Ads,2.5,158,Printemps,72.91,65.68,0
2,2023-04-15,Mode,64.96,3,34,F,Nice,Direct,4.3,31,Été,193.05,192.17,1
3,2023-05-24,Sport,64.96,2,25,M,Nantes,Email,3.0,59,Été,120.57,102.53,0
4,2023-06-21,Mode,91.71,2,36,M,Marseille,Facebook,2.9,141,Automne,207.82,196.42,0
5,2023-06-26,Sport,103.27,2,28,F,Toulouse,Facebook,5.0,120,Automne,201.34,194.99,0
6,2023-07-01,Électronique,809.35,1,27,F,Nantes,SEO,5.0,120,Automne,825.76,736.59,1
7,2023-07-03,Sport,46.59,1,40,M,Toulouse,Google_Ads,4.8,110,Automne,50.86,44.12,0
8,2023-09-01,Sport,124.59,1,18,M,Bordeaux,Facebook,2.6,54,Hiver,153.97,131.44,0
9,2023-09-29,Électronique,739.99,4,18,F,Lyon,Facebook,5.0,183,Hiver,3283.17,2827.34,1
10,2023-11-05,Mode,106.55,2,35,M,Bordeaux,Google_Ads,2.1,186,Hiver,248.07,231.06,0
11,2023-11-05,Électronique,823.1,5,34,M,Nantes,Instagram,3.5,80,Hiver,4270.75,4167.72,1
12,2024-02-18,Maison,191.23,2,39,M,Marseille,Facebook,3.9,53,Printemps,372.57,320.22,1
13,2024-04-12,Mode,122.96,3,57,F,Lyon,Instagram,5.0,37,Été,338.59,293.55,0
14,2024-04-19,Maison,119.88,3,36,M,Bordeaux,Google_Ads,4.8,147,Été,365.05,310.58,0
15,2024-04-25,Électronique,564.67,5,42,F,Lyon,Email,3.3,127,Été,2453.63,2189.48,1
16,2024-05-01,Électronique,234.5,1,23,M,Marseille,Google_Ads,2.8,91,Été,203.27,200.87,1
17,2024-05-12,Électronique,229.7,2,44,M,Lille,Google_Ads,4.9,325,Été,431.42,384.59,1
18,2024-06-03,Mode,55.91,3,28,F,Marseille,SEO,3.2,72,Automne,172.86,158.36,1
19,2024-06-20,Maison,78.15,4,35,M,Toulouse,Email,4.0,172,Automne,305.99,268.31,1
20,2024-07-01,Sport,75.68,2,33,F,Paris,Instagram,2.3,52,Automne,151.4,131.33,0
21,2024-07-29,Maison,91.87,1,47,M,Lyon,Email,4.4,147,Automne,105.61,92.66,0
22,2024-08-03,Mode,35.28,1,19,F,Marseille,SEO,4.3,51,Automne,37.14,32.74,0
23,2024-08-13,Livres,33.55,1,18,M,Lille,Instagram,2.4,119,Automne,32.32,28.11,0
24,2024-08-27,Maison,61.48,3,32,F,Nice,Google_Ads,4.9,86,Automne,176.22,170.71,0
25,2024-09-14,Livres,28.87,1,40,M,Lille,Facebook,4.4,128,Hiver,30.16,27.8,0
26,2024-10-30,Mode,47.33,3,36,M,Marseille,Instagram,4.6,111,Hiver,159.68,148.66,1
27,2024-11-06,Mode,121.44,2,49,M,Bordeaux,Google_Ads,3.4,127,Hiver,299.74,271.63,0
28,2024-11-27,Électronique,827.64,1,40,F,Marseille,Facebook,4.0,32,Hiver,1015.16,894.97,1
29,2024-12-24,Maison,177.7,3,28,M,Lille,Instagram,3.9,84,Printemps,519.02,448.48,1
30,2024-12-26,Électronique,678.76,1,18,F,Nice,Facebook,3.6,160,Printemps,716.01,616.76,1
31,2024-12-31,Mode,33.02,1,32,M,Marseille,Instagram,4.0,180,Printemps,34.69,30.45,0
32,2024-12-31,Mode,128.52,2,47,M,Paris,Google_Ads,5.0,131,Printemps,256.18,250.42,0
33,2024-12-31,Maison,218.01,4,30,M,Bordeaux,SEO,5.0,185,Printemps,855.36,754.84,1
34,2024-12-31,Maison,221.12,1,35,M,Marseille,Facebook,2.5,72,Printemps,206.99,186.96,0
35,2024-12-31,Électronique,669.99,3,40,F,Lille,Instagram,4.9,69,Printemps,1921.04,1797.92,1
36,2024-12-31,Mode,66.12,4,22,M,Marseille,Instagram,5.0,107,Printemps,255.93,237.18,0
37,2024-12-31,Maison,220.86,1,42,F,Toulouse,Facebook,3.6,102,Printemps,234.67,222.91,0
38,2024-12-31,Livres,16.87,3,54,M,Marseille,Facebook,4.4,120,Printemps,51.15,44.97,0
39,2024-12-31,Maison,161.29,2,32,M,Lyon,Direct,4.3,96,Printemps,303.28,281.63,0
40,2024-12-31,Livres,11.69,1,21,M,Marseille,Google_Ads,2.9,85,Printemps,10.75,10.37,0
41,2024-12-31,Sport,160.05,1,34,M,Nice,Google_Ads,3.4,137,Printemps,159.94,145.25,0
42,2024-12-31,Maison,85.34,1,18,F,Paris,Facebook,4.6,60,Printemps,88.18,87.81,0
43,2024-12-31,Électronique,376.81,2,39,M,Lille,Instagram,3.3,98,Printemps,801.67,750.92,1
44,2024-12-31,Maison,160.46,2,40,F,Nantes,SEO,4.9,130,Printemps,340.01,323.43,1
45,2024-12-31,Maison,197.54,5,55,M,Lyon,Instagram,5.0,72,Printemps,1051.72,966.38,1
46,2024-12-31,Maison,171.48,3,32,M,Nantes,Google_Ads,5.0,86,Printemps,509.08,498.23,0
47,2024-12-31,Mode,55.13,3,39,F,Marseille,Instagram,5.0,239,Printemps,177.5,162.89,1
48,2024-12-31,Mode,32.59,1,24,F,Toulouse,Facebook,3.7,99,Printemps,32.23,31.95,0
49,2024-12-31,Mode,106.32,1,30,F,Bordeaux,Instagram,4.0,356,Printemps,99.26,88.95,1
50,2024-12-31,Mode,128.56,1,18,M,Paris,Instagram,4.2,99,Printemps,125.92,123.38,0
51,2024-12-31,Électronique,771.69,1,32,F,Paris,SEO,3.7,145,Printemps,747.0,706.59,1
52,2024-12-31,Sport,101.18,5,31,M,Toulouse,Facebook,4.4,42,Printemps,494.97,480.05,1
53,2024-12-31,Électronique,835.04,2,38,M,Paris,Instagram,1.9,26,Printemps,1723.07,1474.35,1
54,2024-12-31,Électronique,501.65,1,27,F,Toulouse,Facebook,4.0,53,Printemps,517.39,461.3,0
55,2024-12-31,Mode,83.68,1,36,F,Lyon,Facebook,2.3,136,Printemps,79.08,77.26,1
56,2024-12-31,Maison,145.88,2,30,M,Toulouse,Google_Ads,2.7,70,Printemps,281.03,252.29,0
57,2024-12-31,Mode,76.14,3,31,F,Nice,Google_Ads,4.6,42,Printemps,232.79,222.75,0
58,2024-12-31,Mode,108.08,4,35,M,Toulouse,Google_Ads,3.6,93,Printemps,396.37,395.9,1
59,2024-12-31,Maison,154.82,2,35,F,Marseille,Facebook,4.6,160,Printemps,321.32,281.66,1
60,2024-12-31,Mode,63.38,2,44,F,Paris,Instagram,3.6,54,Printemps,118.62,108.26,0
61,2024-12-31,Livres,15.97,7,33,M,Marseille,Email,5.0,171,Printemps,119.63,104.65,0
62,2024-12-31,Livres,10.02,5,30,F,Bordeaux,SEO,3.5,43,Printemps,49.11,42.88,0
63,2024-12-31,Mode,89.36,2,32,M,Toulouse,SEO,1.6,116,Printemps,168.74,159.46,0
64,2024-12-31,Mode,54.92,3,26,M,Marseille,Instagram,4.0,63,Printemps,170.29,149.64,0
65,2024-12-31,Maison,86.66,1,30,F,Nantes,Facebook,1.4,144,Printemps,87.6,80.8,0
66,2024-12-31,Électronique,666.34,1,59,F,Marseille,SEO,2.2,177,Printemps,622.62,620.55,1
67,2024-12-31,Mode,98.92,3,24,F,Marseille,Google_Ads,2.8,104,Printemps,316.17,284.54,1
68,2024-12-31,Mode,105.84,2,31,F,Toulouse,Facebook,2.7,58,Printemps,209.69,205.72,0
69,2024-12-31,Livres,22.6,2,30,M,Nice,Facebook,3.2,341,Printemps,42.05,38.24,1
70,2024-12-31,Électronique,828.49,1,32,M,Lille,Instagram,2.7,54,Printemps,877.56,780.53,1
71,2024-12-31,Maison,228.54,1,31,F,Nantes,Facebook,2.3,193,Printemps,211.79,190.7,1
72,2024-12-31,Maison,205.33,1,38,F,Lyon,SEO,5.0,305,Printemps,224.55,195.17,1
73,2024-12-31,Mode,94.47,2,18,F,Toulouse,SEO,3.1,110,Printemps,186.74,177.75,1
74,2024-12-31,Électronique,430.01,1,47,F,Marseille,Instagram,1.3,37,Printemps,449.64,416.52,1
75,2024-12-31,Livres,35.54,2,42,M,Paris,Google_Ads,3.4,107,Printemps,70.4,66.32,0
76,2024-12-31,Mode,59.23,1,20,F,Toulouse,Facebook,2.6,267,Printemps,55.53,49.72,1
77,2024-12-31,Maison,96.48,1,18,F,Nice,Facebook,2.8,59,Printemps,101.46,96.18,0
78,2024-12-31,Électronique,523.45,6,23,F,Lille,Facebook,4.6,95,Printemps,3008.41,2631.43,1
79,2024-12-31,Mode,38.04,1,32,M,Marseille,Facebook,3.3,28,Printemps,39.43,37.37,0
80,2024-12-31,Mode,127.9,2,65,F,Lille,Instagram,2.5,78,Printemps,243.39,209.85,0
81,2024-12-31,Électronique,622.19,1,41,M,Lyon,SEO,4.3,141,Printemps,589.98,536.9,1
82,2024-12-31,Électronique,600.94,4,18,F,Toulouse,Email,5.0,58,Printemps,2383.31,2243.8,1
83,2024-12-31,Sport,126.11,1,26,M,Lille,Facebook,4.4,231,Printemps,134.09,131.18,1
84,2024-12-31,Électronique,560.49,1,34,M,Paris,Google_Ads,1.1,31,Printemps,573.23,557.1,1
85,2024-12-31,Électronique,246.64,1,38,F,Marseille,Facebook,2.6,58,Printemps,225.17,209.19,0
86,2024-12-31,Mode,92.2,1,19,M,Paris,Google_Ads,3.9,197,Printemps,96.51,94.82,0
87,2024-12-31,Sport,133.81,2,33,M,Toulouse,Facebook,3.5,82,Printemps,271.89,251.74,0
88,2024-12-31,Électronique,506.31,1,26,F,Toulouse,SEO,3.4,239,Printemps,518.82,481.24,1
89,2024-12-31,Maison,196.31,1,21,F,Nice,Email,2.7,30,Printemps,190.56,182.58,0
90,2024-12-31,Électronique,378.23,2,38,M,Bordeaux,Instagram,2.3,64,Printemps,764.95,750.92,1
91,2024-12-31,Électronique,374.36,2,44,M,Lille,SEO,5.0,126,Printemps,729.54,686.06,1
92,2024-12-31,Électronique,333.96,2,45,M,Lille,SEO,3.8,294,Printemps,612.01,606.89,1
93,2024-12-31,Sport,89.93,1,41,M,Lille,Google_Ads,4.5,107,Printemps,96.12,85.06,0
94,2024-12-31,Électronique,796.73,1,29,M,Nantes,Google_Ads,3.8,129,Printemps,825.1,815.73,1
95,2024-12-31,Électronique,783.84,2,43,M,Toulouse,Google_Ads,3.9,93,Printemps,1621.12,1431.85,1
96,2024-12-31,Mode,69.83,1,38,M,Toulouse,Email,3.7,86,Printemps,65.55,60.89,0
97,2024-12-31,Sport,117.61,1,36,F,Lyon,Instagram,2.6,58,Printemps,121.46,117.74,0
98,2024-12-31,Mode,102.78,1,27,M,Nantes,Facebook,2.1,101,Printemps,97.27,94.38,0
99,2024-12-31,Mode,56.02,3,29,F,Paris,Facebook,4.2,82,Printemps,174.36,155.48,0
100,2024-12-31,Électronique,338.5,3,35,F,Toulouse,Direct,4.0,136,Printemps,981.68,979.6,1
101,2024-12-31,Mode,127.28,2,64,M,Bordeaux,Instagram,4.8,109,Printemps,237.12,204.42,1
102,2024-12-31,Maison,171.16,2,38,F,Nice,Direct,4.6,80,Printemps,370.14,316.55,0
103,2024-12-31,Maison,236.65,2,27,F,Lyon,SEO,2.9,202,Printemps,435.89,425.52,1
104,2024-12-31,Mode,65.43,1,25,F,Lyon,Google_Ads,5.0,68,Printemps,68.86,66.99,1
105,2024-12-31,Mode,101.05,2,29,M,Marseille,Facebook,4.6,71,Printemps,186.0,177.98,0
106,2024-12-31,Électronique,375.26,3,61,M,Toulouse,Google_Ads,4.6,30,Printemps,1167.36,1141.23,1
107,2024-12-31,Mode,57.97,7,30,M,Bordeaux,SEO,5.0,90,Printemps,374.15,325.75,0
108,2024-12-31,Électronique,570.53,2,45,F,Toulouse,SEO,5.0,234,Printemps,1143.08,988.03,1
109,2024-12-31,Sport,83.25,2,30,F,Lille,SEO,4.6,230,Printemps,156.11,155.4,1
110,2024-12-31,Livres,13.53,1,38,F,Nantes,Facebook,4.4,74,Printemps,14.52,13.7,0
111,2024-12-31,Livres,16.1,2,44,F,Nice,Facebook,5.0,141,Printemps,31.56,31.18,1
112,2024-12-31,Sport,47.06,4,28,F,Nice,Email,3.2,136,Printemps,169.99,167.6,0
113,2024-12-31,Maison,186.8,1,27,F,Lille,Facebook,3.2,38,Printemps,191.58,181.62,1
114,2024-12-31,Maison,148.58,4,54,F,Toulouse,SEO,4.5,192,Printemps,587.8,555.05,1
115,2024-12-31,Mode,41.69,1,46,F,Marseille,Instagram,2.9,40,Printemps,44.69,40.4,0
116,2024-12-31,Maison,90.9,2,44,M,Nantes,SEO,4.5,78,Printemps,179.38,156.48,0
117,2024-12-31,Mode,42.5,1,44,M,Lille,Google_Ads,4.0,50,Printemps,41.74,39.78,0
118,2024-12-31,Mode,92.23,2,40,M,Nice,Google_Ads,2.9,103,Printemps,182.76,177.77,0
119,2024-12-31,Sport,54.51,1,59,M,Paris,Direct,3.8,57,Printemps,58.44,54.44,0
120,2024-12-31,Mode,106.04,1,35,F,Nice,Instagram,5.0,72,Printemps,107.88,92.52,0
121,2024-12-31,Mode,34.5,2,41,M,Lille,SEO,3.9,161,Printemps,71.34,62.19,0
122,2024-12-31,Livres,15.73,2,18,F,Toulouse,Instagram,3.9,70,Printemps,32.85,28.43,0
123,2024-12-31,Électronique,826.2,2,25,M,Nice,Facebook,4.2,96,Printemps,1796.99,1704.76,1
124,2024-12-31,Mode,102.56,2,20,M,Nantes,Direct,4.3,45,Printemps,218.96,204.67,0
125,2024-12-31,Livres,10.97,1,50,M,Paris,SEO,3.4,36,Printemps,11.91,10.95,0
126,2024-12-31,Maison,207.8,2,18,M,Marseille,SEO,4.2,107,Printemps,402.58,375.01,0
127,2024-12-31,Mode,80.57,2,30,M,Nice,Google_Ads,2.6,60,Printemps,151.95,135.45,0
128,2024-12-31,Électronique,796.58,1,18,M,Marseille,Google_Ads,2.9,223,Printemps,749.32,727.38,1
129,2024-12-31,Mode,91.07,2,25,F,Paris,Instagram,3.1,292,Printemps,195.18,175.52,0
130,2024-12-31,Sport,129.43,3,29,M,Nantes,Google_Ads,4.3,47,Printemps,413.97,391.89,0
131,2024-12-31,Maison,238.83,4,51,F,Nantes,SEO,4.0,38,Printemps,984.06,894.15,1
132,2024-12-31,Mode,55.15,1,39,M,Lille,Email,3.7,244,Printemps,50.33,43.33,0
133,2024-12-31,Électronique,646.16,5,25,F,Nice,Instagram,4.6,131,Printemps,3113.25,2766.25,1
134,2024-12-31,Électronique,535.72,4,47,F,Marseille,SEO,4.2,106,Printemps,2243.24,2231.5,1
135,2024-12-31,Livres,10.07,2,35,M,Marseille,Instagram,3.5,38,Printemps,19.12,16.8,0
136,2024-12-31,Mode,33.91,1,35,F,Nice,SEO,2.7,267,Printemps,34.75,30.09,0
137,2024-12-31,Maison,81.46,3,20,M,Paris,Facebook,2.9,51,Printemps,246.47,220.27,0
138,2024-12-31,Électronique,663.14,1,23,F,Marseille,Google_Ads,2.2,125,Printemps,631.66,620.09,1
139,2024-12-31,Maison,162.09,2,25,M,Toulouse,Facebook,4.0,145,Printemps,352.34,315.66,0
140,2024-12-31,Livres,23.94,1,35,M,Lille,Google_Ads,2.9,33,Printemps,22.78,20.79,0
141,2024-12-31,Maison,65.73,1,35,M,Marseille,Instagram,3.3,59,Printemps,70.92,63.58,0
142,2024-12-31,Électronique,541.78,3,53,F,Nice,SEO,3.7,41,Printemps,1638.64,1635.93,1
143,2024-12-31,Maison,226.43,1,39,F,Nice,Direct,4.9,33,Printemps,207.95,207.94,0
144,2024-12-31,Sport,93.19,1,18,M,Paris,Google_Ads,4.8,89,Printemps,99.41,91.7,0
145,2024-12-31,Mode,93.43,1,38,F,Lille,SEO,3.7,43,Printemps,98.88,95.68,0
146,2024-12-31,Sport,141.93,2,18,F,Bordeaux,Instagram,5.0,62,Printemps,302.64,267.24,0
147,2024-12-31,Maison,201.11,2,23,M,Paris,Facebook,1.6,31,Printemps,413.33,374.53,0
148,2024-12-31,Sport,108.71,4,25,F,Nice,SEO,5.0,83,Printemps,453.24,431.44,1
149,2024-12-31,Maison,214.43,3,27,F,Bordeaux,Facebook,4.6,260,Printemps,695.67,621.19,1
150,2024-12-31,Électronique,489.18,1,18,F,Nice,Facebook,3.9,113,Printemps,452.76,400.1,0
151,2024-12-31,Mode,119.15,1,37,F,Marseille,Instagram,2.8,60,Printemps,109.21,107.94,0
152,2024-12-31,Électronique,387.15,3,18,M,Lille,SEO,3.3,84,Printemps,1074.37,952.58,1
153,2024-12-31,Livres,16.57,1,39,F,Marseille,Google_Ads,4.5,113,Printemps,17.79,15.28,0
154,2024-12-31,Sport,49.27,1,61,M,Lille,Instagram,4.5,115,Printemps,49.89,48.03,0
155,2024-12-31,Maison,203.2,5,19,F,Lyon,Instagram,4.5,82,Printemps,950.2,842.34,1
156,2024-12-31,Mode,73.16,1,31,F,Marseille,Google_Ads,3.0,55,Printemps,67.92,62.32,0
157,2024-12-31,Électronique,379.65,1,18,M,Marseille,Google_Ads,2.8,133,Printemps,375.51,325.47,1
158,2024-12-31,Sport,72.05,3,31,F,Marseille,Instagram,4.0,48,Printemps,229.81,197.7,0
159,2024-12-31,Mode,120.39,2,42,M,Nantes,Email,4.6,159,Printemps,255.47,234.79,1
160,2024-12-31,Électronique,787.89,2,43,M,Paris,Google_Ads,3.8,70,Printemps,1686.49,1518.79,1
161,2024-12-31,Maison,159.64,4,35,F,Nantes,Instagram,5.0,202,Printemps,672.89,623.02,1
162,2024-12-31,Électronique,640.87,4,45,M,Lille,Instagram,3.8,51,Printemps,2338.74,2326.74,1
163,2024-12-31,Mode,78.75,1,65,F,Lille,Google_Ads,3.8,50,Printemps,82.21,74.91,0
164,2024-12-31,Mode,70.69,1,55,F,Lille,Instagram,4.5,101,Printemps,70.96,66.73,0
165,2024-12-31,Électronique,842.95,4,28,F,Paris,Facebook,5.0,62,Printemps,3524.47,3047.4,1
166,2024-12-31,Livres,12.39,1,18,M,Lille,Google_Ads,2.3,214,Printemps,12.35,12.14,0
167,2024-12-31,Électronique,507.45,1,30,F,Nantes,Facebook,2.6,54,Printemps,505.78,491.05,0
168,2024-12-31,Électronique,457.58,1,23,M,Toulouse,Facebook,3.5,51,Printemps,423.36,393.04,1
169,2024-12-31,Électronique,561.25,1,40,M,Nantes,Facebook,5.0,132,Printemps,606.74,532.42,1
170,2024-12-31,Sport,100.85,1,20,F,Toulouse,SEO,3.5,26,Printemps,98.32,89.85,0
171,2024-12-31,Mode,83.09,5,34,F,Marseille,Instagram,3.7,256,Printemps,422.3,377.8,1
172,2024-12-31,Maison,85.19,2,45,M,Bordeaux,Facebook,4.5,141,Printemps,160.39,160.26,0
173,2024-12-31,Électronique,571.37,2,33,M,Toulouse,Google_Ads,4.9,118,Printemps,1112.78,1027.79,1
174,2024-12-31,Électronique,388.63,1,23,F,Lyon,Google_Ads,4.0,59,Printemps,417.44,381.26,1
175,2024-12-31,Mode,50.47,6,49,M,Nice,Instagram,5.0,94,Printemps,285.25,249.69,1
176,2024-12-31,Sport,50.77,1,18,F,Lille,Direct,2.5,55,Printemps,47.78,42.33,0
177,2024-12-31,Sport,139.74,3,31,M,Paris,SEO,3.0,64,Printemps,399.13,381.87,0
178,2024-12-31,Électronique,513.52,3,34,M,Toulouse,Instagram,5.0,173,Printemps,1563.57,1454.49,1
179,2024-12-31,Mode,93.6,2,35,M,Paris,Instagram,3.8,114,Printemps,187.97,169.87,0
180,2024-12-31,Livres,28.65,1,37,M,Lille,Instagram,2.4,64,Printemps,26.78,23.96,1
181,2024-12-31,Mode,98.73,1,42,M,Bordeaux,Facebook,2.3,30,Printemps,102.52,90.23,0
182,2024-12-31,Sport,102.49,3,34,M,Nantes,SEO,2.9,296,Printemps,332.53,284.34,1
183,2024-12-31,Électronique,486.83,1,30,M,Lille,SEO,3.8,157,Printemps,457.51,455.94,1
184,2024-12-31,Livres,19.15,1,30,F,Paris,Instagram,4.3,64,Printemps,19.81,19.08,0
185,2024-12-31,Sport,124.11,2,27,M,Lyon,Google_Ads,3.4,98,Printemps,252.5,249.77,0
186,2024-12-31,Livres,22.36,1,44,F,Bordeaux,Email,4.2,55,Printemps,21.59,19.69,0
187,2024-12-31,Maison,212.84,1,27,F,Nice,Google_Ads,3.3,57,Printemps,217.86,213.59,0
188,2024-12-31,Mode,117.78,1,45,F,Lille,SEO,5.0,63,Printemps,110.95,98.57,0
189,2024-12-31,Livres,13.61,4,35,F,Toulouse,Facebook,5.0,108,Printemps,58.06,53.79,0
190,2024-12-31,Mode,45.78,1,28,F,Lyon,SEO,3.4,56,Printemps,41.41,36.45,0
191,2024-12-31,Mode,93.96,4,42,M,Nice,Instagram,4.3,99,Printemps,380.9,367.78,1
192,2024-12-31,Maison,114.22,3,26,F,Lille,Google_Ads,4.2,203,Printemps,330.24,305.36,1
193,2024-12-31,Sport,44.87,2,42,M,Bordeaux,Facebook,4.0,46,Printemps,96.58,89.86,0
194,2024-12-31,Livres,32.99,2,37,F,Paris,SEO,4.5,49,Printemps,65.98,64.59,0
195,2024-12-31,Électronique,378.16,1,27,F,Nantes,Instagram,4.3,234,Printemps,401.04,385.35,1
196,2024-12-31,Sport,160.98,3,41,F,Toulouse,SEO,3.3,128,Printemps,523.89,521.24,1
197,2024-12-31,Maison,189.14,2,41,F,Nantes,Instagram,5.0,101,Printemps,365.74,333.12,0
198,2024-12-31,Électronique,739.79,2,48,M,Bordeaux,Facebook,4.0,39,Printemps,1592.13,1463.52,1
199,2024-12-31,Mode,52.14,1,46,M,Nice,Instagram,3.4,34,Printemps,54.5,51.36,0
200,2024-12-31,Mode,55.33,3,40,F,Nice,Email,5.0,58,Printemps,152.99,140.45,0
201,2024-12-31,Mode,83.32,3,21,F,Marseille,Facebook,3.7,98,Printemps,230.17,210.13,0
202,2024-12-31,Livres,13.65,1,64,M,Nantes,Google_Ads,4.1,169,Printemps,14.51,13.08,0
203,2024-12-31,Maison,114.98,1,18,F,Lille,Google_Ads,4.0,99,Printemps,114.25,111.37,0
204,2024-12-31,Maison,117.86,1,46,F,Lyon,Google_Ads,3.7,100,Printemps,117.75,109.51,0
205,2024-12-31,Livres,13.31,1,40,M,Lyon,Facebook,4.3,186,Printemps,14.35,13.51,0
206,2024-12-31,Mode,52.51,3,20,F,Toulouse,SEO,2.9,108,Printemps,170.24,149.91,0
207,2024-12-31,Sport,143.04,4,33,M,Nantes,Facebook,4.5,70,Printemps,527.84,468.6,1
208,2024-12-31,Mode,48.8,1,34,M,Bordeaux,Instagram,1.9,72,Printemps,47.57,42.86,0
209,2024-12-31,Sport,46.13,1,50,F,Toulouse,SEO,2.4,145,Printemps,49.77,45.78,0
210,2024-12-31,Électronique,649.81,1,26,F,Bordeaux,Instagram,5.0,118,Printemps,691.38,592.23,1
211,2024-12-31,Livres,35.35,2,31,M,Bordeaux,Google_Ads,2.4,205,Printemps,73.83,72.59,0
212,2024-12-31,Électronique,448.57,2,18,F,Lyon,Direct,1.6,46,Printemps,825.72,813.79,1
213,2024-12-31,Mode,44.07,2,55,M,Paris,Instagram,2.4,42,Printemps,90.27,85.69,0
214,2024-12-31,Sport,115.22,2,22,M,Lyon,Facebook,5.0,124,Printemps,234.22,210.19,0
215,2024-12-31,Mode,120.87,1,38,F,Paris,Email,1.8,78,Printemps,112.82,102.42,1
216,2024-12-31,Maison,201.13,1,33,M,Toulouse,Instagram,2.7,41,Printemps,212.15,203.68,1
217,2024-12-31,Mode,93.2,1,33,F,Toulouse,SEO,2.2,53,Printemps,89.69,80.09,0
218,2024-12-31,Maison,116.71,1,44,F,Toulouse,Instagram,3.5,192,Printemps,119.53,112.51,0
219,2024-12-31,Électronique,590.77,1,55,M,Bordeaux,Email,3.3,116,Printemps,574.44,566.37,1
220,2024-12-31,Électronique,286.59,1,38,M,Nice,SEO,3.3,62,Printemps,262.77,239.53,0
221,2024-12-31,Mode,98.7,4,42,M,Marseille,Instagram,5.0,57,Printemps,396.75,372.17,1
222,2024-12-31,Mode,103.2,2,38,F,Lyon,Facebook,2.5,65,Printemps,198.41,196.29,0
223,2024-12-31,Électronique,876.4,2,47,M,Nice,Google_Ads,3.7,160,Printemps,1602.51,1444.0,1
224,2024-12-31,Mode,57.89,3,29,F,Bordeaux,Email,4.2,97,Printemps,163.19,157.31,1
225,2024-12-31,Mode,34.3,1,47,M,Lyon,Instagram,2.7,78,Printemps,35.11,33.83,0
226,2024-12-31,Électronique,593.29,6,48,M,Bordeaux,Email,4.3,174,Printemps,3275.92,3240.78,1
227,2024-12-31,Maison,187.22,4,47,M,Lyon,SEO,3.4,45,Printemps,687.1,672.53,1
228,2024-12-31,Sport,143.28,1,27,M,Lille,SEO,4.2,59,Printemps,156.0,150.12,0
229,2024-12-31,Électronique,355.77,2,32,M,Lyon,Email,3.7,98,Printemps,655.69,619.94,1
230,2024-12-31,Maison,107.12,2,37,M,Lille,Facebook,1.5,68,Printemps,208.92,185.14,0
231,2024-12-31,Maison,152.27,1,18,M,Nice,SEO,5.0,85,Printemps,141.1,134.13,0
232,2024-12-31,Mode,64.73,1,54,M,Paris,Facebook,5.0,191,Printemps,70.42,62.78,0
233,2024-12-31,Maison,214.89,1,34,M,Lyon,Google_Ads,3.6,31,Printemps,214.08,196.1,0
234,2024-12-31,Mode,78.69,3,38,M,Paris,Google_Ads,2.8,44,Printemps,217.71,208.23,0
235,2024-12-31,Mode,110.46,1,28,M,Marseille,Email,5.0,142,Printemps,116.4,110.72,0
236,2024-12-31,Électronique,616.92,1,19,F,Nantes,Facebook,5.0,77,Printemps,651.56,593.04,1
237,2024-12-31,Maison,199.16,2,27,F,Nantes,Email,3.6,295,Printemps,430.27,377.52,1
238,2024-12-31,Maison,119.88,2,37,M,Lille,Facebook,3.6,173,Printemps,249.62,230.31,1
239,2024-12-31,Électronique,786.21,1,43,F,Nice,Facebook,3.7,69,Printemps,716.19,637.76,1
240,2024-12-31,Mode,59.27,2,36,M,Nice,Google_Ads,2.0,105,Printemps,119.73,106.36,0
241,2024-12-31,Livres,23.74,1,39,F,Lyon,Instagram,3.5,119,Printemps,23.19,20.85,0
242,2024-12-31,Mode,53.37,2,30,F,Nantes,SEO,5.0,232,Printemps,112.04,107.1,1
243,2024-12-31,Mode,78.86,1,40,M,Paris,Instagram,3.6,76,Printemps,80.3,74.24,0
244,2024-12-31,Livres,17.59,3,52,M,Nantes,Facebook,2.7,58,Printemps,55.15,49.96,0
245,2024-12-31,Maison,108.01,3,43,F,Nantes,SEO,4.3,122,Printemps,303.31,298.79,1
246,2024-12-31,Maison,234.06,2,44,M,Bordeaux,SEO,3.1,73,Printemps,462.22,441.89,1
247,2024-12-31,Sport,62.91,4,38,M,Nantes,Instagram,3.7,134,Printemps,248.22,229.41,0
248,2024-12-31,Sport,142.88,1,18,F,Paris,SEO,2.4,169,Printemps,156.63,143.03,0
249,2024-12-31,Mode,128.46,1,22,F,Nantes,Google_Ads,2.7,47,Printemps,116.1,112.95,0
250,2024-12-31,Mode,34.44,1,40,F,Lyon,Instagram,4.6,65,Printemps,36.62,32.07,0
251,2024-12-31,Mode,100.66,1,34,F,Nantes,SEO,3.9,185,Printemps,92.54,87.88,1
252,2024-12-31,Livres,15.83,1,40,F,Marseille,Google_Ads,2.9,83,Printemps,14.5,12.37,0
253,2024-12-31,Maison,67.29,1,55,F,Nantes,Google_Ads,3.9,94,Printemps,64.98,55.3,0
254,2024-12-31,Électronique,496.95,2,43,F,Lille,SEO,3.1,155,Printemps,1033.81,1023.23,1
255,2024-12-31,Sport,161.74,2,50,M,Nice,Instagram,2.9,78,Printemps,335.03,310.6,1
256,2024-12-31,Mode,33.65,3,36,M,Bordeaux,Email,5.0,164,Printemps,103.52,92.89,0
257,2024-12-31,Électronique,621.82,2,25,M,Toulouse,Instagram,4.7,59,Printemps,1311.93,1271.53,1
258,2024-12-31,Mode,81.39,2,34,F,Paris,Email,3.8,71,Printemps,154.06,153.71,0
259,2024-12-31,Mode,117.65,2,25,M,Nice,Instagram,4.0,219,Printemps,241.61,206.61,1
260,2024-12-31,Sport,53.21,6,53,M,Nice,Instagram,3.8,92,Printemps,328.08,280.73,0
261,2024-12-31,Électronique,685.03,2,44,M,Nantes,Instagram,4.3,56,Printemps,1412.35,1381.59,1
262,2024-12-31,Sport,129.21,1,41,M,Nantes,SEO,2.9,48,Printemps,131.65,122.9,0
263,2024-12-31,Maison,180.43,1,49,M,Lyon,Email,4.7,94,Printemps,170.39,167.39,0
264,2024-12-31,Électronique,861.08,1,18,M,Toulouse,Direct,4.2,156,Printemps,932.42,889.72,1
265,2024-12-31,Livres,31.22,3,42,M,Lyon,Direct,3.5,25,Printemps,102.59,94.44,0
266,2024-12-31,Mode,36.59,1,19,F,Lille,Email,3.3,63,Printemps,37.98,33.2,0
267,2024-12-31,Mode,78.43,2,34,F,Toulouse,Google_Ads,4.7,133,Printemps,155.11,140.91,0
268,2024-12-31,Mode,71.3,2,31,F,Nice,Google_Ads,3.6,102,Printemps,143.66,139.07,1
269,2024-12-31,Sport,82.04,1,42,F,Bordeaux,Google_Ads,3.0,107,Printemps,75.62,66.93,0
270,2024-12-31,Mode,76.51,1,37,F,Paris,Instagram,3.4,56,Printemps,74.42,71.2,0
271,2024-12-31,Électronique,484.33,4,51,M,Paris,Instagram,4.6,105,Printemps,2121.81,1882.26,1
272,2024-12-31,Électronique,516.83,1,27,F,Nice,Facebook,2.0,141,Printemps,521.76,479.77,1
273,2024-12-31,Mode,127.98,2,43,M,Paris,Email,3.4,68,Printemps,259.06,223.52,0
274,2024-12-31,Sport,53.8,6,36,M,Lille,Google_Ads,5.0,105,Printemps,352.11,323.33,1
275,2024-12-31,Mode,122.42,4,18,F,Lille,Google_Ads,3.6,119,Printemps,527.51,496.86,1
276,2024-12-31,Électronique,549.16,1,23,F,Nantes,Facebook,4.1,61,Printemps,556.71,520.24,1
277,2024-12-31,Électronique,646.03,3,33,F,Bordeaux,Google_Ads,5.0,48,Printemps,1848.54,1683.96,1
278,2024-12-31,Mode,113.44,3,48,M,Paris,Direct,4.8,72,Printemps,314.25,284.54,1
279,2024-12-31,Livres,18.73,3,40,M,Paris,SEO,3.3,119,Printemps,60.28,53.73,0
280,2024-12-31,Mode,74.47,2,20,F,Nantes,Email,3.7,59,Printemps,161.45,155.81,0
281,2024-12-31,Livres,20.06,4,33,M,Bordeaux,Facebook,4.8,52,Printemps,80.14,77.52,0
282,2024-12-31,Mode,69.04,1,59,M,Toulouse,Facebook,4.8,150,Printemps,63.44,58.52,0
283,2024-12-31,Électronique,849.73,1,36,F,Bordeaux,Email,3.7,52,Printemps,867.78,787.41,1
284,2024-12-31,Sport,148.19,1,31,M,Bordeaux,Instagram,3.7,287,Printemps,144.26,136.41,1
285,2024-12-31,Mode,43.13,1,40,M,Nice,Instagram,4.1,170,Printemps,40.18,37.51,0
286,2024-12-31,Maison,79.46,4,44,F,Lyon,Facebook,5.0,240,Printemps,344.49,327.3,0
287,2024-12-31,Livres,20.55,3,29,M,Bordeaux,SEO,5.0,111,Printemps,58.44,52.36,0
288,2024-12-31,Électronique,291.59,5,41,F,Marseille,Facebook,4.6,63,Printemps,1519.54,1471.3,1
289,2024-12-31,Électronique,642.89,4,31,F,Lille,Instagram,2.6,153,Printemps,2535.23,2275.4,1
290,2024-12-31,Maison,85.86,1,43,F,Bordeaux,Email,3.5,44,Printemps,91.5,83.52,0
291,2024-12-31,Mode,83.43,1,37,M,Lyon,SEO,3.6,31,Printemps,86.78,75.49,0
292,2024-12-31,Électronique,229.87,3,40,M,Nice,Facebook,5.0,129,Printemps,637.65,623.81,1
293,2024-12-31,Électronique,438.7,1,25,F,Nice,Email,3.5,40,Printemps,434.28,411.11,1
294,2024-12-31,Électronique,682.1,5,25,F,Toulouse,Email,5.0,96,Printemps,3246.67,2874.25,1
295,2024-12-31,Sport,104.21,3,46,F,Marseille,Google_Ads,3.2,79,Printemps,326.0,318.75,1
296,2024-12-31,Électronique,885.33,2,34,M,Lyon,Facebook,3.3,140,Printemps,1786.49,1707.38,1
297,2024-12-31,Mode,117.73,3,38,F,Lyon,Instagram,4.3,46,Printemps,341.89,313.28,0
298,2024-12-31,Maison,124.63,1,31,M,Nantes,Instagram,5.0,42,Printemps,120.38,120.2,0
299,2024-12-31,Mode,36.93,2,45,M,Lyon,SEO,3.6,78,Printemps,68.17,61.4,0
300,2024-12-31,Électronique,795.8,1,27,M,Lyon,Google_Ads,1.0,18,Printemps,750.25,648.92,1
301,2024-12-31,Sport,158.68,2,33,F,Paris,Instagram,2.1,93,Printemps,330.91,317.68,0
302,2024-12-31,Électronique,778.92,2,44,F,Lille,Google_Ads,4.1,107,Printemps,1592.09,1534.07,1
303,2024-12-31,Sport,58.81,1,49,F,Nantes,Instagram,2.2,90,Printemps,57.12,49.05,0
304,2024-12-31,Sport,169.73,1,28,M,Nantes,Facebook,2.8,71,Printemps,181.14,176.24,0
305,2024-12-31,Mode,57.71,2,58,M,Paris,Facebook,3.8,252,Printemps,115.06,111.2,0
306,2024-12-31,Mode,103.11,1,38,M,Marseille,Google_Ads,1.1,88,Printemps,109.18,108.03,0
307,2024-12-31,Mode,121.03,1,22,F,Paris,Instagram,3.4,133,Printemps,127.84,110.94,1
308,2024-12-31,Mode,55.48,1,39,M,Nantes,Instagram,2.5,56,Printemps,59.34,55.79,0
309,2024-12-31,Sport,158.3,1,30,F,Marseille,SEO,2.2,68,Printemps,169.38,149.55,0
310,2024-12-31,Sport,81.96,2,40,F,Nantes,SEO,2.9,49,Printemps,169.79,154.49,0
311,2024-12-31,Mode,127.7,1,34,M,Bordeaux,Facebook,2.6,87,Printemps,134.07,119.29,0
312,2024-12-31,Maison,110.63,1,35,F,Marseille,SEO,4.3,57,Printemps,116.75,107.11,0
313,2024-12-31,Livres,34.74,1,24,M,Nantes,SEO,5.0,156,Printemps,32.44,28.13,0
314,2024-12-31,Livres,10.45,1,46,M,Paris,Email,3.4,86,Printemps,10.03,8.98,0
315,2024-12-31,Mode,101.65,1,21,M,Nantes,Facebook,3.1,21,Printemps,93.61,80.56,0
316,2024-12-31,Mode,84.38,2,21,F,Paris,SEO,3.3,49,Printemps,158.28,146.21,0
317,2024-12-31,Mode,79.09,2,39,F,Marseille,SEO,2.6,181,Printemps,166.99,149.37,0
318,2024-12-31,Livres,15.03,3,54,F,Paris,SEO,2.4,185,Printemps,49.14,46.12,0
319,2024-12-31,Électronique,701.28,2,30,F,Marseille,Facebook,2.0,106,Printemps,1451.26,1332.94,1
320,2024-12-31,Maison,94.35,2,43,M,Lyon,Google_Ads,2.3,69,Printemps,203.26,180.21,0
321,2024-12-31,Mode,86.4,2,47,M,Lille,Facebook,5.0,208,Printemps,166.51,144.11,0
322,2024-12-31,Mode,57.19,4,44,F,Toulouse,SEO,3.0,77,Printemps,244.59,235.54,0
323,2024-12-31,Mode,125.67,1,31,M,Marseille,Facebook,1.0,134,Printemps,121.62,114.93,0
324,2024-12-31,Livres,9.77,4,21,M,Toulouse,Instagram,3.2,92,Printemps,42.17,36.06,1
325,2024-12-31,Électronique,359.82,1,18,F,Nice,Facebook,2.1,64,Printemps,381.26,380.66,0
326,2024-12-31,Maison,103.62,4,31,F,Toulouse,Google_Ads,3.9,141,Printemps,454.55,430.17,1
327,2024-12-31,Électronique,504.5,1,49,F,Lyon,Instagram,3.7,48,Printemps,537.52,473.59,1
328,2024-12-31,Électronique,382.09,2,21,M,Lyon,SEO,3.9,55,Printemps,748.63,730.72,1
329,2024-12-31,Mode,80.41,2,43,F,Lyon,Email,3.8,39,Printemps,148.27,145.65,0
330,2024-12-31,Mode,117.57,2,23,M,Toulouse,Instagram,3.4,114,Printemps,252.73,236.57,1
331,2024-12-31,Mode,101.93,1,36,F,Lyon,Instagram,2.2,74,Printemps,103.38,101.6,0
332,2024-12-31,Mode,89.05,1,43,M,Marseille,Google_Ads,3.7,402,Printemps,95.42,81.53,1
333,2024-12-31,Électronique,285.08,2,27,F,Toulouse,Google_Ads,4.9,134,Printemps,557.28,552.7,1
334,2024-12-31,Mode,100.16,2,37,M,Toulouse,Google_Ads,5.0,82,Printemps,181.46,155.79,1
335,2024-12-31,Livres,13.49,1,30,M,Nice,SEO,3.5,81,Printemps,12.29,11.63,0
336,2024-12-31,Livres,30.23,2,43,F,Paris,Instagram,3.7,103,Printemps,62.53,56.39,0
337,2024-12-31,Mode,56.88,1,37,M,Lyon,SEO,4.4,67,Printemps,52.49,44.93,0
338,2024-12-31,Maison,135.07,4,35,M,Bordeaux,Facebook,5.0,29,Printemps,566.8,560.79,1
339,2024-12-31,Livres,18.46,2,53,M,Lyon,Instagram,3.3,38,Printemps,36.33,31.62,0
340,2024-12-31,Électronique,804.7,1,42,F,Nice,Google_Ads,4.6,73,Printemps,814.86,796.98,1
341,2024-12-31,Sport,58.63,1,26,F,Paris,SEO,2.9,32,Printemps,62.17,55.92,0
342,2024-12-31,Livres,24.27,2,33,M,Paris,SEO,4.2,94,Printemps,46.15,44.36,1
343,2024-12-31,Électronique,320.89,1,34,M,Lille,Instagram,4.9,180,Printemps,315.3,280.03,1
344,2024-12-31,Électronique,700.74,1,35,F,Lille,Direct,2.4,48,Printemps,732.91,687.11,1
345,2024-12-31,Livres,33.44,1,65,M,Toulouse,Email,3.2,65,Printemps,36.24,35.15,1
346,2024-12-31,Mode,74.87,1,39,F,Lyon,Direct,4.9,91,Printemps,71.73,67.07,0
347,2024-12-31,Électronique,554.46,1,18,M,Lyon,Instagram,4.5,80,Printemps,568.07,508.98,1
348,2024-12-31,Mode,122.92,2,28,F,Nantes,SEO,4.9,100,Printemps,268.03,237.21,0
349,2024-12-31,Mode,83.3,3,18,F,Toulouse,Instagram,4.7,31,Printemps,257.33,225.48,1
350,2024-12-31,Maison,147.77,7,31,F,Nantes,Google_Ads,3.4,168,Printemps,1115.63,1088.66,1
351,2024-12-31,Maison,164.1,1,18,F,Lille,SEO,5.0,87,Printemps,178.53,168.11,0
352,2024-12-31,Livres,27.61,3,24,M,Lyon,Instagram,4.0,53,Printemps,89.94,83.31,0
353,2024-12-31,Mode,42.92,1,18,M,Nantes,SEO,1.0,80,Printemps,45.14,40.06,0
354,2024-12-31,Mode,112.56,1,39,F,Bordeaux,Facebook,3.5,154,Printemps,113.73,104.07,0
355,2024-12-31,Mode,74.96,1,35,F,Marseille,Instagram,3.3,45,Printemps,68.92,64.99,0
356,2024-12-31,Mode,39.55,2,38,M,Lille,SEO,4.7,120,Printemps,74.72,64.32,0
357,2024-12-31,Électronique,755.67,1,33,F,Lille,Instagram,3.3,183,Printemps,718.76,649.84,1
358,2024-12-31,Livres,19.18,4,18,F,Paris,Instagram,5.0,215,Printemps,69.55,61.62,0
359,2024-12-31,Sport,55.3,1,41,M,Lyon,Facebook,4.4,150,Printemps,50.89,48.2,1
360,2024-12-31,Mode,94.29,2,58,M,Lille,Google_Ads,2.7,57,Printemps,180.85,170.16,0
361,2024-12-31,Maison,218.42,3,39,M,Lille,SEO,3.6,47,Printemps,601.64,538.41,1
362,2024-12-31,Électronique,824.23,3,29,F,Nice,Google_Ads,2.9,50,Printemps,2309.27,1977.3,1
363,2024-12-31,Mode,125.87,1,18,M,Nantes,SEO,4.0,194,Printemps,114.65,100.6,0
364,2024-12-31,Maison,216.19,2,24,M,Bordeaux,Instagram,2.9,116,Printemps,425.16,371.59,0
365,2024-12-31,Mode,32.71,1,40,F,Toulouse,Facebook,3.9,146,Printemps,34.81,32.56,0
366,2024-12-31,Livres,19.27,1,47,M,Lyon,Direct,3.5,85,Printemps,20.47,17.92,1
367,2024-12-31,Maison,207.34,3,38,M,Nice,Facebook,3.6,30,Printemps,672.38,620.17,1
368,2024-12-31,Mode,68.21,1,44,F,Marseille,SEO,5.0,122,Printemps,71.56,67.42,1
369,2024-12-31,Sport,119.2,1,43,F,Bordeaux,Facebook,3.4,50,Printemps,113.11,111.06,0
370,2024-12-31,Électronique,634.26,1,41,M,Marseille,Instagram,1.7,134,Printemps,659.94,585.2,0
371,2024-12-31,Mode,68.09,3,27,F,Paris,Facebook,4.9,60,Printemps,214.64,188.43,0
372,2024-12-31,Mode,120.69,1,37,F,Lille,SEO,4.9,112,Printemps,121.73,106.63,0
373,2024-12-31,Mode,81.56,1,24,F,Nantes,Facebook,1.6,103,Printemps,86.57,78.27,0
374,2024-12-31,Sport,101.76,1,35,F,Bordeaux,SEO,3.0,382,Printemps,93.03,88.14,1
375,2024-12-31,Mode,129.76,2,38,F,Nice,Google_Ads,4.3,89,Printemps,264.43,251.42,0
376,2024-12-31,Sport,105.42,3,55,M,Marseille,Facebook,4.4,92,Printemps,314.99,277.71,0
377,2024-12-31,Maison,92.11,2,19,F,Lyon,SEO,3.8,167,Printemps,195.47,170.0,0
378,2024-12-31,Mode,82.52,1,40,M,Paris,Email,3.8,79,Printemps,76.38,70.07,0
379,2024-12-31,Sport,146.29,3,52,F,Nice,Facebook,2.8,63,Printemps,413.64,360.35,1
380,2024-12-31,Électronique,749.38,1,44,F,Toulouse,Instagram,1.2,45,Printemps,758.18,736.9,1
381,2024-12-31,Électronique,757.29,1,44,F,Paris,SEO,5.0,105,Printemps,825.03,711.65,1
382,2024-12-31,Mode,101.53,1,42,F,Lille,Facebook,2.7,58,Printemps,93.07,89.61,0
383,2024-12-31,Mode,57.29,4,50,F,Lille,Instagram,4.0,203,Printemps,240.3,205.79,1
384,2024-12-31,Électronique,806.91,1,21,M,Marseille,Email,3.6,139,Printemps,759.36,737.38,1
385,2024-12-31,Maison,220.82,1,18,M,Marseille,SEO,4.8,108,Printemps,203.39,192.02,0
386,2024-12-31,Mode,51.43,1,34,F,Paris,SEO,3.9,94,Printemps,50.35,45.23,0
387,2024-12-31,Mode,45.22,1,18,F,Marseille,Email,4.0,59,Printemps,45.97,41.87,0
388,2024-12-31,Livres,35.34,1,49,F,Lille,Direct,1.0,64,Printemps,37.65,35.81,0
389,2024-12-31,Maison,216.3,3,49,M,Paris,SEO,2.9,75,Printemps,666.38,584.97,1
390,2024-12-31,Sport,156.39,1,29,M,Paris,Google_Ads,4.6,276,Printemps,156.13,153.56,1
391,2024-12-31,Électronique,823.3,3,30,F,Toulouse,Instagram,4.5,84,Printemps,2364.04,2180.66,1
392,2024-12-31,Maison,157.5,1,34,F,Lyon,Google_Ads,2.8,110,Printemps,150.97,145.54,0
393,2024-12-31,Sport,124.92,2,35,M,Lyon,Email,2.1,106,Printemps,263.35,243.87,0
394,2024-12-31,Maison,158.17,1,36,F,Marseille,SEO,3.9,51,Printemps,145.96,133.97,0
395,2024-12-31,Maison,69.22,2,41,M,Nice,Instagram,1.0,58,Printemps,128.65,118.41,0
396,2024-12-31,Mode,105.19,1,32,F,Marseille,SEO,2.5,123,Printemps,109.81,99.32,0
397,2024-12-31,Électronique,566.1,1,46,M,Nice,SEO,5.0,53,Printemps,618.3,593.51,1
398,2024-12-31,Mode,95.65,1,40,M,Lille,SEO,5.0,328,Printemps,88.39,86.35,1
399,2024-12-31,Mode,81.51,2,27,M,Nice,Google_Ads,4.3,102,Printemps,166.58,162.94,0
400,2024-12-31,Sport,105.21,2,51,M,Lille,Instagram,4.1,66,Printemps,199.44,173.14,0
401,2024-12-31,Électronique,340.96,1,18,F,Lyon,Facebook,1.7,34,Printemps,308.62,297.57,0
402,2024-12-31,Livres,16.53,1,33,F,Paris,Google_Ads,3.0,206,Printemps,17.62,15.51,0
403,2024-12-31,Livres,13.29,3,46,F,Bordeaux,Facebook,3.5,78,Printemps,39.94,34.02,0
404,2024-12-31,Électronique,357.07,3,26,M,Nantes,Instagram,3.0,111,Printemps,969.22,863.88,1
405,2024-12-31,Mode,127.37,2,38,M,Nantes,SEO,3.4,44,Printemps,274.88,245.72,0
406,2024-12-31,Sport,62.02,4,41,F,Toulouse,Facebook,5.0,66,Printemps,249.86,242.73,0
407,2024-12-31,Livres,16.27,1,24,F,Bordeaux,SEO,3.2,152,Printemps,17.04,16.38,0
408,2024-12-31,Mode,90.08,4,34,M,Nice,Google_Ads,3.4,211,Printemps,354.82,306.1,1
409,2024-12-31,Mode,91.99,3,33,M,Toulouse,Instagram,4.6,57,Printemps,258.58,232.44,1
410,2024-12-31,Mode,47.51,4,28,M,Marseille,Google_Ads,2.2,100,Printemps,188.74,167.54,0
411,2024-12-31,Maison,202.87,1,62,F,Nantes,Facebook,2.9,107,Printemps,194.25,182.47,0
412,2024-12-31,Mode,109.06,2,25,F,Toulouse,Facebook,3.0,149,Printemps,209.25,194.86,0
413,2024-12-31,Maison,102.72,1,47,F,Nantes,Instagram,3.9,125,Printemps,105.67,100.58,1
414,2024-12-31,Électronique,419.85,3,30,M,Bordeaux,Instagram,3.4,132,Printemps,1157.29,1141.8,1
415,2024-12-31,Électronique,858.14,2,21,M,Toulouse,Email,3.5,29,Printemps,1680.93,1534.96,1
416,2024-12-31,Mode,113.0,2,36,M,Bordeaux,SEO,3.1,107,Printemps,228.11,216.34,0
417,2024-12-31,Mode,100.54,2,42,M,Lyon,SEO,2.6,37,Printemps,209.51,206.94,0
418,2024-12-31,Mode,40.52,1,46,M,Paris,Facebook,4.5,115,Printemps,41.59,38.74,0
419,2024-12-31,Mode,73.28,1,53,M,Lille,Google_Ads,3.4,169,Printemps,78.94,70.75,1
420,2024-12-31,Mode,87.03,2,70,M,Nice,Instagram,4.5,110,Printemps,191.21,174.08,0
421,2024-12-31,Électronique,351.5,2,38,M,Lyon,Google_Ads,2.6,123,Printemps,764.51,736.37,1
422,2024-12-31,Mode,76.2,1,27,F,Nantes,Facebook,3.1,147,Printemps,80.23,76.86,0
423,2024-12-31,Livres,25.23,1,40,M,Lille,SEO,3.6,145,Printemps,26.17,25.18,0
424,2024-12-31,Mode,64.42,1,31,F,Lyon,Facebook,3.7,107,Printemps,58.43,56.18,0
425,2024-12-31,Mode,108.64,1,46,F,Lyon,Google_Ads,4.6,122,Printemps,109.37,108.07,0
426,2024-12-31,Maison,211.28,3,19,M,Bordeaux,Direct,3.3,164,Printemps,654.6,631.42,0
427,2024-12-31,Livres,17.74,1,63,M,Lille,SEO,4.6,351,Printemps,17.43,17.05,1
428,2024-12-31,Électronique,791.09,1,45,M,Lyon,Google_Ads,4.2,59,Printemps,772.87,723.45,1
429,2024-12-31,Maison,78.64,1,18,F,Bordeaux,Instagram,3.7,68,Printemps,79.31,75.08,0
430,2024-12-31,Maison,210.79,2,26,M,Marseille,SEO,2.8,136,Printemps,455.87,453.66,1
431,2024-12-31,Maison,87.5,6,44,M,Lille,Facebook,4.6,283,Printemps,499.87,490.14,1
432,2024-12-31,Électronique,280.98,3,49,F,Nice,SEO,2.8,35,Printemps,825.91,798.33,1
433,2024-12-31,Maison,175.52,1,19,M,Toulouse,Instagram,3.8,42,Printemps,180.89,172.36,0
434,2024-12-31,Électronique,543.56,1,43,F,Lyon,Instagram,3.7,95,Printemps,509.42,460.41,1
435,2024-12-31,Maison,223.42,1,18,F,Nantes,Instagram,3.6,152,Printemps,238.39,222.23,0
436,2024-12-31,Maison,125.37,3,33,M,Marseille,Facebook,3.4,92,Printemps,388.61,333.54,0
437,2024-12-31,Électronique,418.83,4,48,F,Bordeaux,Instagram,2.9,95,Printemps,1625.81,1483.43,1
438,2024-12-31,Sport,106.34,2,28,F,Lyon,Facebook,2.0,45,Printemps,222.14,192.55,1
439,2024-12-31,Électronique,532.76,1,18,F,Nantes,Instagram,5.0,101,Printemps,509.25,488.52,0
440,2024-12-31,Sport,86.41,3,36,F,Bordeaux,Facebook,3.3,61,Printemps,273.47,269.06,0
441,2024-12-31,Mode,100.14,1,27,F,Bordeaux,Email,3.7,110,Printemps,91.54,80.2,0
442,2024-12-31,Électronique,737.7,1,42,F,Toulouse,Instagram,3.7,80,Printemps,726.9,644.65,1
443,2024-12-31,Électronique,800.76,3,24,F,Nantes,Facebook,5.0,63,Printemps,2287.77,2238.69,1
444,2024-12-31,Livres,35.27,3,25,F,Bordeaux,Facebook,5.0,251,Printemps,112.5,105.51,0
445,2024-12-31,Électronique,404.99,2,18,F,Lille,Facebook,4.0,141,Printemps,850.93,798.38,1
446,2024-12-31,Électronique,708.36,1,37,F,Toulouse,Instagram,3.6,110,Printemps,756.8,707.17,1
447,2024-12-31,Mode,70.94,2,33,M,Marseille,Facebook,2.6,53,Printemps,146.18,129.04,0
448,2024-12-31,Maison,181.87,1,20,M,Toulouse,SEO,2.2,117,Printemps,192.62,170.75,0
449,2024-12-31,Mode,78.91,2,37,F,Marseille,Instagram,1.8,42,Printemps,155.88,154.71,1
450,2024-12-31,Électronique,895.8,1,47,M,Paris,Facebook,2.9,53,Printemps,927.7,889.22,0
451,2024-12-31,Mode,103.57,3,32,M,Toulouse,SEO,1.5,71,Printemps,281.57,243.15,0
452,2024-12-31,Électronique,867.93,2,38,M,Toulouse,Facebook,5.0,111,Printemps,1868.04,1650.3,1
453,2024-12-31,Électronique,788.6,4,38,F,Nice,Google_Ads,4.3,73,Printemps,3270.99,3088.03,1
454,2024-12-31,Mode,120.53,2,20,M,Lyon,Google_Ads,3.5,37,Printemps,258.72,230.91,0
455,2024-12-31,Maison,206.6,3,59,F,Toulouse,SEO,5.0,86,Printemps,653.36,580.03,1
456,2024-12-31,Électronique,534.93,3,29,F,Bordeaux,Direct,2.6,187,Printemps,1536.23,1352.43,1
457,2024-12-31,Mode,57.05,1,42,F,Nice,Facebook,2.9,30,Printemps,54.46,47.81,0
458,2024-12-31,Mode,68.61,2,44,F,Lyon,Instagram,1.7,101,Printemps,145.44,137.0,0
459,2024-12-31,Livres,9.55,5,33,M,Nice,Instagram,4.7,89,Printemps,44.72,44.09,0
460,2024-12-31,Livres,23.15,1,42,M,Nice,Facebook,2.9,39,Printemps,21.35,19.3,0
461,2024-12-31,Sport,106.89,2,37,M,Marseille,Email,3.8,193,Printemps,193.05,167.61,0
462,2024-12-31,Électronique,579.54,3,18,F,Marseille,Facebook,4.9,69,Printemps,1668.54,1449.37,1
463,2024-12-31,Électronique,882.47,2,31,F,Bordeaux,Google_Ads,5.0,262,Printemps,1623.49,1607.34,1
464,2024-12-31,Mode,121.37,3,27,F,Lille,Instagram,3.8,104,Printemps,386.07,358.78,1
465,2024-12-31,Mode,48.27,1,29,F,Nantes,Instagram,4.2,115,Printemps,48.12,44.27,0
466,2024-12-31,Mode,68.47,3,19,M,Bordeaux,Instagram,2.8,72,Printemps,195.23,192.03,0
467,2024-12-31,Sport,96.55,3,48,M,Bordeaux,Google_Ads,5.0,186,Printemps,295.58,273.72,1
468,2024-12-31,Sport,88.47,1,54,M,Paris,Instagram,3.6,83,Printemps,80.87,74.57,0
469,2024-12-31,Sport,144.31,1,46,M,Nantes,SEO,3.9,175,Printemps,150.83,149.17,0
470,2024-12-31,Mode,83.59,1,50,F,Nice,Instagram,3.4,108,Printemps,83.62,77.03,0
471,2024-12-31,Maison,162.98,3,30,F,Nice,Email,5.0,87,Printemps,440.67,400.42,1
472,2024-12-31,Mode,115.67,1,27,F,Toulouse,Google_Ads,4.0,35,Printemps,111.49,104.49,0
473,2024-12-31,Électronique,769.0,2,25,F,Nice,Instagram,4.6,217,Printemps,1614.96,1609.45,1
474,2024-12-31,Maison,83.8,3,42,M,Lille,Email,4.2,105,Printemps,235.71,234.43,1
475,2024-12-31,Électronique,706.89,1,37,F,Nice,SEO,3.6,64,Printemps,772.19,746.2,1
476,2024-12-31,Mode,74.96,1,34,F,Lyon,SEO,4.8,154,Printemps,80.9,74.82,0
477,2024-12-31,Mode,61.23,1,50,M,Nantes,SEO,4.2,117,Printemps,64.64,63.49,0
478,2024-12-31,Maison,69.0,1,39,M,Lille,SEO,2.7,101,Printemps,63.19,57.68,0
479,2024-12-31,Sport,104.62,1,24,F,Bordeaux,SEO,2.7,342,Printemps,101.57,96.08,0
480,2024-12-31,Mode,67.16,2,26,M,Bordeaux,Google_Ads,4.0,60,Printemps,128.89,113.02,0
481,2024-12-31,Sport,74.57,3,43,F,Bordeaux,Facebook,4.8,158,Printemps,207.49,196.95,1
482,2024-12-31,Mode,100.23,4,47,M,Bordeaux,Facebook,5.0,222,Printemps,440.98,393.1,1
483,2024-12-31,Mode,107.52,1,41,F,Bordeaux,Google_Ads,1.8,66,Printemps,99.94,96.52,0
484,2024-12-31,Maison,104.06,2,57,F,Nantes,Google_Ads,3.8,57,Printemps,200.44,182.82,0
485,2024-12-31,Maison,68.9,2,54,M,Toulouse,Instagram,4.3,84,Printemps,148.28,134.9,0
486,2024-12-31,Livres,31.92,3,40,F,Nantes,Facebook,4.1,114,Printemps,88.94,85.56,0
487,2024-12-31,Électronique,231.72,2,24,M,Toulouse,Facebook,4.9,200,Printemps,460.62,420.91,1
488,2024-12-31,Maison,228.68,3,19,M,Nantes,Email,4.5,65,Printemps,751.31,719.08,1
489,2024-12-31,Maison,172.97,2,30,F,Lille,Instagram,2.7,72,Printemps,328.46,321.32,1
490,2024-12-31,Livres,17.69,2,44,M,Bordeaux,SEO,2.7,129,Printemps,36.82,32.05,0
491,2024-12-31,Électronique,391.37,1,56,F,Marseille,Google_Ads,4.1,163,Printemps,358.5,330.48,0
492,2024-12-31,Sport,43.65,1,40,F,Nantes,Google_Ads,4.9,186,Printemps,44.53,44.16,0
493,2024-12-31,Maison,102.38,2,49,M,Marseille,Instagram,4.0,40,Printemps,198.18,192.59,0
494,2024-12-31,Mode,45.93,1,32,M,Nice,Facebook,2.1,245,Printemps,47.76,47.57,0
495,2024-12-31,Mode,92.19,3,42,F,Paris,SEO,2.6,63,Printemps,272.85,267.13,0
496,2024-12-31,Mode,48.74,1,44,M,Nice,Direct,4.6,307,Printemps,46.78,41.94,1
497,2024-12-31,Maison,155.15,1,18,M,Lyon,SEO,3.4,305,Printemps,156.58,137.3,1
498,2024-12-31,Sport,117.74,2,30,M,Nantes,SEO,3.9,37,Printemps,218.51,192.63,0
499,2024-12-31,Maison,113.65,3,46,F,Marseille,SEO,5.0,156,Printemps,362.38,319.82,1
500,2024-12-31,Maison,66.31,1,38,F,Paris,Instagram,2.5,67,Printemps,69.64,59.98,0
501,2024-12-31,Mode,36.13,2,20,F,Lille,SEO,3.3,91,Printemps,72.91,71.9,0
502,2024-12-31,Électronique,242.78,2,18,F,Lyon,Google_Ads,3.2,151,Printemps,472.66,437.39,1
503,2024-12-31,Électronique,723.91,3,30,M,Toulouse,Email,4.2,52,Printemps,2352.08,2035.0,1
504,2024-12-31,Mode,63.51,3,34,M,Nice,Instagram,4.7,80,Printemps,195.64,188.68,0
505,2024-12-31,Mode,110.14,2,24,F,Bordeaux,Facebook,2.2,117,Printemps,210.8,189.47,1
506,2024-12-31,Électronique,516.42,2,36,F,Nantes,SEO,3.8,116,Printemps,1096.2,943.45,1
507,2024-12-31,Mode,76.67,1,41,F,Nantes,Instagram,4.8,173,Printemps,78.74,69.17,0
508,2024-12-31,Mode,82.51,2,43,F,Bordeaux,Instagram,1.8,58,Printemps,152.7,144.86,0
509,2024-12-31,Mode,102.02,2,18,M,Nice,Instagram,3.7,48,Printemps,188.3,182.48,1
510,2024-12-31,Mode,59.17,1,19,M,Nice,Facebook,2.5,273,Printemps,64.35,57.15,1
511,2024-12-31,Électronique,307.07,2,31,M,Toulouse,SEO,3.1,55,Printemps,588.09,550.78,1
512,2024-12-31,Livres,24.01,1,41,F,Lille,Email,1.0,39,Printemps,24.8,21.08,0
513,2024-12-31,Sport,84.19,1,40,M,Lyon,Google_Ads,5.0,68,Printemps,76.38,68.12,1
514,2024-12-31,Maison,139.65,1,40,M,Nantes,Google_Ads,3.4,101,Printemps,141.23,123.89,0
515,2024-12-31,Électronique,661.69,3,30,M,Marseille,Email,2.9,101,Printemps,1878.32,1618.14,1
516,2024-12-31,Sport,105.5,2,31,M,Nice,Email,4.2,42,Printemps,195.79,180.64,0
517,2024-12-31,Sport,121.59,2,26,F,Toulouse,Facebook,2.7,50,Printemps,256.47,242.28,0
518,2024-12-31,Sport,111.89,1,44,F,Nice,Facebook,2.5,150,Printemps,118.81,101.82,0
519,2024-12-31,Électronique,724.36,2,23,M,Lyon,Instagram,5.0,86,Printemps,1511.08,1315.67,1
520,2024-12-31,Maison,187.07,2,45,M,Paris,Google_Ads,5.0,126,Printemps,337.56,334.13,1
521,2024-12-31,Sport,110.61,1,37,M,Toulouse,Facebook,3.1,53,Printemps,105.85,93.52,0
522,2024-12-31,Maison,182.2,2,34,F,Nice,Email,5.0,144,Printemps,354.27,341.52,1
523,2024-12-31,Maison,217.24,1,27,M,Nantes,Instagram,4.2,58,Printemps,225.53,217.0,0
524,2024-12-31,Mode,74.65,1,18,F,Lille,Instagram,2.2,39,Printemps,78.46,70.48,0
525,2024-12-31,Mode,72.74,3,27,M,Toulouse,Instagram,2.8,28,Printemps,223.81,197.09,0
526,2024-12-31,Électronique,740.87,1,31,M,Marseille,Google_Ads,5.0,103,Printemps,783.7,694.82,1
527,2024-12-31,Maison,164.86,1,18,M,Lyon,SEO,2.2,114,Printemps,162.46,151.88,0
528,2024-12-31,Électronique,272.93,2,32,M,Toulouse,Facebook,5.0,150,Printemps,550.43,499.33,1
529,2024-12-31,Mode,119.48,1,46,F,Lyon,Instagram,3.2,97,Printemps,109.07,100.82,1
530,2024-12-31,Mode,35.5,4,41,F,Marseille,SEO,5.0,187,Printemps,139.94,135.98,1
531,2024-12-31,Mode,105.47,1,29,F,Paris,Instagram,3.5,41,Printemps,104.05,96.28,0
532,2024-12-31,Électronique,737.19,2,35,F,Paris,Facebook,4.7,47,Printemps,1507.26,1506.18,1
533,2024-12-31,Maison,231.56,3,28,M,Toulouse,SEO,5.0,59,Printemps,677.72,643.74,1
534,2024-12-31,Sport,49.4,6,36,F,Lyon,Facebook,5.0,82,Printemps,280.91,247.5,1
535,2024-12-31,Électronique,627.88,1,53,M,Bordeaux,Direct,3.2,86,Printemps,594.93,550.26,1
536,2024-12-31,Électronique,513.79,1,46,F,Marseille,Direct,2.9,163,Printemps,476.17,462.84,1
537,2024-12-31,Électronique,448.18,3,41,M,Nice,Facebook,3.7,77,Printemps,1398.59,1234.6,1
538,2024-12-31,Sport,54.02,1,29,M,Nantes,Facebook,2.4,122,Printemps,55.34,53.09,0
539,2024-12-31,Mode,87.36,1,43,F,Nice,Instagram,4.1,129,Printemps,88.74,75.88,0
540,2024-12-31,Mode,79.21,2,18,F,Toulouse,Direct,2.9,163,Printemps,159.4,158.02,0
541,2024-12-31,Électronique,295.57,3,31,F,Paris,Instagram,5.0,133,Printemps,863.23,819.64,1
542,2024-12-31,Maison,170.25,2,42,M,Nantes,Facebook,3.2,174,Printemps,358.8,313.73,1
543,2024-12-31,Sport,136.59,4,43,M,Paris,SEO,1.9,26,Printemps,592.47,581.3,1
544,2024-12-31,Sport,140.33,2,43,F,Paris,Instagram,5.0,88,Printemps,277.29,239.1,0
545,2024-12-31,Maison,222.97,1,38,M,Lille,SEO,4.0,36,Printemps,218.91,199.41,0
546,2024-12-31,Électronique,501.39,1,32,F,Toulouse,Google_Ads,3.8,53,Printemps,467.57,449.12,1
547,2024-12-31,Électronique,868.32,4,41,M,Nantes,Facebook,5.0,56,Printemps,3591.88,3558.16,1
548,2024-12-31,Électronique,809.16,4,23,F,Bordeaux,Facebook,4.8,201,Printemps,3274.26,2954.44,1
549,2024-12-31,Mode,61.41,1,24,M,Paris,Instagram,3.0,76,Printemps,67.4,65.69,0
550,2024-12-31,Électronique,332.52,1,35,M,Bordeaux,Google_Ads,3.3,277,Printemps,338.12,297.38,1
551,2024-12-31,Mode,74.95,2,37,M,Lyon,SEO,2.6,69,Printemps,143.56,122.79,0
552,2024-12-31,Mode,71.69,1,18,F,Lyon,Instagram,2.2,29,Printemps,72.59,62.01,0
553,2024-12-31,Livres,24.54,4,40,F,Nice,Google_Ads,4.4,78,Printemps,107.69,102.17,0
554,2024-12-31,Maison,165.01,1,44,M,Nice,Email,4.2,126,Printemps,172.38,150.51,0
555,2024-12-31,Sport,138.12,1,34,F,Lille,Instagram,4.6,116,Printemps,127.86,109.65,0
556,2024-12-31,Maison,151.78,3,63,F,Nice,Facebook,5.0,104,Printemps,441.06,439.52,1
557,2024-12-31,Électronique,295.76,5,26,M,Bordeaux,Facebook,4.7,123,Printemps,1419.24,1257.87,1
558,2024-12-31,Maison,214.49,1,30,F,Marseille,Email,4.7,171,Printemps,229.8,211.27,0
559,2024-12-31,Mode,62.7,1,30,F,Lille,SEO,1.5,21,Printemps,64.1,60.38,0
560,2024-12-31,Maison,234.83,4,34,M,Paris,Instagram,3.5,97,Printemps,997.59,869.57,1
561,2024-12-31,Mode,43.99,2,31,F,Lyon,SEO,4.9,56,Printemps,82.29,74.35,0
562,2024-12-31,Livres,34.87,1,18,F,Nice,SEO,2.5,116,Printemps,37.72,35.73,0
563,2024-12-31,Mode,41.37,1,28,M,Toulouse,SEO,3.9,55,Printemps,37.72,35.68,0
564,2024-12-31,Mode,55.03,2,33,M,Lyon,Direct,4.4,58,Printemps,107.3,104.76,0
565,2024-12-31,Livres,10.26,5,49,F,Marseille,Instagram,4.3,44,Printemps,46.3,42.4,0
566,2024-12-31,Électronique,700.95,3,61,M,Lille,Email,4.2,99,Printemps,1970.07,1937.51,1
567,2024-12-31,Maison,213.05,1,51,M,Bordeaux,Instagram,4.5,37,Printemps,232.75,221.65,0
568,2024-12-31,Maison,138.13,1,25,F,Toulouse,Email,4.0,42,Printemps,126.49,118.18,0
569,2024-12-31,Sport,160.89,2,26,F,Lyon,Google_Ads,2.2,83,Printemps,298.95,259.36,0
570,2024-12-31,Livres,24.94,6,33,F,Paris,SEO,4.4,84,Printemps,162.34,151.99,0
571,2024-12-31,Livres,26.01,3,56,M,Marseille,Facebook,4.1,81,Printemps,81.31,76.37,0
572,2024-12-31,Électronique,795.66,1,33,M,Marseille,Instagram,2.2,26,Printemps,780.85,752.6,1
573,2024-12-31,Sport,80.34,1,19,F,Nantes,Instagram,5.0,108,Printemps,73.41,70.32,0
574,2024-12-31,Maison,123.77,1,28,M,Marseille,Instagram,4.4,108,Printemps,130.82,121.6,0
575,2024-12-31,Maison,223.07,2,44,M,Paris,Instagram,2.3,144,Printemps,445.49,418.28,0
576,2024-12-31,Électronique,833.15,2,43,F,Marseille,Google_Ads,2.9,114,Printemps,1607.32,1552.43,1
577,2024-12-31,Maison,235.77,2,32,M,Nice,Google_Ads,3.2,47,Printemps,458.4,413.81,1
578,2024-12-31,Livres,33.35,2,43,F,Bordeaux,Instagram,3.2,46,Printemps,66.77,58.11,0
579,2024-12-31,Livres,12.44,1,18,M,Nantes,Email,4.1,180,Printemps,12.57,12.33,0
580,2024-12-31,Mode,112.81,2,36,M,Nice,Email,2.7,142,Printemps,239.98,238.72,0
581,2024-12-31,Électronique,501.64,1,45,M,Bordeaux,SEO,5.0,96,Printemps,528.9,483.62,1
582,2024-12-31,Mode,129.1,1,25,M,Toulouse,SEO,5.0,149,Printemps,136.0,135.8,0
583,2024-12-31,Sport,102.72,5,24,M,Lille,Instagram,4.5,158,Printemps,537.13,482.56,1
584,2024-12-31,Maison,159.69,1,18,M,Lille,Facebook,3.8,38,Printemps,167.92,144.41,0
585,2024-12-31,Mode,84.15,1,54,M,Toulouse,Instagram,4.8,49,Printemps,87.14,81.55,0
586,2024-12-31,Électronique,442.17,1,26,M,Nice,Instagram,3.5,69,Printemps,474.72,465.33,0
587,2024-12-31,Mode,39.81,1,37,M,Toulouse,Google_Ads,3.0,164,Printemps,40.27,37.96,0
588,2024-12-31,Mode,119.83,3,42,F,Nice,Facebook,5.0,264,Printemps,360.98,307.34,1
589,2024-12-31,Livres,30.67,1,53,M,Nice,SEO,4.1,104,Printemps,31.91,27.18,0
590,2024-12-31,Maison,85.11,2,33,M,Bordeaux,Email,3.0,44,Printemps,158.86,152.29,0
591,2024-12-31,Mode,108.23,1,28,M,Paris,Google_Ads,3.3,49,Printemps,114.23,111.58,0
592,2024-12-31,Mode,93.52,2,37,M,Nantes,Instagram,3.0,68,Printemps,203.36,180.57,0
593,2024-12-31,Électronique,501.17,1,50,F,Lille,Google_Ads,5.0,81,Printemps,480.75,442.54,0
594,2024-12-31,Livres,15.86,1,32,F,Nice,SEO,3.8,51,Printemps,16.21,16.12,0
595,2024-12-31,Mode,116.32,3,23,F,Marseille,Facebook,4.0,80,Printemps,316.35,290.75,0
596,2024-12-31,Mode,100.77,1,18,M,Toulouse,SEO,4.6,34,Printemps,106.13,92.37,0
597,2024-12-31,Mode,85.9,1,20,M,Bordeaux,SEO,2.5,72,Printemps,86.93,85.78,0
598,2024-12-31,Maison,169.72,4,45,M,Lyon,Instagram,5.0,64,Printemps,702.47,649.27,1
599,2024-12-31,Maison,76.39,2,31,F,Paris,SEO,3.1,52,Printemps,141.87,127.92,0
600,2024-12-31,Maison,145.31,1,27,M,Paris,Facebook,5.0,131,Printemps,154.3,133.41,0
601,2024-12-31,Mode,51.39,1,26,M,Bordeaux,Google_Ads,3.5,118,Printemps,48.88,44.91,0
602,2024-12-31,Mode,52.82,1,36,M,Nice,SEO,4.9,78,Printemps,54.77,52.88,0
603,2024-12-31,Électronique,671.38,1,32,F,Lyon,SEO,1.1,33,Printemps,683.89,654.87,1
604,2024-12-31,Maison,224.03,1,31,M,Paris,Google_Ads,2.5,85,Printemps,230.92,213.48,0
605,2024-12-31,Électronique,497.54,1,51,M,Nantes,SEO,3.5,67,Printemps,452.78,433.73,0
606,2024-12-31,Maison,97.39,1,53,M,Lille,Instagram,1.6,111,Printemps,102.11,92.16,0
607,2024-12-31,Sport,125.22,1,18,M,Nantes,Facebook,4.5,125,Printemps,132.61,127.34,0
608,2024-12-31,Sport,153.58,2,38,M,Lyon,Google_Ads,4.1,132,Printemps,305.61,263.69,0
609,2024-12-31,Mode,105.46,4,25,F,Nantes,Google_Ads,2.7,25,Printemps,414.16,364.41,1
610,2024-12-31,Mode,117.2,2,32,F,Marseille,Google_Ads,3.8,216,Printemps,227.03,222.86,1
611,2024-12-31,Électronique,587.17,3,38,M,Toulouse,Instagram,4.7,107,Printemps,1912.27,1709.66,1
612,2024-12-31,Maison,195.34,1,32,F,Toulouse,Google_Ads,1.5,24,Printemps,205.3,180.85,0
613,2024-12-31,Sport,60.36,1,37,F,Lille,Instagram,2.4,66,Printemps,62.76,54.18,0
614,2024-12-31,Électronique,460.09,1,43,F,Lyon,Instagram,3.4,84,Printemps,499.25,453.79,0
615,2024-12-31,Mode,70.48,3,38,M,Bordeaux,Facebook,3.8,184,Printemps,205.05,176.35,0
616,2024-12-31,Sport,107.69,1,27,M,Nice,Google_Ads,3.7,122,Printemps,110.49,102.16,0
617,2024-12-31,Sport,160.96,2,27,F,Paris,SEO,4.8,117,Printemps,333.89,329.85,1
618,2024-12-31,Électronique,815.15,2,18,M,Lille,SEO,4.3,93,Printemps,1792.1,1734.88,1
619,2024-12-31,Maison,84.21,1,24,M,Bordeaux,Google_Ads,4.6,85,Printemps,82.99,71.05,0
620,2024-12-31,Électronique,341.63,2,58,F,Lyon,Email,2.3,32,Printemps,669.63,599.29,1
621,2024-12-31,Électronique,466.41,3,25,F,Marseille,Facebook,4.0,103,Printemps,1282.94,1126.61,1
622,2024-12-31,Livres,16.85,4,20,M,Paris,Instagram,3.5,49,Printemps,61.99,53.31,0
623,2024-12-31,Sport,120.88,1,38,M,Paris,Google_Ads,5.0,66,Printemps,121.17,104.97,0
624,2024-12-31,Sport,157.6,3,33,F,Lille,Google_Ads,4.0,128,Printemps,441.72,435.63,1
625,2024-12-31,Électronique,874.55,2,32,F,Bordeaux,Facebook,3.1,54,Printemps,1599.7,1434.15,1
626,2024-12-31,Sport,125.83,1,51,F,Toulouse,Instagram,4.7,34,Printemps,137.53,125.0,0
627,2024-12-31,Mode,114.22,1,41,F,Lyon,SEO,4.4,81,Printemps,124.53,114.93,0
628,2024-12-31,Mode,83.71,1,28,F,Lyon,Instagram,2.9,27,Printemps,80.78,77.69,0
629,2024-12-31,Mode,52.81,1,29,M,Bordeaux,Instagram,3.4,89,Printemps,55.87,54.18,0
630,2024-12-31,Électronique,579.16,2,28,M,Paris,Instagram,3.4,128,Printemps,1244.64,1237.86,1
631,2024-12-31,Sport,113.27,4,45,M,Nice,Facebook,5.0,89,Printemps,449.9,396.63,0
632,2024-12-31,Maison,193.64,1,31,F,Bordeaux,SEO,4.0,35,Printemps,182.94,163.76,0
633,2024-12-31,Électronique,373.42,1,18,M,Nantes,Google_Ads,4.6,154,Printemps,345.77,310.14,1
634,2024-12-31,Électronique,473.61,1,34,F,Toulouse,SEO,3.3,183,Printemps,439.59,403.01,1
635,2024-12-31,Électronique,470.72,2,18,F,Lyon,Facebook,4.2,78,Printemps,997.35,968.53,1
636,2024-12-31,Électronique,872.62,2,61,M,Nice,Google_Ads,5.0,66,Printemps,1704.9,1510.4,1
637,2024-12-31,Maison,139.91,1,23,M,Bordeaux,Facebook,3.4,35,Printemps,145.32,140.59,0
638,2024-12-31,Sport,138.77,2,33,F,Paris,Instagram,3.9,96,Printemps,279.7,246.3,1
639,2024-12-31,Électronique,731.8,4,38,M,Lille,Facebook,2.3,148,Printemps,2865.53,2740.94,1
640,2024-12-31,Électronique,404.24,1,31,M,Nice,Google_Ads,3.0,35,Printemps,373.83,362.56,0
641,2024-12-31,Maison,162.94,3,31,M,Nantes,Direct,3.4,28,Printemps,472.53,462.16,0
642,2024-12-31,Sport,156.52,1,40,M,Paris,Facebook,2.6,68,Printemps,167.17,154.89,0
643,2024-12-31,Mode,78.83,1,53,M,Marseille,Google_Ads,5.0,42,Printemps,83.74,75.31,0
644,2024-12-31,Mode,124.65,1,44,M,Marseille,SEO,2.9,80,Printemps,112.89,109.04,0
645,2024-12-31,Maison,98.6,3,52,M,Bordeaux,Email,4.7,112,Printemps,274.53,246.56,0
646,2024-12-31,Mode,39.73,1,22,F,Toulouse,Direct,4.0,109,Printemps,41.76,36.43,0
647,2024-12-31,Électronique,826.73,2,38,F,Toulouse,Facebook,3.8,124,Printemps,1599.14,1559.49,1
648,2024-12-31,Maison,212.58,1,36,M,Paris,Google_Ads,5.0,239,Printemps,218.69,199.37,0
649,2024-12-31,Maison,238.67,2,39,M,Paris,Facebook,1.3,109,Printemps,483.32,452.2,0
650,2024-12-31,Maison,182.29,1,51,F,Lyon,Instagram,3.6,146,Printemps,187.83,185.54,0
651,2024-12-31,Maison,228.6,1,32,M,Lille,Email,2.6,37,Printemps,208.2,181.21,1
652,2024-12-31,Maison,208.85,2,30,F,Nantes,Facebook,1.6,73,Printemps,453.72,423.58,1
653,2024-12-31,Électronique,794.99,1,41,M,Paris,Facebook,2.5,157,Printemps,718.82,671.25,0
654,2024-12-31,Mode,87.99,1,18,F,Nice,Google_Ads,3.8,63,Printemps,79.33,77.69,0
655,2024-12-31,Électronique,483.1,1,32,F,Nantes,Email,3.0,129,Printemps,456.64,411.52,1
656,2024-12-31,Électronique,855.83,4,33,M,Bordeaux,Google_Ads,4.8,272,Printemps,3761.18,3423.36,1
657,2024-12-31,Maison,137.78,1,23,F,Lyon,Instagram,3.6,49,Printemps,126.0,116.92,0
658,2024-12-31,Sport,111.2,2,47,F,Toulouse,Facebook,3.4,36,Printemps,239.06,209.19,0
659,2024-12-31,Livres,21.05,3,22,M,Nantes,Direct,3.4,105,Printemps,58.83,54.16,0
660,2024-12-31,Maison,161.67,1,33,M,Nantes,Facebook,3.7,83,Printemps,149.03,136.42,0
661,2024-12-31,Électronique,542.59,5,38,M,Nantes,Email,3.3,194,Printemps,2864.32,2519.48,1
662,2024-12-31,Électronique,257.38,1,51,M,Nantes,Google_Ads,2.9,42,Printemps,275.22,268.33,0
663,2024-12-31,Sport,154.96,1,34,F,Nantes,Google_Ads,4.9,192,Printemps,164.02,150.02,0
664,2024-12-31,Maison,139.99,2,46,M,Toulouse,Instagram,3.1,76,Printemps,265.48,237.85,1
665,2024-12-31,Maison,166.01,1,43,M,Lyon,Instagram,3.4,56,Printemps,178.62,155.32,0
666,2024-12-31,Sport,60.25,2,36,M,Bordeaux,Facebook,4.3,97,Printemps,110.18,95.13,0
667,2024-12-31,Maison,60.61,2,21,M,Nantes,Instagram,4.2,73,Printemps,117.39,116.69,0
668,2024-12-31,Sport,73.77,2,18,M,Nantes,Google_Ads,2.8,81,Printemps,146.46,146.36,0
669,2024-12-31,Électronique,700.6,4,36,M,Bordeaux,Google_Ads,4.6,181,Printemps,2560.11,2520.91,1
670,2024-12-31,Maison,77.86,1,28,F,Paris,Instagram,4.4,277,Printemps,79.1,72.68,0
671,2024-12-31,Sport,158.38,4,46,F,Paris,Google_Ads,4.0,86,Printemps,641.06,622.59,1
672,2024-12-31,Mode,53.46,2,43,M,Toulouse,Facebook,3.3,108,Printemps,117.46,114.54,0
673,2024-12-31,Maison,96.83,1,32,M,Lyon,Instagram,3.4,149,Printemps,99.18,88.77,0
674,2024-12-31,Mode,50.2,3,21,M,Lyon,Instagram,3.6,111,Printemps,147.51,138.35,0
675,2024-12-31,Livres,9.38,1,41,M,Lille,Email,2.4,52,Printemps,9.92,9.86,0
676,2024-12-31,Électronique,745.97,4,22,F,Lyon,Instagram,3.8,103,Printemps,2885.39,2573.79,1
677,2024-12-31,Maison,217.51,3,25,M,Toulouse,Instagram,4.8,91,Printemps,656.81,623.6,1
678,2024-12-31,Électronique,639.56,2,23,F,Bordeaux,Instagram,4.8,33,Printemps,1165.4,1106.41,1
679,2024-12-31,Maison,93.88,1,33,F,Nantes,Instagram,3.4,23,Printemps,90.55,83.11,0
680,2024-12-31,Électronique,417.56,2,49,F,Bordeaux,Facebook,5.0,115,Printemps,839.82,775.62,1
681,2024-12-31,Électronique,546.25,3,34,M,Toulouse,SEO,5.0,60,Printemps,1705.06,1566.02,1
682,2024-12-31,Mode,125.55,1,29,F,Lille,Google_Ads,3.5,152,Printemps,115.48,107.18,0
683,2024-12-31,Livres,15.68,3,18,M,Marseille,Instagram,4.6,63,Printemps,49.83,43.47,0
684,2024-12-31,Électronique,718.86,2,41,F,Toulouse,Facebook,1.3,50,Printemps,1552.79,1504.98,1
685,2024-12-31,Électronique,521.63,1,25,F,Toulouse,SEO,2.4,117,Printemps,498.78,473.43,1
686,2024-12-31,Sport,80.48,1,36,M,Marseille,Direct,3.9,74,Printemps,84.75,84.41,0
687,2024-12-31,Mode,76.95,2,30,M,Bordeaux,Facebook,2.7,47,Printemps,144.06,127.76,0
688,2024-12-31,Livres,10.92,4,45,F,Marseille,Google_Ads,5.0,133,Printemps,43.89,38.27,0
689,2024-12-31,Électronique,764.11,3,33,F,Toulouse,Google_Ads,4.5,345,Printemps,2428.8,2189.28,1
690,2024-12-31,Maison,103.79,1,34,M,Toulouse,Google_Ads,4.9,64,Printemps,101.44,93.98,0
691,2024-12-31,Électronique,714.65,1,40,F,Marseille,Google_Ads,3.8,145,Printemps,646.95,569.8,1
692,2024-12-31,Électronique,271.14,1,60,M,Nice,SEO,2.7,117,Printemps,273.3,251.19,0
693,2024-12-31,Maison,231.92,1,45,F,Toulouse,Google_Ads,3.2,270,Printemps,247.91,234.62,1
694,2024-12-31,Maison,94.74,1,33,F,Lille,Instagram,4.1,183,Printemps,87.32,74.96,1
695,2024-12-31,Sport,155.05,2,35,F,Toulouse,Google_Ads,3.1,83,Printemps,280.93,270.73,1
696,2024-12-31,Mode,111.42,2,28,M,Toulouse,Direct,4.5,126,Printemps,236.62,234.48,1
697,2024-12-31,Mode,126.87,2,23,M,Nantes,Email,4.6,37,Printemps,241.92,215.36,0
698,2024-12-31,Mode,79.09,2,28,F,Lyon,SEO,3.8,204,Printemps,153.9,148.73,1
699,2024-12-31,Livres,28.64,1,25,M,Lyon,Instagram,1.8,34,Printemps,26.27,23.98,0
700,2024-12-31,Mode,68.64,1,42,M,Marseille,Instagram,5.0,130,Printemps,63.11,59.93,1
701,2024-12-31,Mode,50.48,2,22,M,Paris,SEO,3.6,115,Printemps,103.26,99.28,0
702,2024-12-31,Mode,75.7,6,50,F,Lille,SEO,5.0,144,Printemps,458.94,410.41,1
703,2024-12-31,Maison,89.83,4,44,F,Nantes,Instagram,4.5,55,Printemps,344.42,333.44,1
704,2024-12-31,Mode,128.25,3,35,M,Nantes,Direct,3.6,86,Printemps,381.11,329.95,0
705,2024-12-31,Livres,11.6,1,35,F,Marseille,Facebook,4.3,144,Printemps,11.34,11.32,0
706,2024-12-31,Mode,89.95,1,28,F,Paris,Facebook,1.6,104,Printemps,93.46,84.16,0
707,2024-12-31,Sport,122.37,4,38,M,Paris,Facebook,4.9,302,Printemps,524.94,463.83,1
708,2024-12-31,Électronique,588.2,1,48,F,Nantes,Google_Ads,5.0,217,Printemps,619.39,539.36,1
709,2024-12-31,Maison,179.19,1,26,F,Lille,Direct,1.5,65,Printemps,161.43,156.88,1
710,2024-12-31,Livres,12.14,1,18,F,Lyon,Facebook,3.5,79,Printemps,11.16,10.47,0
711,2024-12-31,Électronique,599.64,2,43,M,Nantes,SEO,3.7,56,Printemps,1182.34,1173.76,1
712,2024-12-31,Livres,16.75,2,38,F,Nice,Facebook,4.8,144,Printemps,35.87,33.97,0
713,2024-12-31,Mode,124.17,4,21,M,Nice,Direct,5.0,38,Printemps,470.54,424.0,0
714,2024-12-31,Livres,29.58,2,26,M,Toulouse,Instagram,4.2,38,Printemps,63.64,62.07,0
715,2024-12-31,Maison,235.05,2,24,M,Nantes,Facebook,5.0,137,Printemps,433.44,386.71,1
716,2024-12-31,Mode,36.16,4,26,F,Toulouse,SEO,4.0,169,Printemps,132.28,118.21,0
717,2024-12-31,Électronique,417.46,2,31,F,Bordeaux,SEO,4.3,64,Printemps,903.97,772.2,1
718,2024-12-31,Mode,51.55,2,31,M,Paris,Email,4.2,144,Printemps,96.14,85.35,0
719,2024-12-31,Électronique,232.53,4,27,F,Bordeaux,Instagram,5.0,241,Printemps,923.38,821.08,1
720,2024-12-31,Électronique,388.57,2,25,M,Nice,Instagram,3.3,151,Printemps,750.09,671.05,1
721,2024-12-31,Électronique,683.17,2,32,F,Bordeaux,Instagram,4.7,123,Printemps,1270.06,1149.78,1
722,2024-12-31,Mode,55.03,2,37,F,Lille,Direct,2.4,106,Printemps,112.97,105.8,0
723,2024-12-31,Sport,107.4,1,31,F,Nice,SEO,3.5,131,Printemps,117.36,103.56,0
724,2024-12-31,Électronique,824.28,1,48,M,Nantes,Google_Ads,3.1,93,Printemps,850.34,804.01,1
725,2024-12-31,Électronique,693.29,1,41,F,Lyon,Instagram,3.9,73,Printemps,673.0,585.51,1
726,2024-12-31,Maison,131.03,3,18,F,Nice,Google_Ads,3.5,99,Printemps,409.75,405.5,1
727,2024-12-31,Électronique,476.42,2,41,M,Toulouse,Direct,5.0,77,Printemps,884.85,755.59,1
728,2024-12-31,Électronique,532.62,3,42,M,Toulouse,Instagram,2.8,146,Printemps,1623.44,1601.08,1
729,2024-12-31,Électronique,344.5,1,29,M,Lille,SEO,1.9,82,Printemps,342.4,319.14,0
730,2024-12-31,Livres,26.12,1,18,M,Paris,SEO,2.3,49,Printemps,25.39,24.28,0
731,2024-12-31,Sport,88.93,2,35,M,Lyon,Google_Ads,4.9,91,Printemps,186.38,166.76,0
732,2024-12-31,Mode,115.61,1,34,F,Nantes,SEO,2.7,53,Printemps,106.78,93.55,0
733,2024-12-31,Maison,196.18,3,21,F,Nice,Instagram,4.2,230,Printemps,592.4,587.71,1
734,2024-12-31,Mode,92.03,3,18,M,Marseille,Instagram,3.5,152,Printemps,295.64,270.85,0
735,2024-12-31,Maison,125.56,1,33,F,Lyon,Instagram,4.7,81,Printemps,118.07,108.87,0
736,2024-12-31,Maison,97.79,1,32,M,Toulouse,SEO,3.5,65,Printemps,93.18,92.98,0
737,2024-12-31,Maison,199.71,2,29,F,Lille,Email,5.0,82,Printemps,412.25,371.19,0
738,2024-12-31,Mode,79.92,2,33,F,Lille,Email,5.0,47,Printemps,168.56,145.81,0
739,2024-12-31,Électronique,376.71,2,21,F,Bordeaux,Instagram,3.5,100,Printemps,720.77,676.1,1
740,2024-12-31,Mode,51.53,1,29,M,Nice,Facebook,3.3,44,Printemps,50.09,46.74,0
741,2024-12-31,Sport,63.59,5,41,M,Nantes,Facebook,5.0,102,Printemps,333.2,321.86,1
742,2024-12-31,Maison,199.89,1,30,F,Marseille,Google_Ads,2.6,138,Printemps,191.31,190.02,1
743,2024-12-31,Sport,71.7,3,18,F,Nantes,Facebook,3.7,210,Printemps,222.24,199.16,1
744,2024-12-31,Livres,23.22,4,29,M,Lyon,Facebook,3.8,70,Printemps,86.54,82.93,0
745,2024-12-31,Électronique,529.79,2,22,F,Marseille,Facebook,3.8,67,Printemps,1040.79,952.51,1
746,2024-12-31,Maison,164.33,1,38,M,Nantes,Google_Ads,1.9,33,Printemps,170.53,165.0,0
747,2024-12-31,Maison,217.89,1,38,M,Bordeaux,Instagram,4.3,140,Printemps,216.14,189.05,1
748,2024-12-31,Livres,32.43,1,18,M,Marseille,Instagram,2.7,84,Printemps,29.31,27.12,0
749,2024-12-31,Livres,21.18,1,44,M,Marseille,Instagram,5.0,67,Printemps,20.78,17.91,0
750,2024-12-31,Maison,62.77,1,21,F,Lyon,Facebook,2.2,55,Printemps,60.11,56.15,0
751,2024-12-31,Électronique,512.85,3,53,M,Marseille,Instagram,3.9,175,Printemps,1415.86,1239.37,1
752,2024-12-31,Sport,119.79,2,34,M,Bordeaux,Facebook,1.4,21,Printemps,216.06,214.76,0
753,2024-12-31,Électronique,601.49,1,20,M,Nice,Instagram,1.4,150,Printemps,546.82,510.26,1
754,2024-12-31,Sport,125.55,1,21,F,Paris,Google_Ads,2.9,51,Printemps,136.83,127.17,0
755,2024-12-31,Livres,13.16,1,39,M,Paris,SEO,3.0,134,Printemps,13.82,13.76,0
756,2024-12-31,Mode,95.54,3,30,M,Lille,Facebook,5.0,53,Printemps,311.82,288.36,0
757,2024-12-31,Maison,92.88,3,33,M,Paris,Facebook,3.8,117,Printemps,257.17,244.69,1
758,2024-12-31,Mode,105.68,5,54,F,Lyon,Instagram,5.0,93,Printemps,535.83,459.21,0
759,2024-12-31,Mode,65.56,1,26,F,Lille,Instagram,3.4,184,Printemps,60.1,57.47,0
760,2024-12-31,Mode,101.71,3,35,M,Paris,Google_Ads,4.5,87,Printemps,276.27,239.15,0
761,2024-12-31,Sport,48.6,2,52,F,Paris,Instagram,3.0,188,Printemps,96.55,93.37,1
762,2024-12-31,Livres,20.01,2,38,F,Lille,Email,2.9,68,Printemps,41.2,40.43,0
763,2024-12-31,Livres,28.04,1,18,M,Lyon,Email,1.8,114,Printemps,25.59,22.96,0
764,2024-12-31,Électronique,378.14,3,41,F,Lille,Google_Ads,4.2,164,Printemps,1103.8,1083.62,1
765,2024-12-31,Sport,143.9,3,21,F,Toulouse,Google_Ads,4.1,82,Printemps,396.31,365.56,0
766,2024-12-31,Maison,173.54,3,51,F,Nice,Facebook,4.7,103,Printemps,506.26,473.73,1
767,2024-12-31,Mode,89.79,2,25,F,Toulouse,Facebook,4.0,42,Printemps,178.56,162.79,0
768,2024-12-31,Électronique,463.65,2,70,F,Lyon,Direct,5.0,123,Printemps,897.16,826.72,1
769,2024-12-31,Mode,79.54,5,52,F,Lyon,Instagram,4.0,148,Printemps,403.76,398.2,0
770,2024-12-31,Livres,25.13,1,25,F,Nantes,SEO,4.9,238,Printemps,25.55,25.35,0
771,2024-12-31,Maison,145.04,1,35,M,Bordeaux,Instagram,3.4,147,Printemps,140.2,128.54,0
772,2024-12-31,Maison,185.7,1,44,M,Paris,Facebook,2.8,94,Printemps,181.6,168.37,0
773,2024-12-31,Mode,74.79,5,44,F,Nantes,SEO,4.6,83,Printemps,369.52,320.53,0
774,2024-12-31,Maison,96.41,2,40,F,Paris,Email,3.7,89,Printemps,188.02,169.0,0
775,2024-12-31,Électronique,369.41,4,50,F,Nantes,Instagram,4.7,88,Printemps,1554.65,1441.14,1
776,2024-12-31,Mode,33.07,1,33,M,Nice,Google_Ads,4.2,170,Printemps,30.68,27.01,0
777,2024-12-31,Maison,114.17,3,30,M,Marseille,Instagram,2.9,177,Printemps,366.98,343.67,1
778,2024-12-31,Électronique,730.52,3,30,F,Toulouse,Instagram,5.0,90,Printemps,2117.59,2017.63,1
779,2024-12-31,Sport,143.76,7,45,F,Nice,SEO,2.8,115,Printemps,1051.36,996.16,1
780,2024-12-31,Électronique,361.67,2,39,M,Lille,Instagram,4.5,92,Printemps,778.85,713.72,1
781,2024-12-31,Maison,232.63,2,38,M,Nantes,Facebook,5.0,41,Printemps,501.31,483.96,1
782,2024-12-31,Mode,81.48,3,44,F,Toulouse,Email,3.4,44,Printemps,242.12,217.41,0
783,2024-12-31,Maison,225.06,3,18,M,Bordeaux,Instagram,5.0,65,Printemps,642.3,591.17,1
784,2024-12-31,Électronique,702.07,3,38,M,Paris,Facebook,4.2,90,Printemps,2150.75,1915.29,1
785,2024-12-31,Électronique,712.64,3,37,M,Marseille,Instagram,4.7,115,Printemps,2002.79,1883.72,1
786,2024-12-31,Livres,11.3,2,55,F,Bordeaux,SEO,2.9,200,Printemps,23.91,21.9,0
787,2024-12-31,Mode,53.95,3,18,M,Lyon,Facebook,4.0,99,Printemps,168.69,148.88,1
788,2024-12-31,Sport,43.62,2,53,F,Nice,SEO,2.3,86,Printemps,92.41,82.82,0
789,2024-12-31,Livres,28.34,1,35,M,Paris,Email,5.0,161,Printemps,27.96,24.94,0
790,2024-12-31,Électronique,457.5,1,40,M,Toulouse,Google_Ads,1.6,38,Printemps,462.75,456.57,0
791,2024-12-31,Mode,109.2,2,55,F,Nantes,Instagram,3.4,103,Printemps,201.04,186.63,0
792,2024-12-31,Maison,121.01,2,41,M,Lille,Facebook,2.8,124,Printemps,251.1,238.02,0
793,2024-12-31,Livres,31.12,4,39,F,Bordeaux,SEO,4.5,79,Printemps,124.16,122.94,0
794,2024-12-31,Livres,12.53,2,37,F,Toulouse,Google_Ads,5.0,102,Printemps,25.1,22.02,0
795,2024-12-31,Mode,49.4,2,29,F,Marseille,Google_Ads,4.5,84,Printemps,105.66,104.66,1
796,2024-12-31,Sport,85.96,2,34,M,Lille,Google_Ads,5.0,82,Printemps,181.29,168.77,0
797,2024-12-31,Électronique,500.73,2,26,F,Lyon,Instagram,2.3,88,Printemps,1008.51,986.76,1
798,2024-12-31,Livres,18.41,2,34,M,Lille,Instagram,2.4,143,Printemps,35.76,31.3,1
799,2024-12-31,Livres,29.62,1,18,F,Toulouse,Facebook,2.8,111,Printemps,29.3,26.11,1
800,2024-12-31,Électronique,290.44,3,40,F,Toulouse,Direct,3.9,188,Printemps,845.32,743.14,1
801,2024-12-31,Mode,66.74,2,33,F,Marseille,Email,2.7,66,Printemps,124.19,117.73,0
802,2024-12-31,Électronique,790.14,1,30,M,Lyon,Instagram,3.0,119,Printemps,813.17,708.37,1
803,2024-12-31,Mode,39.01,1,37,F,Marseille,Google_Ads,4.5,118,Printemps,40.51,39.25,0
804,2024-12-31,Sport,162.65,1,18,F,Toulouse,Email,2.4,142,Printemps,177.98,157.97,0
805,2024-12-31,Mode,128.67,1,58,F,Paris,Instagram,2.6,118,Printemps,127.53,113.28,0
806,2024-12-31,Électronique,284.78,1,33,F,Marseille,Google_Ads,3.4,174,Printemps,313.11,279.34,1
807,2024-12-31,Mode,60.9,1,33,M,Nice,Instagram,3.5,63,Printemps,57.09,54.92,0
808,2024-12-31,Livres,19.05,1,23,M,Lille,Instagram,4.9,244,Printemps,19.65,19.43,0
809,2024-12-31,Maison,199.75,2,35,F,Toulouse,SEO,2.8,67,Printemps,439.03,432.94,0
810,2024-12-31,Mode,90.6,1,51,F,Paris,Facebook,3.0,64,Printemps,93.15,80.59,0
811,2024-12-31,Électronique,659.95,1,47,M,Paris,Google_Ads,4.4,132,Printemps,653.66,581.34,1
812,2024-12-31,Livres,29.45,2,45,F,Bordeaux,Facebook,4.7,34,Printemps,59.09,56.18,0
813,2024-12-31,Sport,57.54,1,41,M,Lille,SEO,5.0,102,Printemps,61.52,58.0,0
814,2024-12-31,Mode,113.74,2,30,F,Lille,Instagram,4.3,64,Printemps,247.45,223.33,1
815,2024-12-31,Électronique,701.29,1,18,F,Lyon,Facebook,3.9,53,Printemps,694.83,680.54,1
816,2024-12-31,Électronique,614.71,1,32,M,Marseille,Facebook,4.4,64,Printemps,648.19,563.65,1
817,2024-12-31,Électronique,825.57,1,32,M,Nantes,Facebook,3.5,70,Printemps,897.18,848.6,1
818,2024-12-31,Maison,186.06,3,47,F,Marseille,SEO,3.5,59,Printemps,533.84,475.63,1
819,2024-12-31,Livres,14.45,1,38,F,Lille,Google_Ads,1.8,41,Printemps,14.43,13.4,0
820,2024-12-31,Mode,74.4,2,54,F,Marseille,Email,4.8,80,Printemps,163.54,148.52,0
821,2024-12-31,Sport,105.49,1,49,M,Lille,Facebook,4.0,45,Printemps,102.4,102.09,1
822,2024-12-31,Mode,37.88,1,29,M,Toulouse,Google_Ads,4.7,138,Printemps,38.79,35.8,0
823,2024-12-31,Maison,231.83,2,18,F,Paris,Email,1.0,52,Printemps,478.23,476.52,0
824,2024-12-31,Maison,83.14,1,51,F,Marseille,Facebook,3.7,51,Printemps,77.39,68.74,0
825,2024-12-31,Électronique,695.79,3,51,F,Toulouse,Google_Ads,2.9,127,Printemps,2215.36,2138.25,1
826,2024-12-31,Mode,81.86,5,18,F,Marseille,Google_Ads,5.0,142,Printemps,402.16,385.09,0
827,2024-12-31,Maison,64.61,1,53,F,Lille,Instagram,4.5,61,Printemps,64.62,63.14,0
828,2024-12-31,Électronique,849.2,3,39,M,Toulouse,Facebook,4.1,265,Printemps,2620.4,2499.96,1
829,2024-12-31,Mode,115.55,1,36,F,Lille,Google_Ads,3.3,225,Printemps,113.49,108.08,1
830,2024-12-31,Mode,83.62,2,54,F,Lyon,Instagram,4.2,149,Printemps,161.38,153.17,1
831,2024-12-31,Livres,15.18,6,51,M,Marseille,Email,2.8,165,Printemps,91.93,91.73,0
832,2024-12-31,Mode,44.36,1,42,F,Bordeaux,Facebook,3.7,50,Printemps,43.0,38.02,0
833,2024-12-31,Sport,88.83,2,40,F,Nice,Instagram,3.2,113,Printemps,175.32,149.82,0
834,2024-12-31,Mode,57.4,5,42,F,Lille,Facebook,5.0,98,Printemps,264.54,251.76,0
835,2024-12-31,Sport,107.1,1,30,F,Bordeaux,Instagram,5.0,135,Printemps,114.49,100.27,0
836,2024-12-31,Maison,233.95,2,34,M,Paris,Google_Ads,5.0,149,Printemps,459.64,437.54,1
837,2024-12-31,Sport,115.81,2,24,M,Paris,Facebook,2.2,115,Printemps,212.29,190.62,0
838,2024-12-31,Mode,119.27,2,31,F,Nice,Email,4.8,65,Printemps,252.37,216.16,1
839,2024-12-31,Maison,177.16,1,30,F,Bordeaux,Facebook,4.0,336,Printemps,160.14,154.61,1
840,2024-12-31,Maison,145.54,1,27,F,Nantes,Google_Ads,5.0,108,Printemps,148.44,127.32,0
841,2024-12-31,Mode,115.82,4,36,M,Paris,Direct,4.2,50,Printemps,482.08,425.97,0
842,2024-12-31,Électronique,543.17,4,31,M,Bordeaux,SEO,3.8,155,Printemps,2038.51,1835.6,1
843,2024-12-31,Électronique,811.32,1,41,F,Lyon,Google_Ads,4.1,64,Printemps,751.49,653.73,0
844,2024-12-31,Électronique,421.81,2,18,F,Lyon,SEO,1.8,78,Printemps,778.48,768.39,1
845,2024-12-31,Sport,58.92,1,33,F,Paris,Google_Ads,3.0,73,Printemps,64.74,61.07,0
846,2024-12-31,Électronique,802.34,1,36,M,Toulouse,Facebook,4.2,127,Printemps,843.27,827.51,1
847,2024-12-31,Électronique,621.51,1,31,M,Bordeaux,Email,5.0,201,Printemps,598.22,569.69,1
848,2024-12-31,Maison,220.04,1,32,M,Bordeaux,Email,3.2,102,Printemps,212.8,212.54,0
849,2024-12-31,Mode,123.94,2,18,F,Nice,SEO,3.8,72,Printemps,255.24,237.06,0
850,2024-12-31,Mode,37.73,2,39,M,Nice,SEO,2.0,201,Printemps,74.82,64.2,0
851,2024-12-31,Électronique,563.15,4,42,M,Bordeaux,Facebook,5.0,223,Printemps,2149.6,1879.03,1
852,2024-12-31,Livres,19.12,1,40,M,Nice,Facebook,5.0,372,Printemps,17.43,16.35,0
853,2024-12-31,Sport,122.3,1,47,F,Nantes,SEO,4.5,73,Printemps,129.24,116.59,0
854,2024-12-31,Sport,143.68,1,37,M,Paris,SEO,4.2,52,Printemps,154.84,134.24,0
855,2024-12-31,Mode,59.86,1,40,F,Nantes,Facebook,5.0,43,Printemps,56.34,49.9,0
856,2024-12-31,Sport,113.49,2,36,M,Bordeaux,SEO,2.9,73,Printemps,207.16,190.84,0
857,2024-12-31,Électronique,703.39,2,43,F,Lille,Email,2.8,102,Printemps,1299.48,1205.56,1
858,2024-12-31,Électronique,315.74,1,18,M,Bordeaux,Google_Ads,5.0,67,Printemps,310.33,307.28,1
859,2024-12-31,Électronique,774.5,2,24,M,Lille,Google_Ads,4.9,54,Printemps,1486.83,1284.03,1
860,2024-12-31,Maison,169.1,2,54,F,Lyon,SEO,2.5,108,Printemps,309.35,279.55,0
861,2024-12-31,Mode,125.08,1,18,M,Lille,SEO,3.2,167,Printemps,123.95,114.77,1
862,2024-12-31,Mode,65.6,2,33,F,Lyon,Facebook,5.0,33,Printemps,123.44,107.02,0
863,2024-12-31,Électronique,298.0,1,49,F,Nice,Direct,4.3,31,Printemps,272.19,259.44,0
864,2024-12-31,Mode,81.88,1,33,F,Paris,Instagram,4.7,103,Printemps,84.47,78.33,0
865,2024-12-31,Maison,75.45,1,30,F,Toulouse,Instagram,2.5,119,Printemps,76.54,70.33,0
866,2024-12-31,Mode,127.03,1,36,M,Toulouse,SEO,4.5,57,Printemps,135.32,128.34,0
867,2024-12-31,Maison,66.96,1,30,F,Nantes,Google_Ads,2.2,35,Printemps,64.32,57.44,0
868,2024-12-31,Électronique,733.62,2,35,M,Nantes,Facebook,1.6,133,Printemps,1360.36,1225.55,1
869,2024-12-31,Sport,109.45,6,26,M,Lyon,SEO,4.6,101,Printemps,638.34,558.16,1
870,2024-12-31,Maison,126.35,1,48,M,Lyon,Facebook,5.0,63,Printemps,133.39,123.86,0
871,2024-12-31,Électronique,269.44,1,52,M,Bordeaux,Google_Ads,3.5,244,Printemps,255.53,231.47,0
872,2024-12-31,Électronique,644.96,2,33,F,Marseille,Facebook,3.2,133,Printemps,1226.72,1090.61,1
873,2024-12-31,Maison,165.34,2,18,M,Lyon,Google_Ads,5.0,98,Printemps,307.37,267.02,0
874,2024-12-31,Sport,78.31,3,28,F,Lille,Google_Ads,3.6,157,Printemps,257.8,220.03,0
875,2024-12-31,Mode,121.25,1,32,M,Paris,Google_Ads,3.7,38,Printemps,132.58,116.54,1
876,2024-12-31,Mode,62.15,4,41,M,Nice,Facebook,5.0,81,Printemps,256.46,227.51,0
877,2024-12-31,Sport,99.84,2,22,M,Nantes,Email,3.4,62,Printemps,188.29,173.76,0
878,2024-12-31,Maison,157.88,1,25,F,Lille,Email,3.1,74,Printemps,166.29,147.36,0
879,2024-12-31,Mode,42.27,4,41,M,Nantes,Instagram,4.7,218,Printemps,171.93,167.23,0
880,2024-12-31,Mode,123.39,3,46,M,Paris,SEO,3.0,208,Printemps,388.63,357.98,1
881,2024-12-31,Électronique,477.81,3,27,M,Nice,Google_Ads,3.6,105,Printemps,1536.76,1450.04,1
882,2024-12-31,Maison,74.54,1,19,F,Lille,Instagram,2.3,57,Printemps,71.83,63.3,0
883,2024-12-31,Mode,70.26,3,70,M,Nantes,Email,4.0,48,Printemps,228.22,208.23,0
884,2024-12-31,Livres,25.21,5,44,F,Lyon,SEO,3.9,211,Printemps,136.07,127.97,0
885,2024-12-31,Mode,82.58,3,31,M,Nice,Email,4.9,140,Printemps,250.08,224.23,0
886,2024-12-31,Mode,100.22,1,45,M,Marseille,Facebook,4.7,66,Printemps,103.92,93.57,0
887,2024-12-31,Maison,69.99,3,33,F,Lyon,Google_Ads,4.4,68,Printemps,206.23,200.27,0
888,2024-12-31,Livres,16.68,3,45,F,Toulouse,Instagram,4.2,109,Printemps,51.6,50.34,0
889,2024-12-31,Sport,146.95,4,36,M,Nantes,Direct,3.7,37,Printemps,593.56,551.98,1
890,2024-12-31,Mode,40.29,2,36,F,Bordeaux,Instagram,4.5,89,Printemps,77.72,76.52,0
891,2024-12-31,Maison,213.99,1,33,F,Lille,Instagram,2.6,52,Printemps,206.41,198.25,0
892,2024-12-31,Maison,76.54,1,18,M,Marseille,SEO,1.2,123,Printemps,78.86,67.69,0
893,2024-12-31,Mode,113.86,2,58,M,Lille,Email,5.0,114,Printemps,248.52,232.09,1
894,2024-12-31,Électronique,468.53,1,23,M,Bordeaux,Facebook,4.5,72,Printemps,440.57,420.59,1
895,2024-12-31,Mode,92.19,3,18,F,Bordeaux,Google_Ads,3.7,54,Printemps,270.63,251.99,0
896,2024-12-31,Électronique,328.2,6,32,F,Bordeaux,Google_Ads,5.0,270,Printemps,2089.59,2036.93,1
897,2024-12-31,Livres,10.79,5,23,M,Nantes,Email,3.0,200,Printemps,49.87,44.64,0
898,2024-12-31,Mode,53.55,2,34,M,Lyon,Google_Ads,3.0,23,Printemps,117.69,101.2,0
899,2024-12-31,Livres,12.45,1,43,M,Nantes,Facebook,2.9,208,Printemps,12.9,12.19,0
900,2024-12-31,Mode,62.96,2,46,M,Lyon,Google_Ads,4.4,55,Printemps,136.26,130.76,0
901,2024-12-31,Maison,152.59,3,44,F,Marseille,Google_Ads,2.1,97,Printemps,488.72,471.51,0
902,2024-12-31,Mode,89.9,1,31,F,Bordeaux,SEO,3.0,97,Printemps,94.89,80.81,0
903,2024-12-31,Électronique,758.16,1,35,M,Toulouse,SEO,4.1,48,Printemps,687.33,653.66,1
904,2024-12-31,Mode,96.48,3,39,M,Lyon,SEO,2.5,130,Printemps,284.04,242.31,0
905,2024-12-31,Électronique,635.91,2,18,M,Paris,Instagram,3.1,52,Printemps,1195.99,1155.59,1
906,2024-12-31,Maison,134.12,1,41,M,Toulouse,Facebook,1.4,81,Printemps,144.08,137.66,0
907,2024-12-31,Mode,78.7,1,18,M,Paris,Facebook,4.5,306,Printemps,81.53,76.24,0
908,2024-12-31,Sport,95.35,2,59,M,Lyon,Direct,3.0,75,Printemps,175.72,162.7,0
909,2024-12-31,Électronique,793.46,1,30,F,Toulouse,Instagram,2.6,80,Printemps,771.18,738.23,1
910,2024-12-31,Électronique,380.25,3,32,M,Toulouse,Google_Ads,2.4,77,Printemps,1042.49,895.06,1
911,2024-12-31,Mode,33.06,1,25,M,Marseille,Facebook,3.3,58,Printemps,34.64,33.77,0
912,2024-12-31,Livres,26.59,1,27,F,Lille,Instagram,2.1,28,Printemps,26.15,23.02,0
913,2024-12-31,Maison,96.44,2,62,M,Nantes,Facebook,5.0,90,Printemps,182.64,168.33,0
914,2024-12-31,Mode,119.29,1,46,F,Nice,Direct,1.2,31,Printemps,119.71,110.49,0
915,2024-12-31,Mode,116.26,1,18,M,Bordeaux,SEO,3.3,130,Printemps,105.61,102.08,0
916,2024-12-31,Électronique,276.79,2,53,F,Lyon,Facebook,3.9,83,Printemps,526.71,462.95,1
917,2024-12-31,Livres,11.87,4,49,M,Marseille,SEO,2.9,198,Printemps,44.41,39.74,0
918,2024-12-31,Maison,149.13,1,31,M,Nice,Instagram,4.0,74,Printemps,161.98,153.79,0
919,2024-12-31,Mode,91.9,3,38,M,Toulouse,Facebook,2.9,84,Printemps,268.92,245.23,0
920,2024-12-31,Maison,109.48,1,34,M,Nantes,Google_Ads,5.0,105,Printemps,111.33,99.62,0
921,2024-12-31,Électronique,708.84,2,58,M,Lille,Google_Ads,2.6,153,Printemps,1418.51,1337.96,1
922,2024-12-31,Livres,25.06,1,25,F,Marseille,Facebook,1.2,68,Printemps,25.86,22.32,0
923,2024-12-31,Électronique,444.26,1,36,F,Lille,Email,2.4,65,Printemps,424.63,411.24,0
924,2024-12-31,Maison,64.57,1,29,M,Paris,Instagram,4.2,70,Printemps,59.67,55.42,0
925,2024-12-31,Électronique,731.35,2,18,F,Nantes,Google_Ads,3.7,62,Printemps,1340.26,1180.64,1
926,2024-12-31,Maison,98.66,1,61,F,Nantes,Facebook,4.6,46,Printemps,92.61,84.39,0
927,2024-12-31,Sport,148.9,3,20,F,Lille,Email,4.4,75,Printemps,445.15,387.13,1
928,2024-12-31,Maison,135.65,1,37,F,Paris,Google_Ads,3.1,75,Printemps,128.49,121.1,0
929,2024-12-31,Maison,163.87,1,18,M,Nice,Email,3.3,164,Printemps,161.71,153.69,0
930,2024-12-31,Sport,153.8,3,30,M,Bordeaux,Instagram,3.4,162,Printemps,417.97,380.68,0
931,2024-12-31,Électronique,807.95,1,40,F,Lyon,Google_Ads,5.0,76,Printemps,828.56,746.49,1
932,2024-12-31,Mode,68.72,5,25,M,Toulouse,Google_Ads,4.6,44,Printemps,369.6,361.28,0
933,2024-12-31,Électronique,366.0,1,42,F,Paris,Google_Ads,5.0,60,Printemps,332.88,311.72,0
934,2024-12-31,Livres,29.93,4,31,M,Marseille,Facebook,4.7,116,Printemps,112.96,107.32,0
935,2024-12-31,Mode,74.73,1,48,F,Lille,SEO,3.7,58,Printemps,72.0,62.58,0
936,2024-12-31,Maison,94.57,1,51,M,Nantes,Instagram,2.7,86,Printemps,90.54,86.65,0
937,2024-12-31,Maison,222.8,1,27,F,Marseille,Instagram,4.0,32,Printemps,202.32,185.46,0
938,2024-12-31,Électronique,358.72,1,35,F,Nantes,Email,3.7,185,Printemps,330.49,299.1,0
939,2024-12-31,Électronique,242.42,5,37,M,Paris,Google_Ads,3.7,86,Printemps,1312.09,1298.19,1
940,2024-12-31,Mode,34.48,3,42,F,Nantes,SEO,3.6,77,Printemps,107.8,92.51,1
941,2024-12-31,Mode,93.18,2,35,M,Toulouse,Email,1.5,108,Printemps,203.44,178.89,1
942,2024-12-31,Électronique,671.63,1,37,M,Nice,SEO,5.0,81,Printemps,663.63,601.42,1
943,2024-12-31,Électronique,434.95,4,32,F,Nantes,Instagram,3.7,34,Printemps,1871.7,1681.92,1
944,2024-12-31,Sport,83.3,1,36,M,Toulouse,Instagram,2.2,71,Printemps,88.58,82.07,0
945,2024-12-31,Livres,18.17,4,50,F,Nantes,Email,4.3,92,Printemps,78.11,71.09,0
946,2024-12-31,Mode,98.82,1,42,F,Nantes,Google_Ads,2.9,93,Printemps,89.71,86.86,0
947,2024-12-31,Mode,38.17,1,43,M,Nice,Instagram,4.4,268,Printemps,39.33,37.96,0
948,2024-12-31,Électronique,852.15,2,43,F,Toulouse,Google_Ads,4.8,137,Printemps,1727.02,1668.05,1
949,2024-12-31,Maison,100.05,2,33,M,Toulouse,SEO,4.9,106,Printemps,201.92,182.82,0
950,2024-12-31,Sport,169.96,1,38,F,Marseille,Instagram,3.6,141,Printemps,170.11,154.99,1
951,2024-12-31,Électronique,340.78,1,21,M,Lille,Instagram,3.3,33,Printemps,360.95,345.82,0
952,2024-12-31,Électronique,745.79,2,50,F,Lyon,Instagram,3.1,167,Printemps,1631.22,1416.92,1
953,2024-12-31,Sport,70.99,1,18,F,Nice,Email,3.0,126,Printemps,75.65,73.97,0
954,2024-12-31,Maison,74.55,1,33,M,Marseille,Google_Ads,3.8,187,Printemps,80.08,74.57,0
955,2024-12-31,Électronique,815.58,1,48,F,Bordeaux,Instagram,3.6,72,Printemps,812.95,794.49,1
956,2024-12-31,Maison,214.58,1,18,M,Lille,Instagram,2.9,104,Printemps,222.76,215.86,0
957,2024-12-31,Mode,71.85,1,39,M,Lille,SEO,2.5,67,Printemps,70.63,64.01,0
958,2024-12-31,Mode,100.98,2,26,M,Nice,Instagram,3.7,241,Printemps,196.32,169.87,1
959,2024-12-31,Sport,113.53,1,30,M,Toulouse,Facebook,3.3,75,Printemps,122.5,121.05,0
960,2024-12-31,Sport,151.25,5,46,F,Bordeaux,Instagram,2.5,44,Printemps,817.55,737.18,1
961,2024-12-31,Mode,63.22,1,37,F,Toulouse,Google_Ads,4.7,60,Printemps,65.52,59.37,0
962,2024-12-31,Livres,23.14,1,18,M,Toulouse,Instagram,5.0,114,Printemps,24.7,24.37,0
963,2024-12-31,Mode,79.82,3,23,M,Paris,Instagram,4.9,147,Printemps,232.78,229.9,0
964,2024-12-31,Sport,87.62,2,46,F,Bordeaux,Email,3.0,51,Printemps,172.92,153.81,0
965,2024-12-31,Mode,119.42,2,40,F,Paris,Instagram,3.7,127,Printemps,254.17,219.43,0
966,2024-12-31,Sport,63.65,2,55,M,Lyon,Instagram,5.0,198,Printemps,124.7,106.02,0
967,2024-12-31,Livres,13.04,1,55,M,Paris,Instagram,2.5,145,Printemps,11.84,10.84,0
968,2024-12-31,Électronique,614.41,3,30,M,Toulouse,Instagram,4.7,137,Printemps,1789.16,1673.38,1
969,2024-12-31,Livres,26.75,1,65,M,Nice,Instagram,2.2,115,Printemps,26.21,23.34,0
970,2024-12-31,Sport,67.31,1,35,F,Lyon,Instagram,5.0,132,Printemps,62.66,55.71,0
971,2024-12-31,Sport,92.32,3,23,M,Lyon,Email,3.3,35,Printemps,268.32,242.43,0
972,2024-12-31,Électronique,863.93,1,27,M,Nantes,Google_Ads,5.0,166,Printemps,938.99,835.2,1
973,2024-12-31,Sport,73.94,1,18,F,Nantes,Google_Ads,5.0,80,Printemps,79.25,77.56,0
974,2024-12-31,Sport,127.72,3,54,F,Bordeaux,Facebook,3.7,171,Printemps,379.0,358.7,1
975,2024-12-31,Mode,104.66,4,54,F,Toulouse,Facebook,3.0,58,Printemps,436.23,425.04,1
976,2024-12-31,Livres,21.1,2,22,M,Lyon,Instagram,4.0,78,Printemps,39.26,38.44,0
977,2024-12-31,Électronique,857.83,3,32,F,Toulouse,SEO,3.6,106,Printemps,2703.48,2474.36,1
978,2024-12-31,Électronique,722.24,2,36,F,Paris,Instagram,3.4,285,Printemps,1437.49,1324.84,1
979,2024-12-31,Mode,77.15,1,23,F,Marseille,Facebook,2.0,93,Printemps,80.58,80.31,0
980,2024-12-31,Maison,162.48,1,18,F,Nantes,SEO,3.2,105,Printemps,167.16,162.57,0
981,2024-12-31,Maison,184.67,1,32,F,Lille,SEO,2.6,45,Printemps,174.8,169.5,0
982,2024-12-31,Électronique,624.73,4,31,M,Lille,Instagram,4.4,47,Printemps,2666.19,2499.7,1
983,2024-12-31,Livres,32.72,4,30,F,Paris,Instagram,4.9,77,Printemps,132.79,122.06,0
984,2024-12-31,Électronique,465.9,1,37,M,Nantes,Instagram,4.6,143,Printemps,492.38,484.6,1
985,2024-12-31,Électronique,427.42,5,52,M,Marseille,SEO,4.2,115,Printemps,1963.57,1906.01,1
986,2024-12-31,Électronique,369.34,3,31,M,Nice,Instagram,2.9,85,Printemps,1133.59,1051.42,1
987,2024-12-31,Maison,66.8,2,37,M,Toulouse,Instagram,4.0,75,Printemps,128.04,114.03,0
988,2024-12-31,Livres,10.16,3,43,F,Lyon,SEO,4.7,162,Printemps,32.68,28.5,1
989,2024-12-31,Maison,216.61,2,41,F,Nantes,Instagram,3.2,202,Printemps,472.17,440.49,1
990,2024-12-31,Sport,129.0,2,27,F,Paris,SEO,3.9,145,Printemps,235.07,210.25,1
991,2024-12-31,Électronique,670.86,3,36,M,Toulouse,Google_Ads,3.6,185,Printemps,2102.86,1870.77,1
992,2024-12-31,Mode,92.43,1,41,F,Lyon,Instagram,5.0,97,Printemps,85.09,73.68,0
993,2024-12-31,Mode,115.3,2,21,M,Nantes,Instagram,4.7,145,Printemps,247.09,211.3,0
994,2024-12-31,Mode,79.33,1,50,M,Bordeaux,SEO,4.5,275,Printemps,73.37,70.98,0
995,2024-12-31,Électronique,812.53,2,52,M,Marseille,Instagram,1.9,155,Printemps,1525.93,1321.76,1
996,2024-12-31,Maison,124.7,1,26,M,Lille,Instagram,4.0,238,Printemps,118.51,116.53,0
997,2024-12-31,Mode,122.85,1,37,M,Paris,Direct,3.6,187,Printemps,128.45,113.3,0
998,2024-12-31,Sport,131.58,1,42,F,Lille,Google_Ads,3.6,216,Printemps,126.12,121.57,1
999,2024-12-31,Mode,57.57,3,28,M,Toulouse,SEO,2.1,61,Printemps,176.04,171.37,0
1000,2024-12-31,Électronique,605.76,1,40,F,Lyon,Facebook,2.6,55,Printemps,614.47,595.35,1
1001,2024-12-31,Maison,155.95,3,36,M,Lyon,Instagram,3.7,85,Printemps,458.69,449.94,1
1002,2024-12-31,Électronique,318.08,2,18,M,Bordeaux,SEO,5.0,86,Printemps,641.19,577.68,1
1003,2024-12-31,Sport,117.88,2,40,F,Nice,Google_Ads,3.2,64,Printemps,217.76,217.3,1
1004,2024-12-31,Maison,116.66,1,21,M,Lyon,SEO,3.4,212,Printemps,125.44,111.88,0
1005,2024-12-31,Électronique,260.34,2,46,F,Lyon,Instagram,5.0,51,Printemps,490.17,485.34,1
1006,2024-12-31,Livres,34.61,1,26,M,Toulouse,Facebook,3.5,184,Printemps,37.25,34.1,0
1007,2024-12-31,Mode,95.05,1,33,M,Nice,Facebook,3.7,138,Printemps,95.4,81.91,0
1008,2024-12-31,Électronique,816.92,1,51,M,Lille,Direct,3.7,22,Printemps,835.54,808.58,1
1009,2024-12-31,Maison,181.69,1,40,F,Lille,Google_Ads,2.3,64,Printemps,172.87,167.36,0
1010,2024-12-31,Mode,67.31,1,22,F,Paris,Google_Ads,4.4,73,Printemps,63.57,55.91,1
1011,2024-12-31,Sport,107.87,1,22,M,Paris,Instagram,3.1,56,Printemps,107.67,104.82,0
1012,2024-12-31,Sport,128.66,1,27,M,Lyon,SEO,3.8,59,Printemps,122.67,107.17,0
1013,2024-12-31,Livres,34.93,3,39,F,Nantes,Google_Ads,4.3,67,Printemps,103.17,90.04,0
1014,2024-12-31,Mode,57.23,3,39,F,Marseille,Direct,5.0,67,Printemps,169.65,164.78,0
1015,2024-12-31,Mode,117.81,3,24,F,Paris,Instagram,2.4,65,Printemps,337.24,301.33,1
1016,2024-12-31,Sport,160.32,2,20,M,Lyon,Direct,4.8,69,Printemps,307.28,264.73,0
1017,2024-12-31,Électronique,677.53,1,38,F,Nantes,SEO,4.8,75,Printemps,741.61,736.76,1
1018,2024-12-31,Mode,123.3,2,32,F,Nantes,Instagram,3.1,264,Printemps,250.91,234.24,1
1019,2024-12-31,Mode,71.29,2,60,M,Lille,SEO,4.5,140,Printemps,152.05,139.46,0
1020,2024-12-31,Électronique,868.29,3,35,F,Nantes,Facebook,5.0,226,Printemps,2368.2,2192.05,1
1021,2024-12-31,Mode,101.02,2,56,M,Bordeaux,Google_Ads,3.0,43,Printemps,181.92,172.92,0
1022,2024-12-31,Sport,47.86,4,20,F,Lille,Instagram,4.1,69,Printemps,192.15,188.17,1
1023,2024-12-31,Sport,158.13,1,18,F,Lille,Email,4.2,59,Printemps,168.46,160.19,1
1024,2024-12-31,Électronique,552.02,1,21,F,Bordeaux,Facebook,4.4,316,Printemps,564.27,542.22,1
1025,2024-12-31,Électronique,535.72,2,49,F,Toulouse,Facebook,4.6,173,Printemps,1096.91,962.01,1
1026,2024-12-31,Mode,87.73,2,56,F,Toulouse,Google_Ads,4.0,90,Printemps,162.81,147.76,0
1027,2024-12-31,Sport,61.55,1,25,F,Lille,SEO,4.4,186,Printemps,67.44,63.24,0
1028,2024-12-31,Électronique,541.69,1,29,F,Paris,Google_Ads,2.8,78,Printemps,544.9,513.8,1
1029,2024-12-31,Maison,209.6,5,20,M,Lille,Instagram,4.0,89,Printemps,964.72,859.18,1
1030,2024-12-31,Électronique,235.45,3,18,F,Bordeaux,Instagram,3.3,60,Printemps,694.23,691.63,1
1031,2024-12-31,Maison,109.13,1,43,M,Lyon,Facebook,2.4,70,Printemps,99.78,86.58,0
1032,2024-12-31,Mode,32.74,3,37,M,Nice,Email,3.2,87,Printemps,96.61,83.75,0
1033,2024-12-31,Sport,95.5,4,35,F,Lyon,Facebook,4.1,57,Printemps,398.18,352.14,0
1034,2024-12-31,Électronique,716.61,1,18,F,Lyon,Facebook,4.3,201,Printemps,691.32,665.8,1
1035,2024-12-31,Maison,203.78,1,54,M,Toulouse,Google_Ads,2.4,160,Printemps,196.16,167.81,0
1036,2024-12-31,Électronique,863.0,2,28,F,Bordeaux,Instagram,2.8,61,Printemps,1730.96,1727.81,1
1037,2024-12-31,Maison,169.53,2,41,F,Bordeaux,Google_Ads,4.6,35,Printemps,338.96,338.34,0
1038,2024-12-31,Sport,74.96,4,18,F,Paris,Instagram,4.4,90,Printemps,297.89,260.34,0
1039,2024-12-31,Électronique,848.8,1,32,M,Bordeaux,SEO,4.8,97,Printemps,851.66,775.16,1
1040,2024-12-31,Sport,141.35,1,38,M,Nantes,Instagram,5.0,180,Printemps,128.57,113.22,0
1041,2024-12-31,Maison,163.4,1,38,F,Lyon,Instagram,4.4,107,Printemps,162.56,148.12,0
1042,2024-12-31,Électronique,694.56,3,36,M,Bordeaux,Instagram,3.3,34,Printemps,2288.71,2128.34,1
1043,2024-12-31,Mode,122.62,1,40,M,Marseille,Instagram,3.9,85,Printemps,129.1,125.67,0
1044,2024-12-31,Électronique,705.87,3,21,F,Toulouse,SEO,5.0,117,Printemps,2027.63,1734.38,1
1045,2024-12-31,Maison,126.31,3,37,M,Lille,Google_Ads,5.0,72,Printemps,392.39,391.62,1
1046,2024-12-31,Sport,133.41,3,36,M,Paris,Facebook,4.3,177,Printemps,386.62,383.17,1
1047,2024-12-31,Électronique,252.19,2,37,M,Lyon,Facebook,4.4,178,Printemps,473.26,442.76,1
1048,2024-12-31,Mode,70.18,2,35,F,Nice,Instagram,4.6,106,Printemps,148.03,136.5,1
1049,2024-12-31,Sport,94.31,1,19,M,Nantes,Google_Ads,3.8,190,Printemps,88.83,82.84,0
1050,2024-12-31,Livres,13.5,1,19,M,Nantes,SEO,5.0,32,Printemps,14.47,12.34,0
1051,2024-12-31,Mode,34.75,4,18,M,Nice,Facebook,4.9,130,Printemps,135.68,130.34,1
1052,2024-12-31,Livres,12.6,1,44,F,Lyon,Instagram,4.2,127,Printemps,13.25,12.25,0
1053,2024-12-31,Mode,96.33,1,44,F,Nantes,Facebook,3.5,75,Printemps,91.69,81.87,0
1054,2024-12-31,Mode,110.72,1,45,M,Marseille,Instagram,2.1,25,Printemps,114.11,104.89,0
1055,2024-12-31,Sport,168.5,1,38,M,Paris,Google_Ads,4.6,87,Printemps,158.81,141.96,0
1056,2024-12-31,Mode,66.27,2,18,F,Toulouse,Email,4.0,71,Printemps,119.87,114.47,0
1057,2024-12-31,Mode,90.94,2,22,F,Lille,Google_Ads,3.0,196,Printemps,193.32,182.14,0
1058,2024-12-31,Mode,123.87,2,37,F,Paris,SEO,2.6,128,Printemps,265.39,241.03,1
1059,2024-12-31,Sport,63.8,1,36,M,Paris,Instagram,4.5,103,Printemps,68.65,61.59,0
1060,2024-12-31,Sport,134.0,4,32,M,Toulouse,Email,2.0,74,Printemps,486.29,477.39,0
1061,2024-12-31,Mode,106.11,5,39,F,Nice,Instagram,4.1,226,Printemps,558.24,531.63,1
1062,2024-12-31,Mode,41.18,2,35,F,Lyon,Email,4.7,35,Printemps,87.88,84.14,0
1063,2024-12-31,Mode,116.47,1,36,M,Nice,Instagram,4.4,34,Printemps,112.09,105.67,0
1064,2024-12-31,Maison,206.36,2,27,F,Bordeaux,Direct,3.4,272,Printemps,410.28,353.37,1
1065,2024-12-31,Électronique,247.55,2,46,F,Lille,Email,2.4,70,Printemps,485.98,417.4,0
1066,2024-12-31,Sport,54.11,1,29,F,Paris,Google_Ads,4.4,48,Printemps,53.47,48.89,0
1067,2024-12-31,Mode,37.29,1,19,F,Marseille,SEO,5.0,37,Printemps,39.88,39.46,0
1068,2024-12-31,Mode,65.14,4,25,M,Toulouse,Instagram,3.2,212,Printemps,256.27,238.0,0
1069,2024-12-31,Électronique,568.77,1,30,M,Lyon,Email,4.4,57,Printemps,546.29,536.12,1
1070,2024-12-31,Électronique,584.33,2,46,M,Bordeaux,Email,5.0,54,Printemps,1082.28,935.61,1
1071,2024-12-31,Livres,16.23,2,34,F,Bordeaux,SEO,4.2,120,Printemps,33.59,32.2,0
1072,2024-12-31,Mode,121.38,1,32,M,Lyon,Instagram,3.4,145,Printemps,111.29,98.69,1
1073,2024-12-31,Électronique,473.58,3,20,M,Paris,Google_Ads,4.9,124,Printemps,1296.04,1203.6,1
1074,2024-12-31,Mode,36.94,1,44,F,Toulouse,Facebook,3.0,104,Printemps,38.28,34.22,1
1075,2024-12-31,Mode,61.77,1,27,F,Nantes,Google_Ads,2.4,50,Printemps,64.17,61.4,0
1076,2024-12-31,Électronique,583.5,3,33,M,Nice,Google_Ads,4.7,125,Printemps,1645.14,1497.3,1
1077,2024-12-31,Mode,72.3,2,52,M,Lyon,Email,3.4,193,Printemps,157.83,145.09,0
1078,2024-12-31,Mode,59.2,1,41,F,Nantes,SEO,3.5,118,Printemps,62.61,55.52,0
1079,2024-12-31,Maison,83.64,5,18,F,Bordeaux,SEO,3.1,57,Printemps,433.78,387.03,1
1080,2024-12-31,Mode,112.37,2,18,M,Bordeaux,SEO,3.3,147,Printemps,236.17,207.1,0
1081,2024-12-31,Mode,129.62,2,34,M,Marseille,Email,5.0,70,Printemps,254.68,237.63,0
1082,2024-12-31,Livres,17.9,1,20,M,Marseille,Facebook,5.0,109,Printemps,17.74,15.46,1
1083,2024-12-31,Mode,69.71,3,42,F,Bordeaux,SEO,5.0,113,Printemps,224.61,199.95,1
1084,2024-12-31,Mode,92.76,8,35,F,Marseille,Instagram,5.0,317,Printemps,671.63,624.33,1
1085,2024-12-31,Électronique,709.95,1,36,F,Marseille,Instagram,4.3,130,Printemps,752.89,670.99,1
1086,2024-12-31,Mode,70.72,1,26,M,Marseille,Google_Ads,2.2,45,Printemps,69.98,65.66,0
1087,2024-12-31,Sport,157.88,1,55,M,Bordeaux,Google_Ads,3.6,49,Printemps,156.74,133.56,0
1088,2024-12-31,Électronique,603.0,2,69,M,Paris,Google_Ads,5.0,112,Printemps,1163.96,1159.29,1
1089,2024-12-31,Maison,141.07,4,31,F,Paris,SEO,3.3,206,Printemps,576.36,553.02,1
1090,2024-12-31,Électronique,661.5,1,39,M,Toulouse,Email,5.0,33,Printemps,684.75,633.78,1
1091,2024-12-31,Mode,125.4,1,36,M,Lille,Instagram,3.9,103,Printemps,116.89,115.5,0
1092,2024-12-31,Sport,143.81,2,31,M,Marseille,Facebook,1.0,148,Printemps,291.39,285.7,0
1093,2024-12-31,Mode,36.4,4,25,M,Paris,SEO,4.5,149,Printemps,144.58,130.85,0
1094,2024-12-31,Maison,119.82,1,21,M,Lille,SEO,5.0,276,Printemps,126.57,109.79,1
1095,2024-12-31,Électronique,542.62,2,21,M,Lyon,SEO,3.7,82,Printemps,1095.06,972.24,1
1096,2024-12-31,Maison,116.61,2,39,F,Marseille,Facebook,5.0,56,Printemps,229.94,202.65,0
1097,2024-12-31,Électronique,697.63,2,28,M,Paris,Facebook,2.0,69,Printemps,1403.33,1350.71,1
1098,2024-12-31,Sport,147.85,1,18,F,Paris,SEO,2.3,47,Printemps,147.57,137.57,0
1099,2024-12-31,Électronique,718.66,5,40,M,Nantes,Instagram,4.0,282,Printemps,3906.03,3818.21,1
1100,2024-12-31,Sport,168.64,1,34,M,Paris,Email,4.3,111,Printemps,162.3,149.87,0
1101,2024-12-31,Mode,59.07,3,51,F,Nantes,SEO,5.0,134,Printemps,160.82,155.27,0
1102,2024-12-31,Maison,217.5,4,39,M,Lille,Instagram,4.5,54,Printemps,898.18,807.03,1
1103,2024-12-31,Mode,107.25,3,18,M,Nantes,Instagram,2.5,59,Printemps,328.42,308.82,0
1104,2024-12-31,Livres,18.78,5,18,M,Lyon,Google_Ads,4.0,170,Printemps,101.59,96.1,0
1105,2024-12-31,Électronique,720.53,1,26,M,Nice,Instagram,4.5,99,Printemps,665.41,641.38,1
1106,2024-12-31,Électronique,295.25,2,27,M,Toulouse,Direct,1.7,61,Printemps,593.18,575.34,0
1107,2024-12-31,Mode,109.46,1,46,M,Nice,Instagram,3.8,104,Printemps,101.81,90.77,0
1108,2024-12-31,Électronique,584.32,3,34,F,Marseille,Instagram,3.4,74,Printemps,1737.44,1577.18,1
1109,2024-12-31,Électronique,422.3,5,48,F,Paris,SEO,3.1,25,Printemps,2237.9,1971.75,1
1110,2024-12-31,Livres,26.71,1,19,F,Toulouse,Google_Ads,4.3,45,Printemps,28.61,27.53,0
1111,2024-12-31,Livres,26.32,1,46,M,Bordeaux,Instagram,2.5,88,Printemps,28.08,25.01,0
1112,2024-12-31,Mode,52.92,2,43,F,Marseille,Facebook,4.3,175,Printemps,106.85,97.09,0
1113,2024-12-31,Livres,9.82,3,18,M,Bordeaux,Instagram,4.4,74,Printemps,30.25,29.36,0
1114,2024-12-31,Mode,74.78,1,50,F,Toulouse,Instagram,5.0,245,Printemps,75.55,68.07,0
1115,2024-12-31,Mode,88.03,3,36,M,Lille,Email,2.6,146,Printemps,267.32,238.91,0
1116,2024-12-31,Maison,217.79,1,39,F,Paris,Google_Ads,2.1,151,Printemps,234.57,222.29,1
1117,2024-12-31,Maison,227.08,1,24,M,Marseille,SEO,4.1,40,Printemps,213.88,213.09,0
1118,2024-12-31,Livres,23.28,3,50,M,Marseille,Facebook,3.5,155,Printemps,68.98,59.28,0
1119,2024-12-31,Mode,106.0,2,20,M,Paris,Facebook,5.0,75,Printemps,216.66,211.29,0
1120,2024-12-31,Maison,139.07,2,44,M,Toulouse,SEO,4.3,239,Printemps,292.91,254.32,1
1121,2024-12-31,Électronique,728.61,5,44,M,Lyon,Facebook,3.9,84,Printemps,3833.84,3457.11,1
1122,2024-12-31,Électronique,363.24,1,23,M,Lille,Instagram,3.6,65,Printemps,335.43,306.09,0
1123,2024-12-31,Électronique,475.47,2,58,M,Paris,Facebook,2.5,59,Printemps,898.05,860.16,1
1124,2024-12-31,Livres,26.12,1,37,F,Nice,Google_Ads,4.4,153,Printemps,28.27,27.96,0
1125,2024-12-31,Sport,44.82,3,42,M,Nice,SEO,3.7,37,Printemps,130.61,113.02,0
1126,2024-12-31,Sport,134.61,1,18,M,Nantes,SEO,3.7,108,Printemps,121.23,116.59,0
1127,2024-12-31,Mode,113.96,3,60,F,Marseille,Instagram,3.9,91,Printemps,321.37,288.7,0
1128,2024-12-31,Mode,71.42,3,20,M,Lyon,Direct,4.0,58,Printemps,234.37,230.92,0
1129,2024-12-31,Électronique,527.36,1,47,M,Marseille,Google_Ads,1.9,146,Printemps,507.29,452.37,1
1130,2024-12-31,Mode,115.5,5,23,M,Bordeaux,SEO,4.7,149,Printemps,590.63,563.51,1
1131,2024-12-31,Mode,108.13,4,27,M,Marseille,Instagram,2.9,54,Printemps,452.11,395.47,0
1132,2024-12-31,Sport,79.24,1,44,F,Nice,Instagram,3.6,46,Printemps,81.56,81.05,0
1133,2024-12-31,Mode,64.09,1,47,F,Lille,Facebook,5.0,96,Printemps,62.52,53.18,0
1134,2024-12-31,Électronique,683.24,3,19,F,Paris,Facebook,5.0,155,Printemps,2021.2,1788.62,1
1135,2024-12-31,Électronique,605.16,1,48,F,Marseille,Direct,1.9,101,Printemps,646.07,614.66,1
1136,2024-12-31,Électronique,334.5,1,47,M,Nice,Instagram,3.8,142,Printemps,345.4,337.81,1
1137,2024-12-31,Mode,62.72,2,23,F,Nantes,Facebook,4.1,32,Printemps,113.48,113.37,0
1138,2024-12-31,Livres,33.3,1,54,M,Bordeaux,Google_Ads,2.1,46,Printemps,31.32,27.44,0
1139,2024-12-31,Maison,183.87,1,18,M,Nice,Google_Ads,4.7,126,Printemps,176.01,157.72,0
1140,2024-12-31,Sport,168.21,1,27,M,Bordeaux,Instagram,3.9,60,Printemps,163.69,161.03,0
1141,2024-12-31,Mode,107.28,1,40,F,Paris,Google_Ads,4.0,183,Printemps,108.93,93.12,0
1142,2024-12-31,Mode,124.34,1,24,F,Bordeaux,Instagram,2.8,74,Printemps,121.02,116.18,1
1143,2024-12-31,Électronique,370.93,1,38,F,Toulouse,Instagram,4.3,50,Printemps,395.04,360.85,0
1144,2024-12-31,Sport,140.86,2,37,F,Paris,Email,4.7,49,Printemps,280.25,267.17,1
1145,2024-12-31,Sport,45.08,2,32,M,Lille,Email,3.9,106,Printemps,90.19,83.77,0
1146,2024-12-31,Électronique,677.76,4,44,M,Paris,Google_Ads,3.2,48,Printemps,2671.68,2522.25,1
1147,2024-12-31,Mode,78.26,1,32,F,Nice,Instagram,3.3,31,Printemps,75.29,71.52,0
1148,2024-12-31,Mode,66.31,4,37,M,Lyon,Google_Ads,4.0,61,Printemps,277.16,261.83,0
1149,2024-12-31,Maison,215.23,1,48,F,Bordeaux,SEO,3.9,284,Printemps,203.59,193.35,1
1150,2024-12-31,Livres,32.07,2,44,M,Bordeaux,SEO,4.8,30,Printemps,66.56,62.25,0
1151,2024-12-31,Maison,64.01,2,44,F,Nantes,Google_Ads,3.3,65,Printemps,128.79,123.26,0
1152,2024-12-31,Mode,91.93,4,21,M,Nice,Instagram,2.5,59,Printemps,338.46,327.09,0
1153,2024-12-31,Électronique,473.29,1,41,F,Marseille,Direct,4.2,63,Printemps,427.66,414.06,1
1154,2024-12-31,Électronique,505.57,1,24,F,Lyon,Instagram,3.3,83,Printemps,472.15,461.77,1
1155,2024-12-31,Électronique,786.63,4,19,F,Toulouse,Instagram,4.7,123,Printemps,3310.77,2971.29,1
1156,2024-12-31,Électronique,434.14,3,34,F,Marseille,Google_Ads,3.8,157,Printemps,1272.36,1223.84,1
1157,2024-12-31,Maison,229.75,5,24,M,Paris,Google_Ads,4.5,369,Printemps,1218.79,1209.04,1
1158,2024-12-31,Maison,92.33,2,44,F,Lille,Facebook,2.7,128,Printemps,184.74,167.21,0
1159,2024-12-31,Électronique,672.34,3,44,M,Nantes,Instagram,4.0,182,Printemps,1828.52,1767.53,1
1160,2024-12-31,Sport,128.19,2,18,M,Bordeaux,Google_Ads,3.0,65,Printemps,274.13,245.0,0
1161,2024-12-31,Électronique,395.23,2,25,M,Toulouse,Instagram,2.5,78,Printemps,859.43,753.15,1
1162,2024-12-31,Mode,64.16,1,18,M,Nice,SEO,2.9,76,Printemps,58.7,53.83,0
1163,2024-12-31,Électronique,788.49,2,29,F,Toulouse,Facebook,3.2,59,Printemps,1484.99,1441.9,1
1164,2024-12-31,Mode,106.78,1,40,M,Lille,SEO,5.0,108,Printemps,111.38,99.8,0
1165,2024-12-31,Mode,64.59,1,32,M,Paris,Direct,3.2,39,Printemps,71.01,63.5,0
1166,2024-12-31,Mode,84.56,1,27,M,Paris,Facebook,2.4,59,Printemps,90.92,81.07,0
1167,2024-12-31,Mode,38.51,2,50,M,Lyon,Direct,3.9,197,Printemps,70.85,62.54,1
1168,2024-12-31,Livres,14.64,1,18,M,Marseille,Instagram,3.8,105,Printemps,14.95,14.08,0
1169,2024-12-31,Électronique,552.93,3,49,F,Bordeaux,Direct,3.3,188,Printemps,1713.59,1519.1,1
1170,2024-12-31,Électronique,283.03,1,28,M,Toulouse,SEO,3.6,104,Printemps,290.44,287.6,1
1171,2024-12-31,Électronique,794.25,2,34,M,Nice,SEO,4.9,92,Printemps,1610.12,1452.15,1
1172,2024-12-31,Maison,189.24,4,28,F,Nice,SEO,4.5,55,Printemps,725.51,675.71,1
1173,2024-12-31,Électronique,861.95,2,53,M,Bordeaux,Facebook,4.4,98,Printemps,1782.0,1624.07,1
1174,2024-12-31,Sport,130.92,1,20,F,Toulouse,SEO,2.5,56,Printemps,136.9,136.13,0
1175,2024-12-31,Mode,124.19,1,35,F,Lille,Facebook,5.0,49,Printemps,126.07,115.18,0
1176,2024-12-31,Mode,86.56,4,41,M,Lyon,Instagram,5.0,61,Printemps,346.06,323.41,1
1177,2024-12-31,Maison,168.04,1,18,M,Nantes,Instagram,4.4,133,Printemps,158.6,152.97,0
1178,2024-12-31,Électronique,884.46,1,23,M,Paris,Facebook,2.5,168,Printemps,892.37,781.44,1
1179,2024-12-31,Électronique,658.44,1,33,M,Lyon,SEO,4.8,145,Printemps,609.48,521.04,1
1180,2024-12-31,Mode,35.5,4,24,F,Bordeaux,Google_Ads,3.2,50,Printemps,129.87,119.25,0
1181,2024-12-31,Maison,190.28,3,25,M,Nantes,Facebook,3.6,103,Printemps,602.58,561.96,1
1182,2024-12-31,Électronique,836.19,1,30,F,Marseille,Email,2.0,65,Printemps,865.67,773.1,1
1183,2024-12-31,Électronique,762.02,1,42,F,Lille,Instagram,2.4,101,Printemps,784.73,721.46,1
1184,2024-12-31,Livres,24.76,3,30,F,Paris,Direct,4.3,71,Printemps,80.65,76.0,0
1185,2024-12-31,Électronique,678.13,1,47,M,Paris,Facebook,4.9,166,Printemps,661.96,659.31,1
1186,2024-12-31,Sport,168.75,2,23,F,Paris,Direct,4.6,162,Printemps,330.73,310.98,1
1187,2024-12-31,Sport,54.06,4,19,M,Marseille,SEO,4.5,148,Printemps,212.51,194.94,1
1188,2024-12-31,Mode,97.56,6,58,M,Nice,Google_Ads,3.7,101,Printemps,581.27,496.05,1
1189,2024-12-31,Électronique,416.29,1,27,F,Bordeaux,Google_Ads,3.4,148,Printemps,417.36,374.2,1
1190,2024-12-31,Électronique,657.06,2,19,M,Bordeaux,SEO,4.1,41,Printemps,1387.19,1253.71,1
1191,2024-12-31,Maison,169.37,3,18,F,Lyon,Facebook,4.7,82,Printemps,479.43,441.81,1
1192,2024-12-31,Maison,87.62,3,47,F,Nice,Google_Ads,3.8,181,Printemps,259.4,250.93,0
1193,2024-12-31,Sport,68.86,2,30,M,Nantes,Facebook,5.0,59,Printemps,137.86,133.23,0
1194,2024-12-31,Livres,25.78,1,31,M,Toulouse,SEO,3.6,155,Printemps,24.08,23.52,0
1195,2024-12-31,Maison,83.08,3,33,M,Lyon,Google_Ads,2.7,98,Printemps,259.31,231.69,0
1196,2024-12-31,Électronique,404.0,1,47,M,Bordeaux,SEO,3.8,88,Printemps,368.14,332.05,0
1197,2024-12-31,Électronique,788.79,1,32,M,Paris,Google_Ads,3.9,77,Printemps,802.34,700.07,1
1198,2024-12-31,Sport,84.2,1,63,M,Marseille,SEO,3.7,52,Printemps,79.19,77.49,0
1199,2024-12-31,Électronique,554.44,2,36,F,Bordeaux,SEO,5.0,176,Printemps,999.87,947.71,1
1200,2024-12-31,Électronique,860.27,3,47,F,Nice,Instagram,4.7,113,Printemps,2485.72,2141.77,1
1201,2024-12-31,Maison,100.89,4,44,F,Nice,Facebook,2.2,154,Printemps,397.83,356.27,1
1202,2024-12-31,Mode,70.49,2,34,F,Marseille,Direct,5.0,149,Printemps,149.92,130.87,0
1203,2024-12-31,Livres,25.37,1,27,F,Lille,SEO,1.0,71,Printemps,24.91,24.79,0
1204,2024-12-31,Maison,195.96,1,38,M,Paris,SEO,5.0,79,Printemps,212.24,190.74,0
1205,2024-12-31,Électronique,833.62,4,41,M,Lille,Instagram,3.5,49,Printemps,3562.9,3293.8,1
1206,2024-12-31,Livres,33.72,2,28,M,Bordeaux,Google_Ads,3.6,43,Printemps,63.29,56.82,0
1207,2024-12-31,Mode,108.22,3,36,F,Lyon,Facebook,3.7,175,Printemps,302.31,278.47,1
1208,2024-12-31,Mode,54.76,2,49,F,Bordeaux,Instagram,4.2,84,Printemps,103.91,103.89,0
1209,2024-12-31,Mode,34.92,2,59,F,Lille,Facebook,3.8,127,Printemps,67.88,60.62,0
1210,2024-12-31,Électronique,484.05,4,45,M,Marseille,Instagram,3.7,52,Printemps,1968.52,1756.69,1
1211,2024-12-31,Mode,46.3,1,57,F,Nantes,Instagram,5.0,68,Printemps,42.82,38.78,0
1212,2024-12-31,Électronique,704.51,1,27,F,Nantes,Instagram,4.4,81,Printemps,709.03,620.68,1
1213,2024-12-31,Mode,96.96,2,43,M,Bordeaux,Google_Ads,2.7,80,Printemps,197.05,189.34,0
1214,2024-12-31,Mode,36.79,1,51,M,Toulouse,Email,4.6,39,Printemps,37.97,34.44,0
1215,2024-12-31,Sport,149.17,1,24,F,Lyon,Google_Ads,4.4,41,Printemps,150.66,141.19,0
1216,2024-12-31,Sport,74.21,4,29,M,Lille,Instagram,3.2,56,Printemps,316.17,300.1,0
1217,2024-12-31,Électronique,516.75,1,55,M,Bordeaux,Facebook,4.7,114,Printemps,531.39,454.5,1
1218,2024-12-31,Mode,97.62,4,23,M,Nice,SEO,3.6,120,Printemps,423.65,401.03,1
1219,2024-12-31,Mode,74.37,1,18,F,Lille,Google_Ads,3.6,123,Printemps,77.36,71.94,0
1220,2024-12-31,Électronique,522.87,1,53,F,Lille,Facebook,3.5,157,Printemps,516.19,445.17,1
1221,2024-12-31,Sport,50.87,1,49,F,Paris,Email,1.1,31,Printemps,47.91,41.62,0
1222,2024-12-31,Maison,132.26,1,40,M,Nantes,Instagram,3.2,91,Printemps,119.31,109.3,0
1223,2024-12-31,Électronique,741.27,1,34,F,Toulouse,Google_Ads,4.6,117,Printemps,680.55,613.82,1
1224,2024-12-31,Mode,121.73,2,29,M,Nantes,Google_Ads,3.8,251,Printemps,228.35,209.08,0
1225,2024-12-31,Électronique,504.11,3,38,F,Marseille,Instagram,2.4,147,Printemps,1426.56,1348.57,1
1226,2024-12-31,Maison,136.25,3,53,F,Nice,Google_Ads,4.9,92,Printemps,428.52,374.17,1
1227,2024-12-31,Électronique,699.27,1,37,F,Toulouse,Email,3.5,76,Printemps,683.34,648.74,1
1228,2024-12-31,Livres,34.45,1,61,F,Paris,Email,2.5,43,Printemps,33.25,32.34,0
1229,2024-12-31,Sport,76.55,6,24,M,Nantes,Google_Ads,5.0,75,Printemps,418.18,355.64,0
1230,2024-12-31,Mode,75.41,1,34,M,Lille,SEO,2.6,108,Printemps,76.0,68.8,0
1231,2024-12-31,Maison,203.28,5,30,M,Nice,Email,4.8,117,Printemps,1039.33,926.33,1
1232,2024-12-31,Livres,25.46,2,21,M,Lyon,Google_Ads,3.0,54,Printemps,54.77,50.11,0
1233,2024-12-31,Maison,79.91,5,33,M,Lyon,Instagram,3.9,52,Printemps,399.75,376.69,0
1234,2024-12-31,Électronique,648.72,1,40,M,Paris,SEO,2.8,122,Printemps,584.85,513.58,1
1235,2024-12-31,Mode,50.71,1,41,F,Lyon,SEO,2.4,99,Printemps,46.3,40.29,0
1236,2024-12-31,Sport,107.55,1,61,M,Lille,SEO,4.4,64,Printemps,102.63,98.45,0
1237,2024-12-31,Maison,155.24,5,40,M,Toulouse,Google_Ads,4.2,141,Printemps,720.18,686.23,1
1238,2024-12-31,Maison,217.72,1,48,M,Bordeaux,Instagram,5.0,99,Printemps,229.5,210.94,0
1239,2024-12-31,Sport,101.47,1,35,M,Lille,SEO,3.8,82,Printemps,93.51,86.52,0
1240,2024-12-31,Sport,78.13,2,55,M,Nice,Instagram,5.0,38,Printemps,145.66,129.7,0
1241,2024-12-31,Livres,15.24,2,63,M,Nantes,Facebook,4.1,103,Printemps,31.49,28.32,0
1242,2024-12-31,Électronique,815.12,5,41,F,Nice,SEO,4.4,64,Printemps,3863.37,3469.35,1
1243,2024-12-31,Mode,49.17,2,23,F,Bordeaux,SEO,2.3,74,Printemps,107.57,103.16,1
1244,2024-12-31,Maison,136.66,1,28,M,Nice,SEO,3.1,108,Printemps,146.58,136.81,0
1245,2024-12-31,Sport,66.36,2,38,M,Lyon,Google_Ads,4.4,65,Printemps,139.22,133.57,0
1246,2024-12-31,Maison,199.19,1,40,F,Toulouse,SEO,3.7,52,Printemps,192.95,181.1,0
1247,2024-12-31,Électronique,545.2,3,43,F,Marseille,Facebook,4.0,49,Printemps,1490.62,1389.03,1
1248,2024-12-31,Sport,87.27,4,40,F,Marseille,SEO,2.9,196,Printemps,337.66,303.25,1
1249,2024-12-31,Maison,125.0,1,35,M,Lille,SEO,3.9,67,Printemps,121.92,110.86,0
1250,2024-12-31,Électronique,800.24,2,27,F,Lille,Instagram,3.9,73,Printemps,1481.23,1456.21,1
1251,2024-12-31,Mode,86.49,1,39,M,Lyon,SEO,2.5,93,Printemps,79.93,74.85,0
1252,2024-12-31,Électronique,709.56,2,57,F,Marseille,SEO,4.5,160,Printemps,1466.83,1362.2,1
1253,2024-12-31,Mode,119.96,2,47,F,Nice,Instagram,1.9,93,Printemps,227.08,194.83,0
1254,2024-12-31,Électronique,833.68,3,41,M,Marseille,Instagram,4.0,59,Printemps,2590.07,2462.21,1
1255,2024-12-31,Mode,64.53,2,47,F,Lille,Google_Ads,5.0,62,Printemps,130.31,124.17,0
1256,2024-12-31,Mode,125.36,2,30,F,Nantes,SEO,4.5,78,Printemps,270.86,258.29,0
1257,2024-12-31,Maison,64.48,2,28,F,Marseille,Email,4.5,191,Printemps,136.62,118.0,0
1258,2024-12-31,Maison,127.83,3,26,F,Lille,Google_Ads,2.8,94,Printemps,356.75,319.32,1
1259,2024-12-31,Sport,156.71,2,33,M,Paris,Google_Ads,5.0,101,Printemps,320.33,290.12,0
1260,2024-12-31,Électronique,410.38,3,29,F,Nice,Instagram,5.0,83,Printemps,1268.84,1235.82,1
1261,2024-12-31,Électronique,409.33,1,49,M,Marseille,Google_Ads,2.9,113,Printemps,438.97,437.7,1
1262,2024-12-31,Sport,81.08,1,29,F,Bordeaux,SEO,3.3,103,Printemps,83.37,76.05,0
1263,2024-12-31,Électronique,638.31,2,25,M,Toulouse,SEO,5.0,185,Printemps,1184.89,1105.67,1
1264,2024-12-31,Livres,20.83,4,58,M,Lyon,SEO,5.0,35,Printemps,79.31,67.5,0
1265,2024-12-31,Sport,135.16,3,29,M,Toulouse,Email,2.4,171,Printemps,416.63,354.69,1
1266,2024-12-31,Mode,119.75,1,36,M,Nice,Instagram,2.7,105,Printemps,129.62,111.63,0
1267,2024-12-31,Livres,27.2,2,40,F,Nice,Email,3.6,98,Printemps,58.67,56.2,0
1268,2024-12-31,Électronique,363.02,2,21,F,Lille,Instagram,1.4,62,Printemps,705.58,618.6,1
1269,2024-12-31,Mode,123.44,2,49,M,Marseille,Email,3.8,29,Printemps,263.2,253.64,0
1270,2024-12-31,Maison,107.61,1,42,F,Marseille,Email,5.0,112,Printemps,107.85,98.66,0
1271,2024-12-31,Mode,47.11,1,53,F,Nantes,Email,2.2,85,Printemps,46.78,45.73,0
1272,2024-12-31,Livres,11.43,3,26,F,Lille,Facebook,3.9,264,Printemps,33.26,32.62,0
1273,2024-12-31,Électronique,605.28,1,36,F,Bordeaux,Email,3.2,47,Printemps,626.86,615.56,0
1274,2024-12-31,Mode,43.59,1,35,M,Marseille,Direct,5.0,76,Printemps,44.46,41.42,0
1275,2024-12-31,Maison,84.98,3,38,F,Paris,Instagram,3.2,105,Printemps,248.55,240.66,0
1276,2024-12-31,Maison,114.01,4,18,F,Lyon,Instagram,5.0,213,Printemps,479.99,455.65,1
1277,2024-12-31,Mode,59.96,2,36,M,Lille,Google_Ads,3.1,101,Printemps,117.03,102.75,0
1278,2024-12-31,Mode,91.41,2,18,F,Marseille,Instagram,4.6,91,Printemps,185.91,168.66,0
1279,2024-12-31,Sport,146.64,3,39,M,Toulouse,Google_Ads,4.1,46,Printemps,430.44,428.01,0
1280,2024-12-31,Électronique,738.91,1,18,F,Nantes,SEO,3.6,96,Printemps,682.29,659.02,1
1281,2024-12-31,Sport,75.97,1,18,M,Nantes,Facebook,2.9,51,Printemps,70.82,62.99,0
1282,2024-12-31,Maison,104.16,3,44,F,Lyon,SEO,4.2,63,Printemps,322.26,287.51,0
1283,2024-12-31,Sport,165.64,1,28,F,Nice,Instagram,3.3,97,Printemps,175.95,156.26,0
1284,2024-12-31,Maison,61.48,1,23,F,Lille,Instagram,3.0,78,Printemps,61.09,54.94,0
1285,2024-12-31,Électronique,818.81,1,50,F,Lille,Google_Ads,5.0,120,Printemps,790.25,781.75,1
1286,2024-12-31,Maison,95.95,2,38,M,Lille,SEO,4.4,77,Printemps,185.63,169.85,0
1287,2024-12-31,Sport,163.28,3,45,M,Bordeaux,Google_Ads,4.5,104,Printemps,499.4,451.78,0
1288,2024-12-31,Mode,65.87,3,33,F,Paris,Google_Ads,3.4,52,Printemps,196.35,173.94,1
1289,2024-12-31,Livres,20.89,3,67,F,Nantes,Facebook,3.6,57,Printemps,56.41,55.5,0
1290,2024-12-31,Mode,101.44,1,27,F,Lille,Instagram,3.5,162,Printemps,106.95,106.27,0
1291,2024-12-31,Électronique,621.68,2,55,F,Bordeaux,Instagram,4.2,268,Printemps,1154.41,1037.27,1
1292,2024-12-31,Mode,63.5,3,34,F,Nice,Facebook,4.5,255,Printemps,197.16,185.82,0
1293,2024-12-31,Livres,23.95,2,18,M,Lille,SEO,3.8,64,Printemps,46.41,46.12,0
1294,2024-12-31,Mode,103.74,5,40,F,Nice,Facebook,2.9,110,Printemps,526.81,487.26,1
1295,2024-12-31,Sport,47.9,6,38,M,Nice,Direct,4.6,76,Printemps,307.8,283.27,0
1296,2024-12-31,Sport,43.93,1,22,M,Lille,SEO,3.8,98,Printemps,40.89,37.99,0
1297,2024-12-31,Mode,77.16,1,23,M,Nice,Facebook,2.2,84,Printemps,81.45,69.63,0
1298,2024-12-31,Électronique,313.99,1,34,F,Bordeaux,Direct,1.5,66,Printemps,285.0,255.08,1
1299,2024-12-31,Maison,179.58,1,39,M,Paris,Email,4.1,84,Printemps,194.72,185.92,0
1300,2024-12-31,Mode,53.37,1,18,M,Lyon,Email,2.9,28,Printemps,50.18,49.93,0
1301,2024-12-31,Sport,97.69,2,47,F,Nantes,Google_Ads,4.3,70,Printemps,206.88,193.5,0
1302,2024-12-31,Mode,51.77,1,29,F,Nice,Instagram,2.9,112,Printemps,47.29,41.55,0
1303,2024-12-31,Mode,85.98,1,19,M,Marseille,Email,3.9,151,Printemps,83.0,75.87,0
1304,2024-12-31,Sport,57.3,1,46,M,Toulouse,Email,3.4,81,Printemps,58.83,54.33,0
1305,2024-12-31,Mode,34.75,5,34,F,Lille,Facebook,5.0,230,Printemps,179.28,156.49,0
1306,2024-12-31,Mode,37.49,3,49,M,Paris,Instagram,4.8,110,Printemps,116.93,105.16,0
1307,2024-12-31,Mode,125.54,1,40,F,Nantes,Instagram,5.0,206,Printemps,121.8,111.66,1
1308,2024-12-31,Mode,46.37,1,34,F,Marseille,Instagram,3.8,102,Printemps,47.91,42.61,0
1309,2024-12-31,Mode,101.58,2,33,F,Lille,Instagram,4.7,26,Printemps,200.25,180.84,0
1310,2024-12-31,Sport,51.16,3,40,F,Toulouse,Facebook,3.9,192,Printemps,155.51,138.62,0
1311,2024-12-31,Mode,43.05,1,30,M,Marseille,Facebook,5.0,89,Printemps,43.45,40.93,0
1312,2024-12-31,Mode,82.12,1,24,M,Nice,Facebook,3.7,77,Printemps,76.67,71.82,0
1313,2024-12-31,Maison,143.68,1,42,M,Bordeaux,SEO,2.3,38,Printemps,153.64,143.31,0
1314,2024-12-31,Mode,125.28,1,33,F,Toulouse,Google_Ads,1.6,123,Printemps,134.48,116.26,0
1315,2024-12-31,Mode,124.62,1,35,M,Nantes,SEO,5.0,52,Printemps,117.24,102.88,0
1316,2024-12-31,Livres,30.05,1,48,F,Paris,SEO,4.3,197,Printemps,29.55,25.61,0
1317,2024-12-31,Maison,168.38,3,33,F,Paris,Facebook,4.4,83,Printemps,501.59,431.11,0
1318,2024-12-31,Maison,141.89,4,35,M,Nantes,Instagram,5.0,166,Printemps,573.12,508.38,1
1319,2024-12-31,Maison,124.11,1,27,F,Nice,SEO,2.0,44,Printemps,112.25,98.69,0
1320,2024-12-31,Électronique,864.28,3,40,F,Nice,Instagram,3.4,190,Printemps,2727.07,2614.57,1
1321,2024-12-31,Maison,168.52,1,39,F,Lyon,Google_Ads,3.5,127,Printemps,180.72,172.48,0
1322,2024-12-31,Mode,88.96,4,45,F,Lyon,Facebook,4.6,83,Printemps,330.37,290.8,1
1323,2024-12-31,Mode,55.11,1,28,M,Nice,Instagram,3.0,160,Printemps,59.48,52.04,0
1324,2024-12-31,Mode,37.05,2,29,M,Marseille,SEO,2.5,89,Printemps,79.31,69.13,0
1325,2024-12-31,Électronique,863.0,1,44,M,Bordeaux,Facebook,2.5,213,Printemps,870.3,781.53,1
1326,2024-12-31,Électronique,436.77,3,38,M,Marseille,Email,5.0,70,Printemps,1251.28,1118.8,1
1327,2024-12-31,Livres,20.95,2,24,M,Lille,Facebook,3.0,152,Printemps,39.45,33.7,0
1328,2024-12-31,Mode,43.68,1,50,M,Paris,Google_Ads,3.2,132,Printemps,43.58,40.76,0
1329,2024-12-31,Mode,114.1,3,18,F,Marseille,Facebook,4.5,41,Printemps,342.79,337.55,1
1330,2024-12-31,Électronique,243.65,1,44,M,Marseille,Google_Ads,3.0,41,Printemps,251.05,233.69,1
1331,2024-12-31,Électronique,787.94,3,19,F,Nice,Email,1.9,62,Printemps,2506.44,2154.46,1
1332,2024-12-31,Maison,85.25,1,57,M,Nantes,Google_Ads,2.1,97,Printemps,92.66,87.09,1
1333,2024-12-31,Mode,118.94,1,18,F,Toulouse,Email,3.7,146,Printemps,125.99,116.25,0
1334,2024-12-31,Mode,103.65,1,48,M,Paris,Instagram,4.3,119,Printemps,112.13,110.57,0
1335,2024-12-31,Électronique,336.15,2,34,M,Nice,Email,3.6,159,Printemps,672.22,608.01,1
1336,2024-12-31,Maison,161.85,1,30,M,Paris,Facebook,4.3,86,Printemps,146.92,141.46,0
1337,2024-12-31,Électronique,436.04,1,37,M,Nice,Email,2.0,125,Printemps,396.96,339.7,0
1338,2024-12-31,Électronique,345.31,2,42,F,Lyon,SEO,2.1,84,Printemps,658.64,631.12,1
1339,2024-12-31,Mode,116.27,4,24,M,Lyon,Google_Ads,5.0,83,Printemps,475.68,407.29,0
1340,2024-12-31,Mode,71.84,2,25,F,Paris,Google_Ads,5.0,49,Printemps,138.95,125.29,0
1341,2024-12-31,Électronique,494.02,1,42,F,Toulouse,SEO,4.6,35,Printemps,461.03,457.44,0
1342,2024-12-31,Maison,90.58,1,18,F,Marseille,Google_Ads,3.1,76,Printemps,96.93,92.61,0
1343,2024-12-31,Maison,128.95,1,27,F,Lille,Google_Ads,3.5,101,Printemps,141.46,139.87,0
1344,2024-12-31,Sport,153.63,1,70,M,Marseille,Instagram,3.8,62,Printemps,138.78,128.28,0
1345,2024-12-31,Mode,67.91,2,23,M,Toulouse,Instagram,5.0,79,Printemps,124.66,117.29,0
1346,2024-12-31,Électronique,867.33,3,48,M,Lille,Facebook,4.2,78,Printemps,2601.65,2413.46,1
1347,2024-12-31,Mode,124.77,2,27,F,Paris,Facebook,4.4,53,Printemps,241.43,222.56,0
1348,2024-12-31,Livres,12.91,2,41,F,Nantes,SEO,3.6,58,Printemps,27.28,25.56,0
1349,2024-12-31,Maison,91.92,2,42,F,Lille,SEO,4.7,145,Printemps,189.51,162.19,0
1350,2024-12-31,Maison,215.28,5,48,F,Lyon,SEO,4.1,89,Printemps,983.51,863.38,1
1351,2024-12-31,Électronique,490.11,4,32,F,Nantes,Instagram,3.8,114,Printemps,1978.05,1745.02,1
1352,2024-12-31,Mode,32.93,1,58,F,Nice,Instagram,3.0,33,Printemps,31.85,28.9,0
1353,2024-12-31,Électronique,409.86,1,27,M,Toulouse,Google_Ads,3.7,179,Printemps,447.99,409.99,1
1354,2024-12-31,Maison,167.57,1,37,M,Paris,Facebook,2.6,86,Printemps,166.74,160.23,0
1355,2024-12-31,Livres,30.58,1,37,M,Toulouse,Google_Ads,3.8,147,Printemps,33.2,29.04,1
1356,2024-12-31,Livres,12.6,2,21,F,Bordeaux,SEO,3.9,47,Printemps,22.83,21.36,0
1357,2024-12-31,Mode,43.28,1,31,M,Lille,Facebook,1.2,94,Printemps,39.84,35.49,0
1358,2024-12-31,Mode,122.4,3,36,M,Lille,Instagram,3.5,74,Printemps,358.86,332.79,1
1359,2024-12-31,Livres,29.28,3,29,F,Nice,Google_Ads,2.5,242,Printemps,94.64,89.34,1
1360,2024-12-31,Maison,166.16,1,64,F,Toulouse,Google_Ads,4.3,67,Printemps,167.64,157.14,1
1361,2024-12-31,Électronique,744.2,1,24,F,Nantes,Email,4.5,106,Printemps,792.45,699.18,1
1362,2024-12-31,Mode,74.31,2,49,F,Bordeaux,SEO,3.3,46,Printemps,142.19,135.99,0
1363,2024-12-31,Électronique,736.96,2,45,F,Bordeaux,Google_Ads,4.4,104,Printemps,1359.39,1288.79,1
1364,2024-12-31,Mode,68.75,1,34,F,Paris,Facebook,4.5,96,Printemps,65.26,64.59,0
1365,2024-12-31,Mode,56.3,3,24,F,Nantes,Google_Ads,3.5,166,Printemps,173.81,164.27,0
1366,2024-12-31,Maison,191.22,1,25,F,Nice,Facebook,5.0,113,Printemps,205.43,196.81,0
1367,2024-12-31,Mode,73.42,1,28,M,Marseille,Facebook,3.0,71,Printemps,72.76,70.69,0
1368,2024-12-31,Électronique,887.43,1,18,F,Bordeaux,SEO,5.0,99,Printemps,833.05,721.34,1
1369,2024-12-31,Mode,66.57,1,22,M,Toulouse,Google_Ads,3.6,34,Printemps,68.41,65.29,0
1370,2024-12-31,Sport,160.02,2,18,F,Lille,Instagram,2.9,97,Printemps,300.64,269.91,1
1371,2024-12-31,Maison,227.93,1,51,F,Bordeaux,SEO,3.4,150,Printemps,231.14,225.01,1
1372,2024-12-31,Mode,56.08,4,42,M,Toulouse,SEO,2.6,89,Printemps,206.48,190.38,1
1373,2024-12-31,Livres,30.55,2,44,M,Paris,Direct,4.7,41,Printemps,64.91,60.82,0
1374,2024-12-31,Livres,20.69,1,42,F,Paris,Instagram,2.0,95,Printemps,21.96,19.52,1
1375,2024-12-31,Électronique,844.33,1,37,M,Lille,Email,5.0,129,Printemps,851.3,806.67,1
1376,2024-12-31,Électronique,528.83,1,52,M,Nice,Direct,2.8,111,Printemps,479.99,410.56,1
1377,2024-12-31,Maison,193.97,1,27,F,Lille,Email,4.7,97,Printemps,185.45,178.45,0
1378,2024-12-31,Sport,102.04,4,36,F,Lille,Email,3.8,105,Printemps,378.63,331.11,1
1379,2024-12-31,Livres,15.15,3,43,M,Marseille,Email,4.1,119,Printemps,45.67,40.37,0
1380,2024-12-31,Sport,67.92,3,19,F,Lille,Instagram,3.2,52,Printemps,187.52,159.42,0
1381,2024-12-31,Maison,136.58,1,70,F,Nice,SEO,4.2,62,Printemps,146.68,131.57,0
1382,2024-12-31,Mode,106.16,1,35,F,Nantes,Facebook,3.9,125,Printemps,113.6,103.17,0
1383,2024-12-31,Électronique,633.42,2,36,M,Paris,Facebook,2.2,50,Printemps,1179.71,1044.16,1
1384,2024-12-31,Électronique,689.82,1,50,M,Nice,SEO,2.7,77,Printemps,716.71,633.95,1
1385,2024-12-31,Mode,60.03,1,45,M,Paris,Google_Ads,3.2,116,Printemps,62.39,61.38,0
1386,2024-12-31,Maison,146.66,1,35,M,Bordeaux,Facebook,3.0,150,Printemps,143.63,129.12,0
1387,2024-12-31,Maison,67.99,1,36,M,Lille,Email,5.0,73,Printemps,63.27,60.64,0
1388,2024-12-31,Maison,207.16,1,18,M,Marseille,Facebook,3.8,58,Printemps,191.91,169.96,0
1389,2024-12-31,Mode,129.01,1,28,M,Nantes,Facebook,2.9,113,Printemps,135.19,131.32,0
1390,2024-12-31,Maison,133.24,2,41,M,Lyon,Instagram,3.3,159,Printemps,251.56,239.4,0
1391,2024-12-31,Électronique,232.4,2,40,F,Bordeaux,Facebook,3.2,36,Printemps,474.42,457.07,0
1392,2024-12-31,Mode,49.05,1,49,M,Nice,Direct,3.5,92,Printemps,52.64,48.22,0
1393,2024-12-31,Sport,125.7,2,33,M,Nantes,SEO,2.6,188,Printemps,256.08,251.45,1
1394,2024-12-31,Maison,170.17,1,18,M,Toulouse,Instagram,2.9,51,Printemps,186.31,168.81,0
1395,2024-12-31,Livres,30.27,3,47,M,Marseille,Google_Ads,4.6,135,Printemps,93.46,87.86,0
1396,2024-12-31,Mode,57.25,2,52,M,Lille,Instagram,4.0,90,Printemps,110.26,104.31,0
1397,2024-12-31,Mode,106.95,1,45,M,Marseille,Instagram,3.6,88,Printemps,114.49,113.67,0
1398,2024-12-31,Mode,99.58,1,33,M,Lyon,Instagram,3.8,82,Printemps,95.81,83.37,0
1399,2024-12-31,Mode,63.97,1,47,F,Nantes,Instagram,3.7,108,Printemps,70.01,60.93,0
1400,2024-12-31,Sport,112.05,3,70,F,Marseille,Instagram,3.6,168,Printemps,334.65,307.65,0
1401,2024-12-31,Maison,86.51,2,36,M,Toulouse,Email,4.4,60,Printemps,188.7,186.38,1
1402,2024-12-31,Sport,100.2,1,19,F,Lyon,Facebook,4.3,62,Printemps,93.86,80.09,0
1403,2024-12-31,Électronique,819.81,2,27,F,Lyon,Instagram,2.1,90,Printemps,1479.39,1318.79,1
1404,2024-12-31,Sport,96.2,1,42,F,Nantes,Instagram,3.7,109,Printemps,90.36,80.65,0
1405,2024-12-31,Électronique,791.71,1,18,M,Lyon,SEO,2.1,69,Printemps,728.11,652.2,1
1406,2024-12-31,Sport,117.76,1,37,F,Nantes,Email,4.5,167,Printemps,123.27,105.23,0
1407,2024-12-31,Mode,51.21,3,39,M,Marseille,Instagram,4.6,68,Printemps,146.39,142.56,0
1408,2024-12-31,Mode,89.16,1,53,M,Toulouse,Direct,3.1,56,Printemps,91.64,78.02,0
1409,2024-12-31,Mode,81.83,1,50,F,Lille,Instagram,3.7,99,Printemps,84.59,77.97,0
1410,2024-12-31,Livres,19.76,2,45,F,Paris,Google_Ads,1.5,44,Printemps,41.01,35.21,0
1411,2024-12-31,Électronique,305.75,3,18,M,Nice,Instagram,4.9,355,Printemps,978.27,948.72,1
1412,2024-12-31,Mode,73.13,2,46,M,Paris,SEO,4.6,46,Printemps,135.99,130.82,0
1413,2024-12-31,Sport,51.78,2,43,F,Marseille,SEO,5.0,220,Printemps,94.24,90.31,0
1414,2024-12-31,Mode,42.13,2,38,F,Lille,Facebook,5.0,68,Printemps,76.33,73.31,0
1415,2024-12-31,Électronique,505.74,1,18,F,Paris,Instagram,2.5,37,Printemps,465.67,461.49,0
1416,2024-12-31,Mode,62.27,4,25,F,Toulouse,Instagram,4.8,115,Printemps,243.08,221.82,0
1417,2024-12-31,Mode,122.74,5,20,F,Lyon,Google_Ads,5.0,90,Printemps,671.07,657.13,0
1418,2024-12-31,Livres,19.14,1,18,F,Marseille,Instagram,2.2,226,Printemps,18.58,16.31,0
1419,2024-12-31,Sport,139.13,5,34,M,Marseille,Instagram,3.6,112,Printemps,689.08,632.37,1
1420,2024-12-31,Mode,84.2,1,25,M,Bordeaux,Google_Ads,3.4,77,Printemps,89.49,76.19,0
1421,2024-12-31,Livres,28.01,2,66,M,Bordeaux,Facebook,4.7,96,Printemps,60.71,54.19,0
1422,2024-12-31,Mode,57.86,1,32,M,Bordeaux,Google_Ads,1.2,23,Printemps,63.32,58.17,0
1423,2024-12-31,Électronique,860.79,2,50,M,Nantes,Instagram,5.0,31,Printemps,1833.97,1809.02,1
1424,2024-12-31,Mode,84.18,2,18,M,Lille,Instagram,3.7,37,Printemps,168.45,151.19,0
1425,2024-12-31,Mode,113.55,3,28,F,Nice,SEO,4.8,90,Printemps,322.23,306.4,1
1426,2024-12-31,Électronique,471.41,4,36,F,Marseille,Email,3.7,92,Printemps,1922.72,1874.83,1
1427,2024-12-31,Livres,11.71,4,24,M,Bordeaux,Email,4.3,122,Printemps,43.98,39.54,0
1428,2024-12-31,Sport,128.4,1,29,M,Marseille,Direct,1.2,103,Printemps,116.99,102.41,0
1429,2024-12-31,Mode,33.26,4,32,F,Lyon,Instagram,3.4,29,Printemps,144.18,135.34,0
1430,2024-12-31,Maison,145.55,1,32,F,Bordeaux,Google_Ads,4.7,117,Printemps,145.11,129.53,1
1431,2024-12-31,Maison,94.7,1,57,M,Marseille,Instagram,4.1,185,Printemps,94.86,89.92,0
1432,2024-12-31,Livres,25.94,1,39,F,Lille,Facebook,2.0,60,Printemps,26.51,23.07,0
1433,2024-12-31,Sport,167.38,1,40,F,Nantes,Google_Ads,3.9,313,Printemps,165.75,144.66,0
1434,2024-12-31,Mode,77.78,1,41,M,Toulouse,SEO,2.9,81,Printemps,76.91,73.18,0
1435,2024-12-31,Sport,146.73,3,42,F,Lille,Instagram,2.8,58,Printemps,476.74,474.85,1
1436,2024-12-31,Maison,151.4,2,34,M,Lille,Instagram,2.1,124,Printemps,321.97,285.6,1
1437,2024-12-31,Maison,149.25,1,31,M,Toulouse,Google_Ads,4.5,124,Printemps,140.67,134.64,0
1438,2024-12-31,Électronique,853.04,3,37,M,Bordeaux,Instagram,5.0,205,Printemps,2452.53,2280.38,1
1439,2024-12-31,Électronique,825.73,3,48,F,Lille,Instagram,5.0,150,Printemps,2556.76,2496.87,1
1440,2024-12-31,Mode,109.12,1,48,F,Nantes,Direct,2.2,79,Printemps,110.67,100.52,0
1441,2024-12-31,Mode,61.38,3,32,F,Paris,Instagram,4.6,149,Printemps,193.96,193.13,0
1442,2024-12-31,Électronique,592.88,1,44,M,Nice,Instagram,4.7,39,Printemps,619.87,534.55,1
1443,2024-12-31,Maison,100.3,2,32,F,Nantes,Facebook,3.2,115,Printemps,208.97,208.49,0
1444,2024-12-31,Électronique,524.64,1,35,F,Lyon,Google_Ads,2.8,79,Printemps,564.54,551.52,1
1445,2024-12-31,Maison,147.16,2,29,F,Nantes,SEO,2.6,39,Printemps,310.01,303.8,0
1446,2024-12-31,Mode,113.58,3,32,F,Marseille,Facebook,3.2,126,Printemps,323.23,315.59,0
1447,2024-12-31,Livres,33.19,3,51,F,Paris,SEO,4.0,173,Printemps,107.0,104.79,0
1448,2024-12-31,Mode,72.93,1,36,M,Bordeaux,Facebook,5.0,85,Printemps,70.53,68.57,0
1449,2024-12-31,Électronique,236.95,1,36,F,Marseille,Instagram,5.0,62,Printemps,256.42,252.56,1
1450,2024-12-31,Maison,215.12,2,18,F,Toulouse,Instagram,2.0,130,Printemps,458.14,421.09,1
1451,2024-12-31,Sport,64.72,3,31,F,Nantes,Facebook,2.9,50,Printemps,177.62,176.0,0
1452,2024-12-31,Livres,25.79,2,32,M,Marseille,Email,5.0,104,Printemps,54.38,49.36,0
1453,2024-12-31,Mode,34.93,5,25,F,Lille,Google_Ads,3.0,84,Printemps,174.68,167.56,0
1454,2024-12-31,Mode,71.45,6,35,M,Marseille,Email,3.7,53,Printemps,469.62,449.22,1
1455,2024-12-31,Livres,35.62,1,29,M,Marseille,Google_Ads,1.9,35,Printemps,35.32,34.38,0
1456,2024-12-31,Électronique,292.97,3,35,M,Nantes,SEO,5.0,161,Printemps,802.79,771.29,1
1457,2024-12-31,Maison,136.26,1,36,F,Lyon,Instagram,1.7,90,Printemps,130.63,111.73,0
1458,2024-12-31,Mode,62.45,1,23,M,Toulouse,Email,2.0,59,Printemps,61.58,59.17,0
1459,2024-12-31,Électronique,835.93,4,30,M,Nantes,Facebook,5.0,80,Printemps,3405.21,2906.33,1
1460,2024-12-31,Mode,117.26,3,35,M,Bordeaux,Direct,5.0,130,Printemps,327.31,304.39,0
1461,2024-12-31,Mode,55.68,3,49,F,Nice,SEO,3.5,65,Printemps,167.53,163.48,0
1462,2024-12-31,Maison,74.61,5,38,M,Nice,Instagram,3.7,80,Printemps,371.84,362.33,1
1463,2024-12-31,Livres,25.93,4,27,M,Toulouse,Instagram,4.8,69,Printemps,110.72,108.08,0
1464,2024-12-31,Mode,65.3,4,39,F,Paris,Instagram,4.1,79,Printemps,250.86,235.9,0
1465,2024-12-31,Sport,128.19,3,55,F,Lille,Instagram,3.4,77,Printemps,380.69,334.08,0
1466,2024-12-31,Électronique,246.68,1,46,M,Lyon,Instagram,3.3,114,Printemps,241.19,223.39,0
1467,2024-12-31,Mode,45.51,2,41,F,Paris,Facebook,2.1,52,Printemps,93.42,86.64,0
1468,2024-12-31,Électronique,688.3,2,43,M,Paris,Instagram,4.1,166,Printemps,1469.16,1320.36,1
1469,2024-12-31,Livres,14.73,4,52,F,Toulouse,SEO,3.7,116,Printemps,61.01,55.74,0
1470,2024-12-31,Sport,151.84,3,47,F,Lyon,Google_Ads,3.3,83,Printemps,452.34,443.67,0
1471,2024-12-31,Maison,70.55,1,41,M,Lille,Facebook,2.7,70,Printemps,72.49,67.25,0
1472,2024-12-31,Sport,69.97,2,47,F,Bordeaux,Facebook,2.8,65,Printemps,134.97,128.99,0
1473,2024-12-31,Maison,239.74,1,22,M,Lyon,Facebook,4.5,154,Printemps,222.68,205.84,0
1474,2024-12-31,Livres,20.69,2,18,M,Lyon,Email,4.8,73,Printemps,39.89,37.6,0
1475,2024-12-31,Maison,186.53,1,36,M,Lyon,Facebook,3.4,30,Printemps,184.43,159.33,0
1476,2024-12-31,Livres,13.93,1,35,M,Nice,Email,3.3,62,Printemps,13.76,13.62,0
1477,2024-12-31,Mode,91.96,2,28,M,Lille,Facebook,2.9,173,Printemps,192.66,176.36,0
1478,2024-12-31,Électronique,715.12,4,44,F,Nice,Instagram,4.8,53,Printemps,3110.12,2992.7,1
1479,2024-12-31,Mode,63.16,1,18,M,Lyon,Instagram,3.8,217,Printemps,61.76,58.67,1
1480,2024-12-31,Électronique,784.51,4,28,F,Lyon,Facebook,4.2,71,Printemps,2878.48,2791.81,1
1481,2024-12-31,Maison,168.62,2,29,F,Marseille,Facebook,4.2,69,Printemps,305.76,261.5,0
1482,2024-12-31,Mode,70.44,2,18,M,Marseille,Google_Ads,3.5,235,Printemps,126.9,125.67,0
1483,2024-12-31,Maison,160.38,1,52,M,Marseille,Instagram,2.5,88,Printemps,174.43,169.97,0
1484,2024-12-31,Électronique,614.31,2,18,F,Marseille,Google_Ads,2.7,124,Printemps,1350.42,1316.74,1
1485,2024-12-31,Électronique,336.74,1,27,F,Lyon,Google_Ads,5.0,59,Printemps,306.52,282.02,1
1486,2024-12-31,Mode,71.77,1,45,M,Nice,Google_Ads,3.0,68,Printemps,69.73,67.6,0
1487,2024-12-31,Livres,18.27,1,42,F,Toulouse,Facebook,3.3,27,Printemps,18.89,17.69,0
1488,2024-12-31,Mode,71.59,3,21,M,Nice,Direct,2.6,56,Printemps,200.97,186.01,0
1489,2024-12-31,Mode,106.71,2,43,M,Marseille,Instagram,2.5,66,Printemps,217.45,210.43,0
1490,2024-12-31,Maison,146.86,1,38,F,Paris,SEO,3.0,66,Printemps,156.07,147.35,0
1491,2024-12-31,Maison,229.26,3,62,F,Toulouse,Google_Ads,5.0,90,Printemps,737.03,635.0,0
1492,2024-12-31,Mode,61.13,2,39,M,Bordeaux,Instagram,4.5,78,Printemps,127.31,114.22,0
1493,2024-12-31,Mode,73.03,1,33,F,Marseille,Google_Ads,3.2,28,Printemps,66.92,63.13,0
1494,2024-12-31,Électronique,756.2,5,24,F,Lille,SEO,5.0,69,Printemps,3666.34,3613.43,1
1495,2024-12-31,Livres,23.74,1,26,F,Bordeaux,SEO,3.6,93,Printemps,25.96,25.7,0
1496,2024-12-31,Électronique,594.24,2,25,F,Nice,SEO,5.0,119,Printemps,1115.46,1088.5,1
1497,2024-12-31,Mode,37.7,1,51,F,Nice,Instagram,5.0,201,Printemps,37.35,33.18,0
1498,2024-12-31,Électronique,494.05,4,35,M,Nantes,SEO,4.9,31,Printemps,1910.68,1759.75,1
1499,2024-12-31,Électronique,407.75,2,41,M,Nice,SEO,3.9,65,Printemps,767.46,702.24,1
1500,2024-12-31,Sport,169.92,2,53,M,Nantes,Google_Ads,4.6,153,Printemps,327.84,300.23,0
1501,2024-12-31,Électronique,433.14,3,18,M,Paris,Google_Ads,3.8,91,Printemps,1218.73,1045.02,1
1502,2024-12-31,Électronique,822.04,1,50,F,Bordeaux,Google_Ads,1.8,53,Printemps,884.06,774.48,1
1503,2024-12-31,Mode,98.43,1,35,F,Bordeaux,Google_Ads,3.1,142,Printemps,92.02,80.34,0
1504,2024-12-31,Électronique,455.12,1,40,M,Nice,Instagram,2.8,81,Printemps,466.36,439.59,0
1505,2024-12-31,Électronique,591.89,2,25,M,Paris,Email,3.1,122,Printemps,1288.49,1174.81,1
1506,2024-12-31,Sport,149.67,1,25,M,Nantes,Facebook,5.0,93,Printemps,163.22,146.68,0
1507,2024-12-31,Sport,155.13,4,40,M,Marseille,Facebook,5.0,32,Printemps,632.98,580.18,0
1508,2024-12-31,Livres,13.33,1,63,M,Paris,Google_Ads,4.3,192,Printemps,12.72,11.43,0
1509,2024-12-31,Sport,85.8,1,47,F,Lille,Instagram,4.7,84,Printemps,81.47,78.51,0
1510,2024-12-31,Maison,120.34,3,50,M,Paris,Google_Ads,1.7,30,Printemps,378.89,331.55,0
1511,2024-12-31,Électronique,253.38,1,32,M,Lyon,Instagram,4.6,67,Printemps,277.74,238.42,0
1512,2024-12-31,Sport,118.78,1,27,M,Nantes,SEO,4.8,55,Printemps,108.74,103.04,0
1513,2024-12-31,Sport,151.49,1,25,M,Lyon,SEO,1.3,20,Printemps,160.26,141.76,0
1514,2024-12-31,Sport,91.15,1,29,M,Nantes,SEO,4.6,77,Printemps,84.28,79.77,0
1515,2024-12-31,Mode,104.65,2,18,F,Nantes,Email,2.2,25,Printemps,200.86,172.49,0
1516,2024-12-31,Électronique,648.7,1,26,M,Bordeaux,Direct,1.6,57,Printemps,657.34,583.1,1
1517,2024-12-31,Sport,90.4,1,28,M,Marseille,Instagram,5.0,111,Printemps,86.73,75.72,0
1518,2024-12-31,Maison,85.39,4,32,M,Marseille,Instagram,2.7,88,Printemps,351.83,314.39,0
1519,2024-12-31,Livres,28.15,1,36,M,Nantes,Instagram,3.0,54,Printemps,27.69,24.9,0
1520,2024-12-31,Électronique,801.83,1,39,F,Nantes,Google_Ads,4.9,46,Printemps,756.79,699.48,1
1521,2024-12-31,Électronique,687.95,1,34,M,Nice,Instagram,3.5,135,Printemps,692.21,642.38,1
1522,2024-12-31,Électronique,237.07,1,28,M,Lyon,Email,3.6,108,Printemps,214.5,202.6,0
1523,2024-12-31,Sport,70.07,3,18,M,Nice,Google_Ads,3.6,63,Printemps,220.34,198.25,0
1524,2024-12-31,Électronique,271.9,2,28,F,Nice,Email,4.2,36,Printemps,546.22,507.88,0
1525,2024-12-31,Électronique,610.01,2,23,M,Lille,Facebook,3.6,46,Printemps,1329.02,1327.05,1
1526,2024-12-31,Livres,29.42,1,40,F,Paris,Google_Ads,3.9,223,Printemps,27.09,23.88,0
1527,2024-12-31,Électronique,299.64,2,45,M,Nantes,Facebook,3.2,125,Printemps,627.12,547.42,1
1528,2024-12-31,Sport,149.39,2,46,F,Nice,Google_Ads,4.2,104,Printemps,286.88,280.11,1
1529,2024-12-31,Mode,86.66,1,44,M,Nantes,Google_Ads,4.1,52,Printemps,84.46,76.99,0
1530,2024-12-31,Sport,130.47,2,33,F,Paris,Facebook,5.0,56,Printemps,253.03,247.22,0
1531,2024-12-31,Maison,234.85,1,28,F,Paris,Facebook,3.4,137,Printemps,228.18,208.49,0
1532,2024-12-31,Livres,11.26,1,26,M,Lille,Email,3.6,193,Printemps,11.1,9.47,0
1533,2024-12-31,Livres,33.33,1,18,F,Lille,Email,4.1,147,Printemps,30.14,27.31,0
1534,2024-12-31,Électronique,310.12,2,46,M,Paris,Google_Ads,4.9,78,Printemps,663.25,624.47,1
1535,2024-12-31,Électronique,490.25,3,32,M,Nantes,SEO,2.6,49,Printemps,1583.05,1451.86,1
1536,2024-12-31,Mode,115.52,1,20,M,Nantes,SEO,3.9,48,Printemps,104.88,96.37,0
1537,2024-12-31,Maison,223.13,3,25,F,Paris,Email,1.0,50,Printemps,706.33,706.15,1
1538,2024-12-31,Sport,107.06,2,24,M,Nantes,SEO,3.5,49,Printemps,195.81,182.42,0
1539,2024-12-31,Mode,90.43,2,35,F,Lille,Instagram,5.0,99,Printemps,191.98,183.26,1
1540,2024-12-31,Maison,187.47,1,47,M,Paris,Instagram,3.0,77,Printemps,191.7,183.68,0
1541,2024-12-31,Électronique,787.11,3,30,M,Lille,Facebook,4.0,262,Printemps,2269.88,1929.46,1
1542,2024-12-31,Sport,57.99,2,18,F,Nantes,Facebook,3.2,136,Printemps,118.63,110.66,0
1543,2024-12-31,Livres,30.87,3,32,F,Nantes,Instagram,2.9,83,Printemps,92.74,92.22,0
1544,2024-12-31,Mode,79.42,1,33,F,Bordeaux,Instagram,4.9,282,Printemps,81.58,78.53,0
1545,2024-12-31,Mode,76.44,1,32,M,Lyon,Google_Ads,2.7,98,Printemps,76.06,68.53,0
1546,2024-12-31,Électronique,511.13,1,27,F,Lyon,Email,4.1,50,Printemps,539.03,487.65,1
1547,2024-12-31,Maison,151.66,2,37,M,Toulouse,SEO,4.1,141,Printemps,275.73,246.93,0
1548,2024-12-31,Mode,124.64,1,35,M,Lille,SEO,2.9,39,Printemps,120.76,114.06,0
1549,2024-12-31,Électronique,595.04,3,34,M,Paris,Facebook,4.0,31,Printemps,1806.28,1561.7,1
1550,2024-12-31,Mode,125.43,3,39,M,Lyon,Google_Ads,2.8,97,Printemps,382.95,342.16,1
1551,2024-12-31,Mode,50.08,1,29,F,Nantes,Google_Ads,4.4,126,Printemps,46.77,43.25,0
1552,2024-12-31,Mode,103.1,3,29,M,Nice,Google_Ads,2.4,120,Printemps,282.99,263.26,1
1553,2024-12-31,Maison,206.2,1,51,M,Marseille,Email,3.4,114,Printemps,186.45,175.47,1
1554,2024-12-31,Électronique,683.41,4,41,M,Paris,Instagram,3.5,102,Printemps,2686.09,2604.39,1
1555,2024-12-31,Sport,119.88,4,44,F,Lille,SEO,5.0,66,Printemps,463.26,405.12,0
1556,2024-12-31,Maison,161.67,3,49,F,Nantes,Facebook,4.0,98,Printemps,491.58,434.43,1
1557,2024-12-31,Mode,116.44,2,41,F,Nantes,Google_Ads,4.9,152,Printemps,230.53,226.11,1
1558,2024-12-31,Électronique,779.61,1,46,F,Marseille,Facebook,4.4,110,Printemps,763.09,743.77,1
1559,2024-12-31,Sport,58.09,1,18,F,Lille,Direct,4.4,132,Printemps,62.08,60.42,0
1560,2024-12-31,Livres,31.91,2,37,F,Toulouse,Google_Ads,3.4,118,Printemps,65.37,57.61,0
1561,2024-12-31,Électronique,504.5,1,32,M,Paris,Google_Ads,4.9,165,Printemps,519.24,445.89,0
1562,2024-12-31,Mode,57.24,1,55,F,Nantes,SEO,3.4,34,Printemps,55.88,51.89,0
1563,2024-12-31,Électronique,812.09,4,46,M,Toulouse,SEO,1.9,87,Printemps,3428.23,3361.41,1
1564,2024-12-31,Maison,137.76,2,27,F,Bordeaux,Google_Ads,3.6,245,Printemps,256.36,227.04,0
1565,2024-12-31,Électronique,770.65,2,39,M,Nantes,SEO,4.3,98,Printemps,1511.08,1489.37,1
1566,2024-12-31,Mode,58.18,1,37,M,Bordeaux,SEO,2.0,79,Printemps,52.91,46.1,0
1567,2024-12-31,Maison,60.71,2,40,M,Nice,Email,2.8,67,Printemps,112.08,100.28,0
1568,2024-12-31,Maison,149.18,1,22,M,Bordeaux,Email,2.4,61,Printemps,136.7,122.31,0
1569,2024-12-31,Mode,42.27,5,39,F,Paris,Instagram,4.7,229,Printemps,208.89,182.29,0
1570,2024-12-31,Mode,106.05,2,32,M,Nice,Google_Ads,5.0,32,Printemps,220.47,216.27,0
1571,2024-12-31,Maison,109.69,2,38,F,Paris,SEO,3.6,100,Printemps,211.17,192.56,0
1572,2024-12-31,Électronique,524.46,1,26,F,Marseille,Instagram,4.4,79,Printemps,474.81,417.16,0
1573,2024-12-31,Électronique,283.75,1,27,F,Nantes,Facebook,4.4,34,Printemps,295.51,257.71,1
1574,2024-12-31,Sport,79.05,1,49,M,Paris,Google_Ads,5.0,153,Printemps,74.42,67.96,0
1575,2024-12-31,Électronique,752.51,1,22,F,Paris,SEO,3.1,77,Printemps,786.02,670.15,1
1576,2024-12-31,Maison,87.29,3,23,M,Marseille,Instagram,3.6,99,Printemps,236.06,204.93,0
1577,2024-12-31,Livres,26.47,1,34,F,Marseille,Instagram,3.4,65,Printemps,25.48,21.67,0
1578,2024-12-31,Mode,121.95,4,25,M,Nantes,Direct,3.9,112,Printemps,499.62,426.51,1
1579,2024-12-31,Mode,98.78,2,24,M,Toulouse,Google_Ads,5.0,133,Printemps,212.23,212.15,0
1580,2024-12-31,Maison,205.98,2,36,F,Lille,Instagram,3.8,47,Printemps,432.91,397.12,1
1581,2024-12-31,Sport,56.39,1,18,F,Lyon,SEO,2.9,43,Printemps,55.83,53.56,0
1582,2024-12-31,Livres,15.77,1,22,M,Nantes,Facebook,2.5,59,Printemps,16.46,15.81,0
1583,2024-12-31,Maison,221.02,3,59,F,Lyon,Facebook,5.0,217,Printemps,668.03,656.05,1
1584,2024-12-31,Électronique,707.7,1,40,M,Nice,Google_Ads,2.9,63,Printemps,752.05,650.95,1
1585,2024-12-31,Maison,175.12,3,26,M,Nice,Instagram,4.5,72,Printemps,553.95,514.53,1
1586,2024-12-31,Mode,97.22,1,40,F,Lille,Direct,3.1,56,Printemps,106.47,95.64,0
1587,2024-12-31,Mode,72.88,1,41,F,Bordeaux,Instagram,2.4,192,Printemps,67.13,62.58,0
1588,2024-12-31,Électronique,255.08,1,46,F,Toulouse,Instagram,4.5,101,Printemps,246.95,222.21,0
1589,2024-12-31,Électronique,754.5,2,33,F,Nantes,Instagram,3.1,147,Printemps,1416.16,1242.75,1
1590,2024-12-31,Sport,129.04,3,46,F,Paris,Facebook,4.3,174,Printemps,397.23,377.74,1
1591,2024-12-31,Mode,78.6,1,18,F,Marseille,Email,4.3,51,Printemps,81.18,69.47,0
1592,2024-12-31,Mode,120.23,4,22,F,Nantes,Google_Ads,4.4,59,Printemps,452.42,445.32,1
1593,2024-12-31,Mode,65.28,1,36,F,Marseille,Facebook,3.5,97,Printemps,64.25,56.02,0
1594,2024-12-31,Sport,80.03,5,38,M,Bordeaux,SEO,4.6,51,Printemps,408.3,384.73,1
1595,2024-12-31,Maison,217.1,1,24,M,Marseille,SEO,2.8,50,Printemps,224.01,215.75,0
1596,2024-12-31,Mode,110.21,1,38,M,Bordeaux,Facebook,1.1,53,Printemps,101.45,87.34,0
1597,2024-12-31,Électronique,572.61,2,27,F,Toulouse,Google_Ads,4.6,61,Printemps,1241.67,1223.66,1
1598,2024-12-31,Mode,45.25,5,31,F,Lille,Google_Ads,4.0,44,Printemps,205.15,185.34,0
1599,2024-12-31,Livres,14.81,2,47,M,Bordeaux,Instagram,3.1,57,Printemps,32.41,32.4,0
1600,2024-12-31,Maison,178.12,1,45,M,Nice,SEO,2.2,76,Printemps,171.58,147.61,0
1601,2024-12-31,Mode,70.04,1,23,F,Lyon,Instagram,1.6,40,Printemps,67.47,64.6,0
1602,2024-12-31,Maison,210.57,2,22,F,Nice,Email,3.9,63,Printemps,416.58,364.14,0
1603,2024-12-31,Mode,125.12,3,30,M,Nantes,Facebook,5.0,83,Printemps,390.0,355.06,0
1604,2024-12-31,Sport,145.22,2,34,M,Nice,Instagram,3.6,220,Printemps,270.66,248.06,1
1605,2024-12-31,Mode,69.31,1,27,F,Nice,Instagram,3.4,52,Printemps,65.91,60.04,0
1606,2024-12-31,Électronique,757.36,5,47,M,Nice,SEO,3.8,180,Printemps,4136.39,3725.39,1
1607,2024-12-31,Électronique,462.22,1,39,M,Bordeaux,Facebook,5.0,32,Printemps,497.06,479.7,0
1608,2024-12-31,Mode,48.79,2,39,M,Nantes,Google_Ads,4.6,144,Printemps,91.97,89.49,0
1609,2024-12-31,Livres,9.9,1,19,M,Lille,Direct,2.8,109,Printemps,10.05,9.05,0
1610,2024-12-31,Mode,70.11,4,49,F,Toulouse,Facebook,3.8,134,Printemps,263.81,243.33,0
1611,2024-12-31,Sport,157.7,4,18,M,Nice,SEO,4.2,129,Printemps,637.13,581.87,1
1612,2024-12-31,Sport,72.97,3,45,M,Bordeaux,Google_Ads,2.6,133,Printemps,213.04,200.05,0
1613,2024-12-31,Électronique,364.4,1,46,M,Lille,Google_Ads,4.6,75,Printemps,354.37,309.2,1
1614,2024-12-31,Électronique,879.63,3,29,M,Lyon,SEO,2.9,167,Printemps,2710.17,2631.18,1
1615,2024-12-31,Électronique,241.88,1,50,M,Toulouse,Email,2.1,47,Printemps,229.87,222.87,0
1616,2024-12-31,Maison,201.44,2,34,F,Paris,Google_Ads,3.9,30,Printemps,395.17,370.89,1
1617,2024-12-31,Électronique,441.92,1,35,F,Lille,Facebook,3.7,32,Printemps,479.51,461.25,0
1618,2024-12-31,Mode,36.16,3,39,M,Paris,Facebook,3.8,95,Printemps,114.0,113.81,1
1619,2024-12-31,Mode,121.99,3,70,F,Lille,Google_Ads,3.0,105,Printemps,357.41,353.26,1
1620,2024-12-31,Maison,85.14,1,51,F,Nice,Google_Ads,3.1,130,Printemps,80.54,75.85,0
1621,2024-12-31,Électronique,597.45,4,43,F,Toulouse,SEO,5.0,103,Printemps,2465.81,2285.09,1
1622,2024-12-31,Mode,59.22,6,24,M,Bordeaux,SEO,4.3,61,Printemps,377.19,350.85,0
1623,2024-12-31,Mode,38.86,1,36,F,Paris,SEO,2.7,123,Printemps,41.66,38.33,0
1624,2024-12-31,Mode,37.37,2,25,M,Toulouse,Google_Ads,1.7,70,Printemps,75.7,69.79,0
1625,2024-12-31,Sport,57.23,1,44,F,Lille,Instagram,2.8,52,Printemps,57.43,55.12,0
1626,2024-12-31,Électronique,273.17,3,36,F,Nantes,Facebook,4.0,111,Printemps,855.52,854.51,1
1627,2024-12-31,Sport,139.47,2,21,F,Lille,Google_Ads,3.1,79,Printemps,260.85,223.5,0
1628,2024-12-31,Maison,147.4,5,35,F,Paris,Instagram,3.0,356,Printemps,788.92,697.82,1
1629,2024-12-31,Maison,121.72,2,24,M,Nantes,Google_Ads,3.2,293,Printemps,222.7,196.31,1
1630,2024-12-31,Maison,135.31,3,36,M,Nice,Instagram,3.7,54,Printemps,414.28,403.9,0
1631,2024-12-31,Mode,123.07,1,24,M,Toulouse,Instagram,4.7,34,Printemps,125.28,114.38,0
1632,2024-12-31,Électronique,839.76,4,35,F,Lille,Instagram,3.8,48,Printemps,3231.86,3001.65,1
1633,2024-12-31,Maison,188.82,2,44,M,Paris,Direct,3.9,34,Printemps,342.56,315.28,1
1634,2024-12-31,Mode,118.76,2,34,F,Lyon,Google_Ads,3.6,117,Printemps,247.86,242.42,0
1635,2024-12-31,Maison,117.54,2,30,F,Marseille,SEO,3.3,163,Printemps,212.7,196.74,1
1636,2024-12-31,Mode,69.66,1,37,F,Lyon,Direct,4.8,53,Printemps,65.19,61.95,0
1637,2024-12-31,Livres,25.57,3,43,M,Paris,Google_Ads,4.6,175,Printemps,77.39,66.01,0
1638,2024-12-31,Maison,172.25,3,21,F,Bordeaux,SEO,5.0,45,Printemps,562.23,532.92,0
1639,2024-12-31,Électronique,550.15,3,38,F,Bordeaux,SEO,4.5,170,Printemps,1507.16,1335.56,1
1640,2024-12-31,Mode,71.56,3,50,M,Marseille,Instagram,3.3,50,Printemps,218.08,213.72,0
1641,2024-12-31,Sport,168.24,2,41,F,Paris,Facebook,2.8,82,Printemps,324.96,312.85,0
1642,2024-12-31,Sport,147.19,3,35,M,Nantes,Facebook,4.8,152,Printemps,456.54,395.54,1
1643,2024-12-31,Mode,74.91,1,42,M,Lille,Instagram,2.9,64,Printemps,81.7,70.71,0
1644,2024-12-31,Sport,135.23,1,40,M,Lyon,Instagram,4.7,43,Printemps,128.97,115.29,0
1645,2024-12-31,Mode,58.78,1,44,F,Nantes,Instagram,3.0,252,Printemps,64.14,55.73,0
1646,2024-12-31,Mode,42.27,3,18,M,Toulouse,SEO,4.2,41,Printemps,136.2,130.89,0
1647,2024-12-31,Sport,87.43,1,18,F,Lyon,Facebook,2.6,198,Printemps,89.31,89.13,1
1648,2024-12-31,Sport,93.88,1,47,F,Marseille,Instagram,4.7,127,Printemps,98.73,93.62,0
1649,2024-12-31,Maison,62.98,3,18,M,Nice,Facebook,2.4,150,Printemps,202.72,179.88,1
1650,2024-12-31,Sport,146.39,3,39,F,Marseille,Email,4.1,129,Printemps,465.81,435.37,1
1651,2024-12-31,Électronique,467.46,2,30,F,Toulouse,SEO,3.6,39,Printemps,902.51,876.2,1
1652,2024-12-31,Sport,116.5,4,23,M,Marseille,SEO,3.9,35,Printemps,495.15,492.34,0
1653,2024-12-31,Mode,39.71,1,39,M,Nice,SEO,3.4,56,Printemps,38.23,32.52,0
1654,2024-12-31,Électronique,343.12,2,37,F,Toulouse,Facebook,3.3,26,Printemps,736.63,684.0,1
1655,2024-12-31,Électronique,825.54,1,60,F,Nantes,Google_Ads,4.0,94,Printemps,785.17,720.77,1
1656,2024-12-31,Mode,91.85,1,27,F,Nantes,Facebook,2.7,86,Printemps,93.17,84.99,0
1657,2024-12-31,Mode,125.15,1,52,F,Marseille,Facebook,2.7,68,Printemps,129.98,120.31,0
1658,2024-12-31,Mode,129.88,3,39,M,Nantes,Instagram,3.4,46,Printemps,383.85,349.51,0
1659,2024-12-31,Électronique,476.01,3,27,M,Marseille,Instagram,3.4,100,Printemps,1508.83,1360.37,1
1660,2024-12-31,Mode,61.63,1,44,M,Nice,Instagram,2.7,47,Printemps,66.88,58.0,0
1661,2024-12-31,Maison,214.5,1,41,F,Nantes,Facebook,4.8,96,Printemps,201.04,185.96,0
1662,2024-12-31,Mode,129.86,1,35,F,Marseille,SEO,3.4,50,Printemps,117.75,114.59,0
1663,2024-12-31,Mode,93.89,1,38,F,Lille,Google_Ads,3.6,67,Printemps,96.27,83.34,0
1664,2024-12-31,Maison,203.13,2,27,F,Nice,Facebook,2.3,308,Printemps,414.55,398.29,1
1665,2024-12-31,Sport,142.17,1,25,F,Lille,Instagram,5.0,163,Printemps,137.66,122.54,0
1666,2024-12-31,Sport,87.81,1,44,F,Toulouse,Facebook,5.0,46,Printemps,92.82,84.2,0
1667,2024-12-31,Mode,88.49,3,32,F,Lyon,Direct,2.9,207,Printemps,282.79,282.29,1
1668,2024-12-31,Maison,209.95,5,34,M,Toulouse,SEO,5.0,138,Printemps,1014.48,965.05,1
1669,2024-12-31,Électronique,689.48,3,38,M,Lyon,SEO,3.7,72,Printemps,2143.83,2053.51,1
1670,2024-12-31,Électronique,239.29,1,38,M,Toulouse,Instagram,5.0,89,Printemps,246.08,231.41,0
1671,2024-12-31,Mode,65.33,2,18,F,Marseille,Facebook,4.2,107,Printemps,126.55,113.68,0
1672,2024-12-31,Sport,60.92,4,50,M,Lyon,Instagram,3.9,226,Printemps,266.55,253.56,0
1673,2024-12-31,Électronique,382.26,1,36,M,Nantes,Email,1.1,87,Printemps,370.51,340.35,0
1674,2024-12-31,Électronique,836.21,1,32,F,Marseille,Facebook,2.8,53,Printemps,856.32,834.75,1
1675,2024-12-31,Électronique,249.9,2,40,M,Lille,Email,3.8,72,Printemps,487.82,456.44,1
1676,2024-12-31,Sport,70.52,1,37,M,Bordeaux,Instagram,4.0,60,Printemps,63.64,61.46,0
1677,2024-12-31,Maison,115.72,1,44,M,Lille,Google_Ads,2.5,93,Printemps,106.27,103.86,0
1678,2024-12-31,Mode,92.65,5,41,F,Paris,Instagram,3.0,114,Printemps,438.43,426.67,0
1679,2024-12-31,Maison,156.14,2,43,F,Lille,Instagram,4.4,130,Printemps,331.77,302.02,0
1680,2024-12-31,Mode,53.78,1,51,F,Paris,Email,2.3,159,Printemps,53.16,48.12,0
1681,2024-12-31,Maison,89.56,2,45,F,Lyon,SEO,3.9,120,Printemps,182.3,178.72,0
1682,2024-12-31,Électronique,384.84,6,33,M,Lille,Email,5.0,52,Printemps,2514.01,2190.87,1
1683,2024-12-31,Sport,106.57,1,21,M,Bordeaux,Facebook,4.2,198,Printemps,99.05,88.34,0
1684,2024-12-31,Mode,58.94,2,55,F,Nantes,Direct,4.2,84,Printemps,126.41,109.74,0
1685,2024-12-31,Maison,230.57,1,32,M,Lille,Facebook,1.6,69,Printemps,225.0,192.67,1
1686,2024-12-31,Électronique,538.11,1,29,M,Nantes,Google_Ads,2.9,64,Printemps,520.62,490.62,1
1687,2024-12-31,Mode,38.23,1,18,F,Lille,SEO,5.0,61,Printemps,39.19,38.61,0
1688,2024-12-31,Mode,103.6,1,39,F,Lille,Facebook,3.1,53,Printemps,111.86,97.26,0
1689,2024-12-31,Mode,64.56,3,36,M,Nice,Google_Ads,5.0,168,Printemps,187.82,182.06,0
1690,2024-12-31,Électronique,666.11,3,18,M,Nantes,Google_Ads,3.1,86,Printemps,2102.79,1907.02,1
1691,2024-12-31,Sport,78.15,1,40,F,Nantes,SEO,3.5,69,Printemps,70.63,66.59,0
1692,2024-12-31,Électronique,610.25,2,29,F,Marseille,Instagram,4.4,197,Printemps,1250.55,1206.24,1
1693,2024-12-31,Maison,198.99,1,67,F,Lille,Instagram,3.9,120,Printemps,204.18,195.3,1
1694,2024-12-31,Sport,160.82,3,28,M,Lille,SEO,4.2,79,Printemps,487.87,424.7,1
1695,2024-12-31,Maison,107.0,1,29,F,Nice,Instagram,2.9,184,Printemps,116.37,100.93,0
1696,2024-12-31,Maison,120.27,2,24,M,Bordeaux,Google_Ads,2.6,156,Printemps,261.65,258.67,1
1697,2024-12-31,Maison,143.57,2,50,F,Nantes,Instagram,2.8,65,Printemps,278.07,239.67,0
1698,2024-12-31,Mode,122.9,2,30,F,Nice,Instagram,3.2,59,Printemps,243.65,215.09,0
1699,2024-12-31,Sport,157.43,3,26,M,Nantes,Direct,3.5,126,Printemps,499.9,457.78,1
1700,2024-12-31,Mode,41.26,5,43,F,Paris,SEO,4.9,76,Printemps,220.51,214.59,1
1701,2024-12-31,Maison,83.75,2,18,M,Paris,Facebook,3.9,94,Printemps,164.75,154.93,0
1702,2024-12-31,Maison,149.19,1,42,F,Nantes,Google_Ads,4.3,87,Printemps,144.69,135.38,0
1703,2024-12-31,Mode,42.9,2,56,M,Bordeaux,Google_Ads,4.0,97,Printemps,91.29,87.07,0
1704,2024-12-31,Mode,66.19,2,41,F,Nice,Google_Ads,2.6,188,Printemps,129.13,125.3,0
1705,2024-12-31,Mode,46.97,4,42,F,Lyon,Google_Ads,3.8,94,Printemps,184.31,163.09,0
1706,2024-12-31,Sport,123.6,1,45,M,Lille,SEO,3.9,140,Printemps,114.59,97.72,0
1707,2024-12-31,Livres,34.64,3,55,F,Lyon,Facebook,4.6,105,Printemps,104.8,91.08,0
1708,2024-12-31,Mode,129.68,1,49,M,Bordeaux,Google_Ads,2.6,82,Printemps,125.18,109.5,0
1709,2024-12-31,Maison,127.54,3,40,F,Lyon,SEO,1.6,38,Printemps,389.56,333.47,0
1710,2024-12-31,Livres,25.17,2,45,M,Paris,SEO,4.0,35,Printemps,49.83,47.94,0
1711,2024-12-31,Électronique,802.98,3,24,M,Marseille,Google_Ads,4.2,59,Printemps,2528.49,2484.85,1
1712,2024-12-31,Électronique,304.29,5,44,M,Lyon,Google_Ads,3.6,30,Printemps,1453.81,1390.71,1
1713,2024-12-31,Maison,184.12,1,22,M,Marseille,Instagram,3.8,58,Printemps,172.04,151.1,0
1714,2024-12-31,Sport,94.63,6,30,M,Lyon,Email,4.8,102,Printemps,590.81,555.93,0
1715,2024-12-31,Sport,68.78,1,18,M,Nice,Google_Ads,3.3,63,Printemps,67.19,62.36,0
1716,2024-12-31,Mode,71.77,1,39,F,Bordeaux,Direct,3.5,31,Printemps,72.68,70.72,0
1717,2024-12-31,Électronique,276.27,2,27,M,Marseille,Email,3.9,417,Printemps,601.29,596.08,1
1718,2024-12-31,Mode,100.3,1,48,F,Lyon,Facebook,2.5,75,Printemps,99.98,96.13,0
1719,2024-12-31,Électronique,395.6,4,39,F,Bordeaux,Google_Ads,3.6,82,Printemps,1472.39,1364.73,1
1720,2024-12-31,Mode,62.86,1,48,F,Toulouse,Google_Ads,3.7,176,Printemps,61.94,57.4,1
1721,2024-12-31,Sport,57.94,6,21,M,Toulouse,Google_Ads,5.0,179,Printemps,346.13,336.15,0
1722,2024-12-31,Électronique,808.64,1,47,F,Nantes,Google_Ads,3.5,81,Printemps,851.66,739.56,1
1723,2024-12-31,Sport,105.41,1,60,M,Nice,SEO,4.0,91,Printemps,98.99,86.42,0
1724,2024-12-31,Mode,88.28,1,44,F,Toulouse,Instagram,4.8,271,Printemps,85.58,77.15,1
1725,2024-12-31,Maison,162.5,3,44,F,Paris,Instagram,2.9,77,Printemps,443.62,426.8,0
1726,2024-12-31,Électronique,502.08,4,37,M,Lille,Google_Ads,5.0,172,Printemps,2089.46,1796.72,1
1727,2024-12-31,Mode,51.27,2,28,F,Bordeaux,Google_Ads,5.0,70,Printemps,107.55,96.97,0
1728,2024-12-31,Électronique,727.96,3,44,F,Bordeaux,Facebook,3.8,51,Printemps,2165.2,1943.87,1
1729,2024-12-31,Livres,12.43,1,18,F,Paris,Facebook,3.2,114,Printemps,12.53,11.56,0
1730,2024-12-31,Sport,55.74,4,29,M,Marseille,Google_Ads,5.0,171,Printemps,234.12,215.28,1
1731,2024-12-31,Mode,101.74,4,18,F,Lyon,Instagram,4.7,46,Printemps,388.1,371.47,0
1732,2024-12-31,Électronique,365.96,1,26,F,Marseille,SEO,3.9,118,Printemps,373.79,352.8,1
1733,2024-12-31,Livres,17.28,1,42,M,Nice,Facebook,5.0,71,Printemps,18.89,18.61,0
1734,2024-12-31,Mode,78.83,1,41,F,Bordeaux,Email,5.0,29,Printemps,81.33,71.33,0
1735,2024-12-31,Électronique,528.31,1,35,M,Nantes,Google_Ads,3.4,43,Printemps,483.73,442.53,1
1736,2024-12-31,Maison,187.54,2,37,F,Toulouse,Instagram,4.1,72,Printemps,359.35,327.02,1
1737,2024-12-31,Livres,25.83,2,18,F,Lyon,SEO,4.4,161,Printemps,51.86,44.96,0
1738,2024-12-31,Électronique,659.97,3,30,M,Toulouse,Facebook,3.8,130,Printemps,1810.69,1583.85,1
1739,2024-12-31,Électronique,706.99,1,26,M,Toulouse,Google_Ads,2.3,36,Printemps,731.95,659.12,1
1740,2024-12-31,Livres,16.9,3,27,M,Lille,Google_Ads,2.8,110,Printemps,52.27,50.19,0
1741,2024-12-31,Électronique,442.57,6,42,M,Toulouse,Instagram,2.3,46,Printemps,2855.31,2491.33,1
1742,2024-12-31,Électronique,520.65,4,24,F,Nice,SEO,4.3,120,Printemps,2082.59,1853.08,1
1743,2024-12-31,Maison,115.34,2,27,F,Nice,Email,2.5,49,Printemps,239.55,227.92,0
1744,2024-12-31,Sport,168.08,3,18,F,Nice,Instagram,4.0,241,Printemps,472.17,443.6,1
1745,2024-12-31,Mode,111.87,1,31,M,Lille,Instagram,5.0,66,Printemps,100.75,87.21,0
1746,2024-12-31,Livres,13.45,2,21,M,Lyon,Google_Ads,5.0,81,Printemps,25.13,24.92,0
1747,2024-12-31,Maison,61.01,4,35,M,Nice,Direct,1.8,44,Printemps,222.66,194.21,0
1748,2024-12-31,Électronique,253.88,3,23,F,Bordeaux,Google_Ads,2.4,107,Printemps,750.63,644.95,1
1749,2024-12-31,Livres,15.59,4,36,M,Nantes,Facebook,2.9,48,Printemps,61.96,55.5,0
1750,2024-12-31,Mode,43.64,1,33,M,Paris,Instagram,2.5,28,Printemps,44.9,38.35,0
1751,2024-12-31,Mode,84.5,2,55,M,Toulouse,SEO,2.0,92,Printemps,156.86,134.05,0
1752,2024-12-31,Maison,214.44,5,40,M,Nantes,SEO,3.8,107,Printemps,1011.02,947.13,1
1753,2024-12-31,Mode,104.33,1,18,M,Toulouse,Facebook,4.6,51,Printemps,110.56,108.78,0
1754,2024-12-31,Électronique,370.54,2,19,F,Toulouse,SEO,4.8,59,Printemps,752.41,684.98,1
1755,2024-12-31,Électronique,494.53,1,35,F,Marseille,Email,3.3,74,Printemps,447.98,401.08,0
1756,2024-12-31,Mode,82.02,1,23,F,Nantes,SEO,3.5,123,Printemps,87.73,86.61,1
1757,2024-12-31,Sport,145.8,2,18,F,Nantes,Facebook,4.2,285,Printemps,299.17,257.06,1
1758,2024-12-31,Maison,211.04,1,51,F,Marseille,Facebook,3.7,125,Printemps,197.82,182.19,1
1759,2024-12-31,Livres,33.56,1,43,F,Paris,Facebook,4.7,146,Printemps,31.9,28.32,0
1760,2024-12-31,Mode,82.15,4,41,F,Paris,Instagram,4.3,221,Printemps,332.12,301.32,1
1761,2024-12-31,Mode,100.19,1,27,M,Lille,Email,3.4,135,Printemps,101.41,92.45,0
1762,2024-12-31,Électronique,300.47,5,40,M,Nice,Instagram,1.8,188,Printemps,1594.02,1485.27,1
1763,2024-12-31,Électronique,606.57,1,26,M,Toulouse,Google_Ads,5.0,106,Printemps,589.41,541.07,1
1764,2024-12-31,Mode,56.75,1,37,F,Nice,Facebook,3.0,100,Printemps,57.31,57.2,0
1765,2024-12-31,Sport,97.54,1,23,F,Paris,SEO,4.2,56,Printemps,99.15,84.66,0
1766,2024-12-31,Livres,26.12,1,53,F,Lyon,Facebook,1.7,39,Printemps,26.43,25.47,0
1767,2024-12-31,Livres,15.94,1,18,M,Lille,Facebook,3.8,66,Printemps,14.58,12.5,0
1768,2024-12-31,Électronique,260.22,1,49,M,Nice,Email,3.9,144,Printemps,255.61,233.79,0
1769,2024-12-31,Sport,43.8,5,35,F,Bordeaux,Email,4.0,150,Printemps,211.97,186.59,1
1770,2024-12-31,Mode,34.66,2,29,M,Lille,SEO,5.0,100,Printemps,76.15,75.53,1
1771,2024-12-31,Électronique,230.64,2,37,F,Toulouse,SEO,3.1,159,Printemps,458.11,439.04,0
1772,2024-12-31,Sport,56.57,1,43,M,Nantes,Instagram,4.7,76,Printemps,55.84,51.34,0
1773,2024-12-31,Maison,103.11,2,51,F,Nantes,Direct,4.4,48,Printemps,205.54,204.07,0
1774,2024-12-31,Électronique,374.32,1,38,F,Lille,SEO,3.1,118,Printemps,405.71,388.75,1
1775,2024-12-31,Mode,128.71,1,24,F,Marseille,Google_Ads,4.7,113,Printemps,131.58,130.63,0
1776,2024-12-31,Mode,62.34,5,35,M,Toulouse,Facebook,3.6,104,Printemps,304.77,291.26,0
1777,2024-12-31,Maison,82.94,4,56,M,Paris,Facebook,4.8,258,Printemps,359.12,309.44,1
1778,2024-12-31,Mode,85.69,1,51,M,Nantes,Instagram,5.0,118,Printemps,93.06,87.7,0
1779,2024-12-31,Livres,32.16,4,45,F,Nantes,Instagram,4.0,160,Printemps,122.59,122.23,0
1780,2024-12-31,Électronique,682.69,1,44,F,Lyon,Instagram,3.5,22,Printemps,668.14,589.38,1
1781,2024-12-31,Mode,61.37,3,43,M,Toulouse,SEO,5.0,116,Printemps,201.28,195.02,0
1782,2024-12-31,Mode,87.26,1,48,M,Paris,SEO,5.0,44,Printemps,87.97,77.21,0
1783,2024-12-31,Mode,102.2,4,29,M,Toulouse,SEO,2.8,73,Printemps,403.21,370.08,1
1784,2024-12-31,Mode,103.49,1,18,F,Nantes,Facebook,3.3,64,Printemps,97.19,83.84,0
1785,2024-12-31,Maison,179.98,1,35,M,Marseille,Instagram,4.5,220,Printemps,175.82,158.43,0
1786,2024-12-31,Sport,153.53,6,25,F,Nantes,Instagram,3.7,212,Printemps,945.35,913.62,1
1787,2024-12-31,Livres,32.49,3,22,M,Paris,Instagram,2.8,206,Printemps,88.49,75.81,1
1788,2024-12-31,Sport,116.31,2,26,M,Lyon,Instagram,4.4,106,Printemps,213.24,191.5,0
1789,2024-12-31,Sport,97.31,1,64,F,Nice,Instagram,4.5,30,Printemps,87.68,82.81,0
1790,2024-12-31,Maison,175.48,1,36,F,Nice,Instagram,3.4,113,Printemps,165.62,164.34,0
1791,2024-12-31,Sport,146.82,2,39,F,Paris,Google_Ads,3.9,72,Printemps,275.03,243.89,0
1792,2024-12-31,Mode,33.05,1,20,F,Toulouse,SEO,3.2,92,Printemps,35.37,30.98,0
1793,2024-12-31,Mode,129.22,1,18,M,Toulouse,Email,2.6,45,Printemps,121.09,106.62,0
1794,2024-12-31,Mode,50.33,1,25,F,Marseille,SEO,3.3,195,Printemps,51.95,46.01,0
1795,2024-12-31,Mode,78.35,1,52,M,Lyon,Email,3.9,142,Printemps,72.37,68.44,0
1796,2024-12-31,Mode,117.52,3,39,M,Nice,Google_Ads,2.2,68,Printemps,359.17,359.09,1
1797,2024-12-31,Livres,15.08,3,42,M,Paris,Google_Ads,3.3,54,Printemps,44.65,41.46,0
1798,2024-12-31,Mode,78.99,1,43,M,Marseille,Email,3.9,153,Printemps,77.54,69.07,0
1799,2024-12-31,Électronique,314.49,2,27,M,Marseille,SEO,5.0,189,Printemps,673.84,648.26,1
1800,2024-12-31,Mode,71.02,3,51,M,Lille,SEO,3.5,69,Printemps,198.9,173.79,0
1801,2024-12-31,Électronique,344.57,1,27,F,Nantes,Instagram,2.4,50,Printemps,351.13,300.04,1
1802,2024-12-31,Électronique,470.45,1,51,M,Toulouse,Instagram,3.6,99,Printemps,500.73,471.08,1
1803,2024-12-31,Électronique,477.09,3,40,M,Lyon,Instagram,3.2,108,Printemps,1492.49,1315.7,1
1804,2024-12-31,Mode,129.33,1,18,F,Lyon,Facebook,4.4,49,Printemps,141.84,129.06,0
1805,2024-12-31,Mode,129.49,1,26,M,Nantes,SEO,3.4,155,Printemps,116.6,103.15,0
1806,2024-12-31,Sport,57.14,1,18,M,Toulouse,Instagram,1.0,60,Printemps,61.53,60.77,0
1807,2024-12-31,Maison,190.67,1,48,M,Toulouse,Instagram,5.0,205,Printemps,195.0,175.64,1
1808,2024-12-31,Mode,37.55,1,34,F,Paris,Facebook,4.0,190,Printemps,33.81,31.02,0
1809,2024-12-31,Mode,35.44,4,18,M,Lille,Direct,3.9,179,Printemps,140.8,124.64,0
1810,2024-12-31,Mode,42.77,1,39,F,Lyon,Facebook,2.1,33,Printemps,45.06,38.87,0
1811,2024-12-31,Sport,165.6,1,28,M,Marseille,Instagram,2.2,37,Printemps,155.09,143.75,0
1812,2024-12-31,Électronique,860.08,3,18,F,Lyon,Instagram,3.7,146,Printemps,2672.35,2619.73,1
1813,2024-12-31,Électronique,355.9,3,55,M,Lille,Google_Ads,4.2,152,Printemps,990.76,894.41,1
1814,2024-12-31,Sport,63.11,2,36,F,Nantes,SEO,4.6,51,Printemps,133.89,129.49,0
1815,2024-12-31,Mode,55.95,2,31,F,Bordeaux,Direct,4.1,90,Printemps,113.44,96.98,0
1816,2024-12-31,Électronique,572.99,1,30,F,Nantes,Instagram,2.5,146,Printemps,519.58,460.0,1
1817,2024-12-31,Électronique,609.55,1,18,F,Marseille,Instagram,1.0,93,Printemps,559.67,486.76,1
1818,2024-12-31,Livres,14.98,1,19,M,Lyon,Direct,3.7,143,Printemps,16.07,14.63,0
1819,2024-12-31,Sport,138.97,1,50,M,Nantes,Email,3.2,107,Printemps,125.99,123.99,0
1820,2024-12-31,Maison,115.72,1,29,F,Marseille,Facebook,2.4,112,Printemps,111.06,100.62,1
1821,2024-12-31,Mode,122.41,3,35,F,Nice,SEO,4.7,98,Printemps,372.14,349.99,1
1822,2024-12-31,Mode,96.53,1,18,F,Toulouse,Google_Ads,2.1,68,Printemps,91.0,89.61,0
1823,2024-12-31,Livres,20.78,2,19,M,Paris,Instagram,4.5,105,Printemps,39.27,35.5,0
1824,2024-12-31,Livres,30.33,2,42,F,Nice,Instagram,2.2,137,Printemps,64.0,57.91,0
1825,2024-12-31,Électronique,777.09,4,39,F,Nice,SEO,3.9,68,Printemps,2978.44,2570.98,1
1826,2024-12-31,Sport,79.54,3,56,F,Marseille,Facebook,4.8,82,Printemps,216.59,195.44,0
1827,2024-12-31,Électronique,454.31,1,51,F,Lyon,Google_Ads,3.4,44,Printemps,474.4,456.34,1
1828,2024-12-31,Électronique,856.77,2,32,F,Paris,Instagram,5.0,90,Printemps,1869.25,1825.69,1
1829,2024-12-31,Maison,89.65,4,40,F,Paris,Email,5.0,52,Printemps,382.42,366.52,1
1830,2024-12-31,Mode,36.61,3,31,M,Nice,SEO,4.1,181,Printemps,110.9,94.38,0
1831,2024-12-31,Livres,21.26,1,59,M,Paris,SEO,4.4,91,Printemps,20.94,18.17,0
1832,2024-12-31,Électronique,765.82,4,48,F,Bordeaux,Facebook,5.0,57,Printemps,3323.75,3189.62,1
1833,2024-12-31,Mode,107.74,4,37,M,Bordeaux,Google_Ads,4.4,171,Printemps,453.9,449.97,1
1834,2024-12-31,Livres,33.83,2,37,F,Paris,Direct,4.3,54,Printemps,68.61,65.48,0
1835,2024-12-31,Livres,23.4,1,52,M,Nice,Google_Ads,3.2,40,Printemps,25.17,22.25,0
1836,2024-12-31,Électronique,292.54,1,41,F,Nantes,SEO,1.9,26,Printemps,298.49,258.54,0
1837,2024-12-31,Mode,89.9,2,53,M,Nice,Direct,2.3,29,Printemps,196.82,193.19,0
1838,2024-12-31,Maison,200.11,3,18,M,Nantes,Email,5.0,94,Printemps,643.35,556.41,1
1839,2024-12-31,Électronique,288.0,2,40,F,Nantes,SEO,4.2,94,Printemps,581.8,507.71,1
1840,2024-12-31,Livres,13.66,1,28,M,Lyon,Facebook,3.5,126,Printemps,14.82,13.92,0
1841,2024-12-31,Livres,9.33,3,56,F,Paris,Facebook,5.0,111,Printemps,27.11,23.82,0
1842,2024-12-31,Électronique,625.72,1,53,M,Nantes,Instagram,3.0,90,Printemps,650.86,575.45,1
1843,2024-12-31,Électronique,823.55,1,35,F,Paris,Direct,4.4,52,Printemps,769.4,670.41,1
1844,2024-12-31,Électronique,677.7,4,53,F,Marseille,SEO,3.9,168,Printemps,2925.14,2900.71,1
1845,2024-12-31,Livres,35.52,1,56,M,Nantes,Facebook,4.3,116,Printemps,33.73,29.3,0
1846,2024-12-31,Électronique,267.55,5,35,F,Nice,Instagram,3.4,79,Printemps,1457.88,1442.86,1
1847,2024-12-31,Mode,120.54,4,64,F,Marseille,Facebook,2.7,93,Printemps,435.59,391.57,1
1848,2024-12-31,Mode,111.87,1,34,F,Marseille,Google_Ads,2.9,126,Printemps,115.94,112.84,0
1849,2024-12-31,Maison,116.56,2,32,M,Nantes,Instagram,2.9,43,Printemps,216.81,215.18,0
1850,2024-12-31,Électronique,882.13,2,45,F,Lille,Instagram,3.8,60,Printemps,1859.82,1725.7,1
1851,2024-12-31,Électronique,419.36,1,30,F,Marseille,Direct,2.1,24,Printemps,418.68,404.25,0
1852,2024-12-31,Livres,33.01,1,36,M,Nantes,Google_Ads,2.4,77,Printemps,35.72,31.78,0
1853,2024-12-31,Livres,32.78,1,51,F,Toulouse,Facebook,3.9,121,Printemps,34.19,31.03,0
1854,2024-12-31,Sport,139.1,2,35,F,Marseille,Instagram,3.7,111,Printemps,293.13,273.47,0
1855,2024-12-31,Électronique,605.34,1,18,F,Lyon,Instagram,4.0,141,Printemps,559.39,546.85,0
1856,2024-12-31,Mode,44.2,5,39,F,Bordeaux,Google_Ads,3.8,132,Printemps,203.17,191.61,1
1857,2024-12-31,Maison,155.75,4,26,F,Bordeaux,Google_Ads,5.0,102,Printemps,666.7,568.91,1
1858,2024-12-31,Mode,67.29,1,45,M,Bordeaux,Instagram,3.9,127,Printemps,63.6,56.97,0
1859,2024-12-31,Livres,30.39,1,43,F,Toulouse,Google_Ads,3.4,208,Printemps,32.62,31.96,1
1860,2024-12-31,Maison,196.46,1,52,F,Lille,SEO,3.9,160,Printemps,182.42,161.63,0
1861,2024-12-31,Électronique,839.66,1,45,F,Paris,SEO,4.9,167,Printemps,807.5,730.94,1
1862,2024-12-31,Livres,9.4,2,48,F,Marseille,Facebook,3.7,71,Printemps,20.41,18.54,0
1863,2024-12-31,Livres,30.85,1,26,M,Toulouse,Instagram,4.6,82,Printemps,32.94,28.76,0
1864,2024-12-31,Électronique,858.46,3,44,F,Lyon,SEO,4.2,176,Printemps,2345.79,2117.01,1
1865,2024-12-31,Mode,109.46,1,58,F,Lille,Google_Ads,3.5,44,Printemps,108.32,105.35,0
1866,2024-12-31,Mode,45.19,3,26,F,Toulouse,Facebook,3.9,98,Printemps,146.7,143.38,1
1867,2024-12-31,Mode,40.42,3,56,M,Bordeaux,Google_Ads,5.0,175,Printemps,109.5,102.62,0
1868,2024-12-31,Électronique,239.07,2,28,F,Lille,Google_Ads,4.1,101,Printemps,440.59,419.36,1
1869,2024-12-31,Maison,173.17,1,24,F,Toulouse,Google_Ads,2.7,77,Printemps,178.2,165.76,0
1870,2024-12-31,Livres,26.0,2,38,M,Lyon,Instagram,3.4,133,Printemps,47.89,41.03,0
1871,2024-12-31,Mode,128.72,1,43,F,Nantes,Instagram,1.5,94,Printemps,127.41,121.61,1
1872,2024-12-31,Électronique,493.68,1,45,M,Lille,Facebook,4.0,153,Printemps,494.45,494.2,1
1873,2024-12-31,Maison,119.74,1,23,M,Bordeaux,Instagram,5.0,305,Printemps,128.37,113.5,1
1874,2024-12-31,Mode,93.38,3,40,F,Paris,Google_Ads,2.3,68,Printemps,305.77,304.95,0
1875,2024-12-31,Sport,147.77,1,26,F,Toulouse,Facebook,4.0,133,Printemps,148.13,148.08,1
1876,2024-12-31,Mode,123.84,1,18,M,Bordeaux,Instagram,4.9,88,Printemps,124.09,108.11,0
1877,2024-12-31,Électronique,767.11,2,23,M,Toulouse,Facebook,5.0,52,Printemps,1603.81,1586.04,1
1878,2024-12-31,Électronique,513.0,1,25,M,Bordeaux,Email,5.0,96,Printemps,481.46,458.02,0
1879,2024-12-31,Sport,123.45,1,41,F,Bordeaux,SEO,1.7,32,Printemps,134.34,123.58,0
1880,2024-12-31,Mode,115.99,2,48,F,Toulouse,SEO,4.4,54,Printemps,208.84,188.31,1
1881,2024-12-31,Sport,105.05,1,18,M,Lille,Google_Ads,2.1,107,Printemps,94.59,89.33,1
1882,2024-12-31,Électronique,371.26,1,39,F,Lyon,SEO,2.7,108,Printemps,380.59,371.62,1
1883,2024-12-31,Mode,49.05,3,20,M,Bordeaux,SEO,4.7,206,Printemps,142.48,121.84,1
1884,2024-12-31,Mode,32.52,5,42,F,Nice,Instagram,4.0,174,Printemps,159.26,148.17,1
1885,2024-12-31,Livres,28.39,2,27,M,Nantes,Facebook,4.6,64,Printemps,53.62,50.81,0
1886,2024-12-31,Livres,12.0,2,22,F,Lille,Facebook,2.8,126,Printemps,23.56,20.11,0
1887,2024-12-31,Électronique,389.59,5,44,F,Lyon,Facebook,5.0,133,Printemps,2075.74,2041.2,1
1888,2024-12-31,Mode,61.54,1,27,M,Paris,Email,4.6,76,Printemps,64.0,63.53,0
1889,2024-12-31,Électronique,603.26,3,31,F,Nice,Google_Ads,4.8,114,Printemps,1663.05,1566.39,1
1890,2024-12-31,Mode,71.3,1,18,F,Bordeaux,Direct,2.6,51,Printemps,64.98,56.37,0
1891,2024-12-31,Mode,98.28,1,46,F,Marseille,Facebook,5.0,201,Printemps,98.4,97.4,0
1892,2024-12-31,Livres,10.5,4,44,M,Lille,SEO,3.5,120,Printemps,43.94,42.66,0
1893,2024-12-31,Livres,12.35,1,35,M,Nantes,Direct,3.1,180,Printemps,12.75,10.89,0
1894,2024-12-31,Mode,81.17,2,18,F,Paris,SEO,4.5,100,Printemps,174.17,163.17,1
1895,2024-12-31,Mode,65.35,1,49,F,Paris,Google_Ads,4.4,60,Printemps,60.56,52.52,0
1896,2024-12-31,Sport,80.22,2,27,F,Paris,SEO,2.9,30,Printemps,163.83,142.72,0
1897,2024-12-31,Sport,51.05,1,29,M,Lille,Google_Ads,5.0,70,Printemps,53.76,47.25,0
1898,2024-12-31,Électronique,829.61,4,62,F,Lyon,Email,5.0,69,Printemps,3609.03,3282.16,1
1899,2024-12-31,Mode,99.95,1,26,F,Marseille,Instagram,4.5,148,Printemps,91.97,90.27,0
1900,2024-12-31,Mode,44.36,1,43,F,Nice,Instagram,4.3,112,Printemps,42.05,35.94,0
1901,2024-12-31,Électronique,268.91,1,41,M,Nantes,Instagram,4.2,161,Printemps,261.09,248.91,1
1902,2024-12-31,Électronique,883.04,3,39,M,Lyon,Facebook,2.1,58,Printemps,2670.71,2656.51,1
1903,2024-12-31,Électronique,684.79,1,38,F,Bordeaux,SEO,3.9,166,Printemps,672.28,636.1,1
1904,2024-12-31,Maison,135.14,2,39,F,Marseille,Google_Ads,3.9,85,Printemps,289.81,281.79,0
1905,2024-12-31,Mode,100.92,2,38,M,Lyon,Instagram,3.2,56,Printemps,220.02,216.78,0
1906,2024-12-31,Électronique,735.52,1,34,M,Bordeaux,Instagram,3.5,33,Printemps,672.28,643.52,1
1907,2024-12-31,Électronique,751.47,1,53,F,Toulouse,Facebook,1.2,34,Printemps,781.49,741.61,1
1908,2024-12-31,Sport,103.43,1,19,F,Marseille,Facebook,2.6,57,Printemps,95.45,81.39,0
1909,2024-12-31,Sport,97.31,1,47,F,Lille,SEO,4.8,112,Printemps,105.06,97.47,0
1910,2024-12-31,Mode,33.58,5,44,M,Nantes,Google_Ads,5.0,64,Printemps,155.86,143.45,0
1911,2024-12-31,Mode,122.84,1,43,M,Toulouse,Email,2.8,259,Printemps,134.91,125.26,0
1912,2024-12-31,Livres,25.29,4,48,M,Nantes,Instagram,4.0,137,Printemps,99.7,91.21,1
1913,2024-12-31,Électronique,362.13,1,33,F,Bordeaux,SEO,5.0,55,Printemps,353.58,348.62,1
1914,2024-12-31,Électronique,845.73,1,18,F,Lyon,Google_Ads,3.2,66,Printemps,860.33,846.01,1
1915,2024-12-31,Mode,121.71,1,34,M,Marseille,SEO,4.5,81,Printemps,119.13,103.51,0
1916,2024-12-31,Électronique,892.7,4,23,F,Bordeaux,SEO,3.8,112,Printemps,3381.33,3144.41,1
1917,2024-12-31,Mode,117.72,5,26,M,Bordeaux,Facebook,5.0,38,Printemps,603.81,600.14,0
1918,2024-12-31,Livres,35.94,1,20,M,Lille,Instagram,2.4,199,Printemps,37.58,35.32,0
1919,2024-12-31,Maison,104.04,1,29,F,Bordeaux,SEO,2.6,243,Printemps,113.31,109.94,1
1920,2024-12-31,Mode,114.62,1,27,F,Marseille,Direct,4.1,123,Printemps,112.54,101.96,0
1921,2024-12-31,Livres,31.22,4,18,M,Paris,Instagram,3.9,191,Printemps,130.03,117.88,0
1922,2024-12-31,Électronique,380.88,1,43,F,Marseille,Email,3.7,105,Printemps,406.3,365.2,0
1923,2024-12-31,Électronique,291.45,2,61,M,Marseille,SEO,4.4,81,Printemps,621.52,530.33,1
1924,2024-12-31,Maison,236.3,1,42,F,Lille,Google_Ads,2.8,46,Printemps,214.29,211.87,1
1925,2024-12-31,Maison,113.28,1,32,M,Lille,Facebook,2.3,102,Printemps,110.02,99.28,0
1926,2024-12-31,Électronique,812.85,1,34,M,Nantes,SEO,3.2,89,Printemps,733.75,664.09,1
1927,2024-12-31,Mode,32.9,1,29,M,Toulouse,Google_Ads,3.4,137,Printemps,33.29,32.09,0
1928,2024-12-31,Maison,63.78,1,36,F,Nantes,Email,3.5,53,Printemps,68.44,63.58,0
1929,2024-12-31,Maison,143.86,6,34,M,Bordeaux,SEO,5.0,146,Printemps,917.5,829.71,1
1930,2024-12-31,Maison,102.97,2,24,F,Nice,Google_Ads,4.6,73,Printemps,218.76,214.94,0
1931,2024-12-31,Mode,99.76,2,55,F,Nantes,Instagram,4.4,57,Printemps,193.61,188.54,0
1932,2024-12-31,Électronique,606.76,1,18,F,Lille,Google_Ads,4.0,66,Printemps,551.7,549.78,0
1933,2024-12-31,Mode,40.05,4,43,F,Bordeaux,Google_Ads,3.3,57,Printemps,149.72,141.66,1
1934,2024-12-31,Électronique,334.77,1,33,F,Paris,SEO,2.9,104,Printemps,346.2,330.11,0
1935,2024-12-31,Livres,19.48,3,57,F,Lyon,SEO,2.5,123,Printemps,54.15,48.67,0
1936,2024-12-31,Mode,50.6,1,39,M,Lille,Facebook,3.0,37,Printemps,46.8,40.48,0
1937,2024-12-31,Mode,109.74,2,30,M,Toulouse,Email,3.8,62,Printemps,213.06,184.49,0
1938,2024-12-31,Sport,95.55,2,32,F,Nice,Instagram,2.5,115,Printemps,175.6,166.28,0
1939,2024-12-31,Mode,41.61,3,35,M,Lille,Facebook,4.0,147,Printemps,120.58,104.54,0
1940,2024-12-31,Mode,79.72,1,21,F,Paris,SEO,3.6,105,Printemps,87.21,85.99,0
1941,2024-12-31,Sport,54.08,1,25,F,Toulouse,Google_Ads,3.4,85,Printemps,48.89,46.72,0
1942,2024-12-31,Sport,58.94,3,18,M,Lille,Facebook,5.0,62,Printemps,188.51,166.63,1
1943,2024-12-31,Maison,103.13,1,23,F,Nantes,Google_Ads,1.1,32,Printemps,113.31,101.06,0
1944,2024-12-31,Électronique,805.18,1,36,M,Nantes,Email,3.4,74,Printemps,794.94,760.36,1
1945,2024-12-31,Maison,226.43,1,38,F,Nantes,SEO,1.2,59,Printemps,246.49,239.99,1
1946,2024-12-31,Sport,147.85,1,18,F,Nice,Instagram,4.1,90,Printemps,140.79,137.39,0
1947,2024-12-31,Électronique,450.5,5,33,F,Paris,Direct,4.6,123,Printemps,2469.79,2321.98,1
1948,2024-12-31,Électronique,408.9,1,41,M,Bordeaux,SEO,2.3,95,Printemps,438.47,382.91,0
1949,2024-12-31,Sport,112.52,1,33,M,Nice,Google_Ads,2.5,112,Printemps,121.17,117.87,0
1950,2024-12-31,Électronique,712.25,1,27,M,Lille,Google_Ads,1.9,75,Printemps,659.6,638.99,1
1951,2024-12-31,Sport,169.16,1,30,M,Lille,Google_Ads,3.9,55,Printemps,181.67,177.19,0
1952,2024-12-31,Mode,45.33,6,28,F,Nantes,Instagram,3.4,230,Printemps,296.0,258.6,1
1953,2024-12-31,Mode,37.31,1,27,M,Bordeaux,Instagram,3.5,45,Printemps,39.69,37.81,0
1954,2024-12-31,Électronique,693.69,2,37,F,Nice,Google_Ads,3.4,54,Printemps,1273.99,1266.4,1
1955,2024-12-31,Sport,148.61,1,62,F,Lille,SEO,2.7,99,Printemps,136.27,121.06,0
1956,2024-12-31,Mode,115.02,4,26,M,Nice,Google_Ads,5.0,75,Printemps,446.97,427.98,1
1957,2024-12-31,Mode,98.65,4,31,F,Marseille,Facebook,4.1,197,Printemps,410.77,365.11,1
1958,2024-12-31,Maison,231.72,3,34,F,Paris,Instagram,2.5,81,Printemps,627.38,562.18,1
1959,2024-12-31,Maison,151.98,2,26,M,Lyon,Instagram,3.0,117,Printemps,331.36,305.77,0
1960,2024-12-31,Livres,33.67,5,48,M,Marseille,Email,2.8,75,Printemps,169.22,166.56,0
1961,2024-12-31,Mode,126.86,1,18,M,Toulouse,Facebook,5.0,42,Printemps,123.27,105.49,0
1962,2024-12-31,Mode,115.1,1,28,F,Lyon,Facebook,4.6,332,Printemps,116.51,116.33,1
1963,2024-12-31,Livres,17.36,3,44,F,Marseille,Email,3.7,105,Printemps,54.34,52.48,0
1964,2024-12-31,Maison,95.32,4,31,M,Marseille,Google_Ads,5.0,61,Printemps,363.99,329.03,1
1965,2024-12-31,Mode,85.94,1,25,M,Toulouse,Direct,5.0,98,Printemps,82.35,74.37,0
1966,2024-12-31,Électronique,530.78,1,40,F,Nice,SEO,3.5,138,Printemps,527.41,486.5,1
1967,2024-12-31,Sport,154.41,2,45,M,Toulouse,Google_Ads,3.3,33,Printemps,319.32,313.36,1
1968,2024-12-31,Mode,42.25,1,37,M,Marseille,Instagram,3.4,89,Printemps,44.0,37.52,1
1969,2024-12-31,Maison,106.39,1,25,F,Paris,Google_Ads,2.8,69,Printemps,102.65,95.69,0
1970,2024-12-31,Mode,105.8,2,40,M,Lyon,Email,5.0,53,Printemps,204.09,175.19,0
1971,2024-12-31,Électronique,289.12,1,30,M,Bordeaux,Instagram,2.7,130,Printemps,288.37,250.12,0
1972,2024-12-31,Maison,117.74,1,43,F,Bordeaux,Instagram,4.8,62,Printemps,118.72,113.22,0
1973,2024-12-31,Électronique,486.33,3,52,F,Nantes,Google_Ads,4.6,195,Printemps,1502.59,1330.01,1
1974,2024-12-31,Mode,93.2,2,18,M,Nice,SEO,3.5,67,Printemps,190.79,163.37,0
1975,2024-12-31,Mode,47.92,3,36,M,Nice,Google_Ads,5.0,146,Printemps,140.09,122.53,0
1976,2024-12-31,Mode,116.41,2,18,M,Nice,SEO,2.1,92,Printemps,223.36,196.85,0
1977,2024-12-31,Maison,140.56,4,64,M,Lille,Email,3.7,101,Printemps,540.63,521.96,1
1978,2024-12-31,Sport,159.42,3,29,F,Paris,Instagram,3.3,85,Printemps,492.17,464.48,1
1979,2024-12-31,Sport,102.15,1,43,F,Nice,Facebook,4.9,109,Printemps,100.79,96.78,0
1980,2024-12-31,Électronique,410.65,4,34,F,Nantes,SEO,4.2,135,Printemps,1522.48,1378.57,1
1981,2024-12-31,Électronique,320.73,1,25,F,Nantes,Instagram,1.9,154,Printemps,289.04,250.59,1
1982,2024-12-31,Mode,32.87,1,23,M,Paris,Instagram,5.0,75,Printemps,29.77,28.9,0
1983,2024-12-31,Livres,23.37,3,54,F,Paris,Facebook,4.3,292,Printemps,75.26,65.55,1
1984,2024-12-31,Sport,56.16,1,46,M,Marseille,SEO,2.7,139,Printemps,55.69,50.53,0
1985,2024-12-31,Sport,92.45,4,58,F,Paris,Email,3.4,115,Printemps,381.42,339.22,0
1986,2024-12-31,Mode,89.95,1,35,F,Bordeaux,SEO,2.4,100,Printemps,97.67,87.37,0
1987,2024-12-31,Mode,59.38,1,38,F,Paris,Google_Ads,3.6,29,Printemps,54.94,51.66,0
1988,2024-12-31,Mode,49.58,1,31,M,Toulouse,Facebook,4.0,277,Printemps,49.06,42.91,0
1989,2024-12-31,Électronique,747.94,2,31,F,Marseille,Facebook,3.4,131,Printemps,1507.56,1382.26,1
1990,2024-12-31,Électronique,864.08,3,22,F,Lyon,Instagram,3.3,51,Printemps,2769.32,2619.23,1
1991,2024-12-31,Livres,11.71,3,36,M,Nantes,Facebook,2.0,33,Printemps,38.61,37.85,0
1992,2024-12-31,Électronique,330.02,3,25,M,Nice,Facebook,4.2,144,Printemps,1031.99,934.65,1
1993,2024-12-31,Électronique,873.01,1,40,M,Paris,SEO,1.7,56,Printemps,897.77,806.02,1
1994,2024-12-31,Électronique,250.5,1,37,F,Toulouse,Instagram,3.8,87,Printemps,271.56,245.81,0
1995,2024-12-31,Livres,35.4,2,38,F,Toulouse,SEO,1.8,69,Printemps,75.57,69.91,0
1996,2024-12-31,Maison,60.84,1,55,M,Nantes,SEO,3.9,88,Printemps,65.28,58.55,0
1997,2024-12-31,Maison,217.26,2,34,M,Lyon,SEO,3.8,36,Printemps,391.3,347.31,1
1998,2024-12-31,Livres,17.3,1,44,M,Lille,Instagram,4.2,177,Printemps,17.35,15.72,0
1999,2024-12-31,Mode,124.01,2,59,F,Marseille,Google_Ads,4.7,74,Printemps,262.05,253.32,0
2000,2024-12-31,Maison,117.05,1,50,F,Nantes,Instagram,5.0,87,Printemps,109.59,97.31,0
2001,2024-12-31,Électronique,666.66,2,48,F,Paris,Instagram,2.0,50,Printemps,1400.37,1367.73,1
2002,2024-12-31,Électronique,279.02,1,31,M,Lille,SEO,3.7,146,Printemps,251.63,224.65,0
2003,2024-12-31,Sport,73.4,1,37,F,Lille,Facebook,5.0,66,Printemps,74.5,70.06,0
2004,2024-12-31,Sport,141.14,1,19,M,Lyon,Instagram,3.9,50,Printemps,151.06,150.4,0
2005,2024-12-31,Mode,84.05,1,40,F,Nantes,Google_Ads,2.9,121,Printemps,82.89,82.29,0
2006,2024-12-31,Mode,122.98,1,38,M,Nantes,Google_Ads,3.7,76,Printemps,128.87,117.94,0
2007,2024-12-31,Mode,74.3,2,35,F,Bordeaux,Facebook,3.4,109,Printemps,149.51,128.6,0
2008,2024-12-31,Électronique,812.12,1,47,M,Bordeaux,Instagram,2.5,58,Printemps,836.05,823.84,1
2009,2024-12-31,Électronique,528.04,1,20,F,Bordeaux,Facebook,4.8,56,Printemps,529.81,460.42,1
2010,2024-12-31,Électronique,885.99,3,54,M,Nantes,Instagram,4.4,76,Printemps,2645.13,2614.8,1
2011,2024-12-31,Mode,126.08,2,45,M,Nantes,Email,2.3,134,Printemps,269.4,258.59,1
2012,2024-12-31,Sport,84.46,4,34,F,Bordeaux,Google_Ads,3.7,71,Printemps,310.34,307.28,0
2013,2024-12-31,Mode,118.88,3,33,M,Marseille,Facebook,3.2,154,Printemps,362.67,344.47,1
2014,2024-12-31,Électronique,797.14,1,40,M,Toulouse,Direct,2.0,58,Printemps,735.73,735.19,1
2015,2024-12-31,Mode,53.04,2,53,M,Toulouse,Facebook,2.2,102,Printemps,107.42,98.83,1
2016,2024-12-31,Sport,122.1,1,36,M,Toulouse,Instagram,2.4,74,Printemps,133.42,120.0,0
2017,2024-12-31,Électronique,274.06,1,36,M,Nice,SEO,3.7,69,Printemps,249.78,227.05,0
2018,2024-12-31,Électronique,789.78,2,35,F,Paris,Facebook,3.3,51,Printemps,1554.92,1403.38,1
2019,2024-12-31,Mode,49.52,2,56,F,Paris,Email,2.7,61,Printemps,105.02,95.58,0
2020,2024-12-31,Maison,72.75,1,30,M,Marseille,Email,3.4,93,Printemps,70.85,69.63,0
2021,2024-12-31,Maison,132.04,1,34,F,Lyon,Facebook,4.6,40,Printemps,132.58,124.46,0
2022,2024-12-31,Sport,116.06,1,52,F,Toulouse,Instagram,4.2,53,Printemps,107.11,102.71,0
2023,2024-12-31,Livres,32.08,2,36,M,Toulouse,Google_Ads,4.9,129,Printemps,60.61,54.14,0
2024,2024-12-31,Sport,166.72,1,48,F,Paris,Google_Ads,3.5,42,Printemps,172.93,172.67,0
2025,2024-12-31,Maison,139.11,3,24,M,Nantes,Instagram,5.0,101,Printemps,444.75,396.77,1
2026,2024-12-31,Mode,38.39,2,32,M,Lille,Facebook,4.2,142,Printemps,79.04,69.07,0
2027,2024-12-31,Électronique,730.65,5,52,M,Nantes,Google_Ads,3.3,178,Printemps,3899.44,3769.7,1
2028,2024-12-31,Livres,24.26,3,26,F,Nice,Email,3.9,34,Printemps,74.32,72.52,0
2029,2024-12-31,Mode,76.17,1,33,F,Paris,Google_Ads,2.4,82,Printemps,80.9,73.54,0
2030,2024-12-31,Électronique,433.76,1,38,F,Nice,SEO,3.5,225,Printemps,475.65,442.9,1
2031,2024-12-31,Maison,150.43,2,23,F,Nice,SEO,4.3,202,Printemps,275.76,251.53,1
2032,2024-12-31,Mode,65.52,1,30,F,Marseille,Email,4.5,41,Printemps,65.25,58.34,0
2033,2024-12-31,Maison,196.26,5,36,F,Lyon,Google_Ads,3.3,100,Printemps,920.45,894.68,1
2034,2024-12-31,Maison,157.9,2,35,F,Paris,Instagram,5.0,69,Printemps,313.61,302.18,0
2035,2024-12-31,Mode,117.99,4,50,M,Marseille,Facebook,3.6,62,Printemps,471.93,435.5,1
2036,2024-12-31,Sport,111.8,2,53,M,Lille,Email,2.0,55,Printemps,229.06,210.35,0
2037,2024-12-31,Mode,55.73,2,24,F,Bordeaux,Email,5.0,150,Printemps,110.11,96.57,1
2038,2024-12-31,Mode,115.48,4,36,F,Lille,Google_Ads,4.5,118,Printemps,445.73,421.48,1
2039,2024-12-31,Mode,86.83,4,43,M,Lille,Instagram,4.1,114,Printemps,315.58,311.97,0
2040,2024-12-31,Maison,97.23,1,53,M,Toulouse,Google_Ads,3.3,103,Printemps,88.18,84.47,0
2041,2024-12-31,Sport,122.0,1,43,F,Lyon,SEO,4.2,57,Printemps,114.07,105.62,0
2042,2024-12-31,Mode,67.38,3,38,M,Paris,Email,5.0,57,Printemps,200.07,171.22,0
2043,2024-12-31,Maison,211.99,1,42,F,Nice,SEO,4.0,47,Printemps,208.5,206.32,0
2044,2024-12-31,Électronique,530.98,1,43,F,Bordeaux,Google_Ads,2.2,73,Printemps,498.13,446.43,1
2045,2024-12-31,Livres,28.61,1,23,M,Marseille,Facebook,1.0,24,Printemps,30.46,27.26,0
2046,2024-12-31,Mode,41.81,1,37,M,Bordeaux,Google_Ads,4.2,113,Printemps,43.35,39.9,0
2047,2024-12-31,Maison,131.28,2,52,M,Paris,Facebook,2.7,187,Printemps,254.33,232.56,0
2048,2024-12-31,Électronique,888.69,1,32,M,Lyon,SEO,3.7,113,Printemps,941.47,936.15,1
2049,2024-12-31,Électronique,770.71,3,36,M,Paris,Google_Ads,2.9,112,Printemps,2538.37,2220.44,1
2050,2024-12-31,Mode,48.09,1,32,M,Marseille,Instagram,2.8,55,Printemps,45.64,43.51,0
2051,2024-12-31,Sport,77.91,4,18,F,Bordeaux,Instagram,3.0,65,Printemps,303.09,262.48,0
2052,2024-12-31,Mode,64.66,1,35,M,Lille,Direct,3.1,78,Printemps,71.03,63.33,0
2053,2024-12-31,Livres,26.56,3,38,F,Paris,Facebook,4.7,88,Printemps,73.91,70.83,0
2054,2024-12-31,Mode,106.31,1,28,F,Nice,Google_Ads,4.4,116,Printemps,97.32,94.46,1
2055,2024-12-31,Mode,105.58,1,21,F,Nantes,Facebook,2.5,172,Printemps,106.02,97.58,1
2056,2024-12-31,Électronique,569.16,1,24,M,Lyon,Google_Ads,2.6,73,Printemps,565.57,547.7,1
2057,2024-12-31,Sport,145.88,1,44,M,Lyon,Google_Ads,4.2,176,Printemps,133.58,132.28,0
2058,2024-12-31,Électronique,520.03,4,58,M,Bordeaux,Google_Ads,5.0,100,Printemps,1992.76,1973.57,1
2059,2024-12-31,Sport,58.29,1,51,F,Lille,Direct,4.9,47,Printemps,57.35,51.69,0
2060,2024-12-31,Livres,24.24,1,18,M,Marseille,Facebook,2.7,86,Printemps,25.8,23.14,0
2061,2024-12-31,Livres,34.71,1,45,F,Lille,Google_Ads,4.9,110,Printemps,36.16,34.67,0
2062,2024-12-31,Mode,109.82,2,27,F,Nice,Google_Ads,1.8,35,Printemps,237.84,225.5,0
2063,2024-12-31,Maison,164.17,1,28,M,Bordeaux,Instagram,3.6,180,Printemps,158.67,144.2,0
2064,2024-12-31,Sport,124.97,2,29,F,Lille,Facebook,4.3,130,Printemps,240.41,212.59,0
2065,2024-12-31,Électronique,853.13,1,43,M,Bordeaux,Direct,1.5,120,Printemps,846.85,798.38,1
2066,2024-12-31,Maison,137.1,2,46,F,Lille,SEO,5.0,175,Printemps,247.2,226.07,0
2067,2024-12-31,Électronique,448.69,3,33,F,Paris,Instagram,5.0,59,Printemps,1267.28,1102.3,1
2068,2024-12-31,Mode,127.78,1,34,M,Lyon,Facebook,4.5,168,Printemps,120.41,113.89,0
2069,2024-12-31,Électronique,807.82,1,40,F,Bordeaux,SEO,2.7,33,Printemps,736.91,703.49,1
2070,2024-12-31,Électronique,443.05,3,41,F,Bordeaux,Email,3.7,92,Printemps,1317.24,1191.62,1
2071,2024-12-31,Mode,77.72,4,49,F,Lyon,Instagram,4.7,75,Printemps,336.09,327.62,0
2072,2024-12-31,Mode,72.97,1,19,M,Nantes,Instagram,2.6,39,Printemps,65.73,56.6,0
2073,2024-12-31,Maison,86.84,7,35,M,Nantes,Google_Ads,3.6,119,Printemps,623.47,576.33,1
2074,2024-12-31,Électronique,871.53,2,22,M,Marseille,Instagram,4.8,144,Printemps,1875.3,1863.01,1
2075,2024-12-31,Mode,71.92,1,34,M,Bordeaux,Google_Ads,2.2,44,Printemps,66.28,58.23,0
2076,2024-12-31,Électronique,815.85,1,32,M,Paris,Google_Ads,4.2,93,Printemps,883.93,774.19,1
2077,2024-12-31,Maison,94.08,1,34,M,Lille,Google_Ads,1.9,98,Printemps,100.08,90.75,0
2078,2024-12-31,Maison,158.62,4,25,M,Paris,Google_Ads,2.8,26,Printemps,598.25,532.57,1
2079,2024-12-31,Maison,64.31,3,18,F,Bordeaux,SEO,3.2,122,Printemps,208.58,184.22,1
2080,2024-12-31,Maison,197.56,1,18,F,Marseille,SEO,4.4,51,Printemps,209.57,208.0,0
2081,2024-12-31,Mode,89.14,2,33,M,Nice,Instagram,3.0,46,Printemps,164.42,148.26,1
2082,2024-12-31,Sport,122.26,2,29,F,Nice,SEO,3.9,129,Printemps,260.69,223.93,1
2083,2024-12-31,Mode,37.54,5,26,F,Nice,Facebook,3.0,44,Printemps,189.3,186.45,0
2084,2024-12-31,Mode,53.08,1,50,M,Bordeaux,Instagram,3.2,150,Printemps,56.43,51.76,0
2085,2024-12-31,Maison,73.38,4,24,F,Nice,Facebook,5.0,86,Printemps,300.43,288.53,0
2086,2024-12-31,Électronique,420.02,1,52,M,Marseille,Instagram,2.5,57,Printemps,410.93,371.94,1
2087,2024-12-31,Maison,172.94,3,54,M,Lyon,Facebook,4.6,152,Printemps,529.31,524.16,1
2088,2024-12-31,Maison,161.91,1,18,F,Lille,Instagram,3.8,91,Printemps,166.32,148.56,0
2089,2024-12-31,Mode,92.18,1,36,M,Nice,SEO,3.2,92,Printemps,97.09,92.18,0
2090,2024-12-31,Électronique,595.74,2,30,M,Nice,Facebook,2.5,39,Printemps,1270.29,1236.82,1
2091,2024-12-31,Électronique,409.29,3,18,F,Nice,Google_Ads,2.5,226,Printemps,1267.96,1123.02,1
2092,2024-12-31,Livres,15.6,1,18,M,Paris,Google_Ads,3.0,200,Printemps,17.13,16.62,0
2093,2024-12-31,Maison,84.67,1,44,M,Marseille,Email,3.6,91,Printemps,89.39,86.6,1
2094,2024-12-31,Électronique,798.12,3,59,F,Paris,Google_Ads,4.5,76,Printemps,2591.07,2577.17,1
2095,2024-12-31,Mode,92.61,5,45,F,Toulouse,Google_Ads,3.5,111,Printemps,446.32,441.15,1
2096,2024-12-31,Maison,93.57,1,38,F,Lyon,SEO,3.5,36,Printemps,90.13,81.87,0
2097,2024-12-31,Sport,65.09,3,34,F,Bordeaux,SEO,3.7,106,Printemps,189.91,178.24,0
2098,2024-12-31,Électronique,814.3,1,55,F,Marseille,Google_Ads,4.3,27,Printemps,804.48,795.47,1
2099,2024-12-31,Électronique,726.34,2,60,M,Lille,Instagram,4.5,80,Printemps,1586.74,1349.77,1
2100,2024-12-31,Sport,126.57,1,27,F,Toulouse,Instagram,2.3,39,Printemps,115.78,109.31,1
2101,2024-12-31,Électronique,499.63,1,18,M,Marseille,SEO,3.5,126,Printemps,499.48,440.69,1
2102,2024-12-31,Électronique,401.83,2,18,F,Nantes,SEO,5.0,70,Printemps,749.2,719.85,1
2103,2024-12-31,Livres,35.45,1,50,F,Bordeaux,Google_Ads,2.4,37,Printemps,37.65,36.5,0
2104,2024-12-31,Maison,203.5,1,34,M,Bordeaux,Instagram,3.9,162,Printemps,184.42,176.48,1
2105,2024-12-31,Mode,61.92,2,37,M,Lille,Instagram,3.6,477,Printemps,122.74,122.66,0
2106,2024-12-31,Électronique,797.11,1,18,M,Lille,SEO,3.2,80,Printemps,780.33,719.37,1
2107,2024-12-31,Électronique,737.28,2,25,F,Lyon,Google_Ads,5.0,125,Printemps,1354.29,1265.18,1
2108,2024-12-31,Électronique,425.53,2,31,M,Toulouse,Google_Ads,3.8,57,Printemps,830.07,756.49,1
2109,2024-12-31,Sport,96.89,2,37,F,Toulouse,Instagram,5.0,72,Printemps,205.75,204.94,1
2110,2024-12-31,Mode,50.63,1,30,F,Paris,Google_Ads,3.8,197,Printemps,46.96,46.42,0
2111,2024-12-31,Maison,79.99,3,22,F,Nice,Instagram,4.3,130,Printemps,263.17,262.65,0
2112,2024-12-31,Livres,28.51,2,25,M,Marseille,Google_Ads,3.2,119,Printemps,51.99,51.88,1
2113,2024-12-31,Mode,58.58,2,49,F,Lyon,Google_Ads,3.2,57,Printemps,112.22,110.46,0
2114,2024-12-31,Électronique,778.54,3,37,M,Paris,Direct,4.3,54,Printemps,2464.03,2438.48,1
2115,2024-12-31,Mode,129.57,2,42,M,Toulouse,Instagram,4.3,230,Printemps,251.76,218.52,0
2116,2024-12-31,Livres,11.07,1,24,M,Nice,SEO,4.5,90,Printemps,11.03,9.66,0
2117,2024-12-31,Sport,102.81,2,18,F,Nice,Instagram,4.2,125,Printemps,192.74,189.42,1
2118,2024-12-31,Électronique,766.39,2,28,F,Lyon,SEO,2.3,46,Printemps,1598.85,1533.33,1
2119,2024-12-31,Maison,202.01,2,24,F,Nantes,SEO,2.9,30,Printemps,378.13,371.04,0
2120,2024-12-31,Maison,196.8,3,39,F,Lille,Instagram,4.7,81,Printemps,631.58,609.79,1
2121,2024-12-31,Livres,18.42,1,70,M,Lille,Instagram,1.6,178,Printemps,18.57,16.17,0
2122,2024-12-31,Électronique,531.35,3,43,M,Bordeaux,Email,4.1,117,Printemps,1609.41,1589.26,1
2123,2024-12-31,Mode,90.51,1,67,M,Nice,SEO,3.7,112,Printemps,98.36,94.98,0
2124,2024-12-31,Sport,166.68,2,41,M,Marseille,Direct,4.7,78,Printemps,351.56,328.92,0
2125,2024-12-31,Mode,64.44,1,27,M,Marseille,Google_Ads,4.3,90,Printemps,67.57,62.83,0
2126,2024-12-31,Mode,122.51,3,39,F,Marseille,Email,3.1,89,Printemps,393.84,368.66,1
2127,2024-12-31,Électronique,406.82,1,56,M,Lyon,Email,3.0,96,Printemps,373.6,339.44,0
2128,2024-12-31,Mode,128.93,2,56,F,Lyon,Google_Ads,3.2,41,Printemps,269.53,261.57,0
2129,2024-12-31,Mode,97.85,1,28,M,Marseille,Google_Ads,4.4,186,Printemps,92.63,91.37,1
2130,2024-12-31,Livres,21.51,1,38,M,Bordeaux,Instagram,1.3,97,Printemps,20.57,18.27,0
2131,2024-12-31,Mode,92.31,2,18,M,Paris,Facebook,4.0,99,Printemps,166.71,142.65,1
2132,2024-12-31,Mode,59.07,3,44,F,Nantes,Email,2.8,131,Printemps,191.17,168.31,1
2133,2024-12-31,Maison,109.35,1,53,M,Lyon,Instagram,4.0,167,Printemps,114.58,110.41,0
2134,2024-12-31,Électronique,301.65,2,35,M,Marseille,SEO,4.2,150,Printemps,559.78,548.73,1
2135,2024-12-31,Mode,43.62,1,26,M,Lille,Google_Ads,2.0,124,Printemps,42.12,38.0,0
2136,2024-12-31,Maison,122.58,1,39,M,Lyon,Facebook,3.6,64,Printemps,122.09,106.57,0
2137,2024-12-31,Sport,139.76,1,40,F,Paris,Google_Ads,4.0,89,Printemps,139.59,136.63,0
2138,2024-12-31,Maison,169.43,2,35,F,Lyon,SEO,3.9,160,Printemps,345.35,304.67,0
2139,2024-12-31,Maison,78.47,2,37,M,Paris,Facebook,3.7,77,Printemps,156.06,138.31,0
2140,2024-12-31,Électronique,800.26,4,32,M,Paris,Instagram,2.5,122,Printemps,3296.2,2847.56,1
2141,2024-12-31,Livres,25.24,2,46,M,Lyon,Email,2.6,55,Printemps,54.35,53.62,0
2142,2024-12-31,Électronique,873.58,1,43,F,Paris,SEO,2.3,50,Printemps,855.77,769.34,1
2143,2024-12-31,Sport,127.95,2,23,F,Nice,Google_Ads,4.4,111,Printemps,275.18,240.99,0
2144,2024-12-31,Mode,49.58,4,22,F,Lyon,SEO,3.7,193,Printemps,187.2,185.9,0
2145,2024-12-31,Livres,21.79,2,31,F,Lyon,SEO,3.7,126,Printemps,40.28,36.27,0
2146,2024-12-31,Maison,176.73,1,43,F,Bordeaux,Instagram,1.9,82,Printemps,167.52,161.17,1
2147,2024-12-31,Sport,46.1,1,36,F,Lille,Instagram,3.8,127,Printemps,43.4,38.39,0
2148,2024-12-31,Électronique,235.06,1,27,F,Nice,Facebook,4.5,119,Printemps,257.87,247.3,0
2149,2024-12-31,Mode,45.12,2,38,M,Nantes,SEO,1.8,47,Printemps,88.09,77.94,0
2150,2024-12-31,Maison,105.3,1,31,F,Nice,Instagram,3.2,75,Printemps,108.49,102.59,0
2151,2024-12-31,Sport,97.27,1,45,M,Paris,Instagram,2.1,37,Printemps,101.08,92.6,0
2152,2024-12-31,Électronique,554.02,1,38,M,Nice,Email,3.3,109,Printemps,547.95,531.41,0
2153,2024-12-31,Livres,12.73,1,31,F,Lyon,SEO,2.8,149,Printemps,12.02,11.54,0
2154,2024-12-31,Sport,128.36,7,37,M,Paris,Instagram,4.2,186,Printemps,887.38,878.79,1
2155,2024-12-31,Mode,90.62,2,50,M,Lyon,Facebook,4.0,78,Printemps,180.3,163.44,0
2156,2024-12-31,Sport,80.04,2,28,F,Nantes,Email,5.0,62,Printemps,174.62,168.19,0
2157,2024-12-31,Mode,33.83,1,39,F,Toulouse,Email,3.7,117,Printemps,34.3,34.14,0
2158,2024-12-31,Mode,40.07,2,34,F,Lyon,Email,4.2,44,Printemps,87.67,78.94,0
2159,2024-12-31,Mode,70.69,2,40,M,Lyon,SEO,3.2,35,Printemps,143.55,128.26,0
2160,2024-12-31,Maison,87.72,3,27,F,Lille,Google_Ads,2.6,118,Printemps,244.46,235.99,0
2161,2024-12-31,Maison,127.83,1,36,F,Paris,Google_Ads,4.7,106,Printemps,124.87,114.49,0
2162,2024-12-31,Mode,93.75,1,48,M,Lille,Email,5.0,135,Printemps,99.23,90.28,1
2163,2024-12-31,Maison,158.5,3,23,F,Nice,Instagram,4.6,44,Printemps,468.05,436.15,1
2164,2024-12-31,Maison,101.61,6,19,M,Nice,Email,3.9,241,Printemps,560.86,555.44,1
2165,2024-12-31,Maison,121.89,1,19,F,Lille,Instagram,2.7,36,Printemps,112.04,96.64,0
2166,2024-12-31,Électronique,639.47,3,20,M,Nice,Facebook,5.0,214,Printemps,1817.53,1671.86,1
2167,2024-12-31,Sport,152.26,3,42,F,Toulouse,Instagram,4.4,206,Printemps,462.69,400.93,1
2168,2024-12-31,Mode,105.94,1,18,F,Nice,Instagram,5.0,175,Printemps,112.93,110.96,0
2169,2024-12-31,Mode,86.46,1,31,F,Toulouse,Facebook,2.5,112,Printemps,87.04,75.77,1
2170,2024-12-31,Électronique,469.55,1,42,M,Lille,Instagram,4.7,126,Printemps,492.66,425.39,0
2171,2024-12-31,Mode,68.09,1,39,F,Lille,Google_Ads,4.4,50,Printemps,70.08,69.69,0
2172,2024-12-31,Sport,154.63,3,30,M,Bordeaux,Facebook,3.4,55,Printemps,466.11,435.58,1
2173,2024-12-31,Mode,36.33,2,37,M,Paris,Google_Ads,5.0,81,Printemps,68.51,66.72,0
2174,2024-12-31,Maison,237.84,3,36,M,Paris,Instagram,4.2,100,Printemps,768.19,707.15,1
2175,2024-12-31,Électronique,673.45,1,32,F,Lyon,Direct,2.8,68,Printemps,643.24,588.79,0
2176,2024-12-31,Mode,98.91,1,32,M,Paris,Google_Ads,3.7,82,Printemps,94.02,92.77,1
2177,2024-12-31,Livres,10.03,4,61,M,Nantes,SEO,2.8,43,Printemps,38.16,38.1,0
2178,2024-12-31,Sport,119.7,1,44,F,Lille,Google_Ads,3.3,197,Printemps,110.03,103.73,0
2179,2024-12-31,Électronique,552.23,4,64,M,Marseille,SEO,4.6,116,Printemps,2208.31,2181.21,1
2180,2024-12-31,Mode,42.81,2,29,M,Toulouse,SEO,4.9,261,Printemps,82.67,80.97,0
2181,2024-12-31,Électronique,412.6,3,33,M,Paris,Facebook,4.0,42,Printemps,1243.22,1158.19,1
2182,2024-12-31,Mode,119.31,5,19,F,Toulouse,Facebook,3.0,40,Printemps,590.93,585.71,0
2183,2024-12-31,Sport,112.62,4,25,M,Toulouse,SEO,4.2,167,Printemps,452.28,398.69,1
2184,2024-12-31,Sport,95.21,2,57,F,Marseille,Instagram,4.6,77,Printemps,182.72,179.56,0
2185,2024-12-31,Électronique,274.06,1,28,F,Nice,Email,1.6,140,Printemps,291.33,261.15,1
2186,2024-12-31,Livres,28.28,3,58,F,Toulouse,Instagram,3.9,150,Printemps,85.42,73.0,0
2187,2024-12-31,Maison,186.51,3,20,F,Nantes,SEO,3.6,84,Printemps,526.91,510.08,0
2188,2024-12-31,Mode,92.37,1,22,M,Bordeaux,Direct,4.8,56,Printemps,99.79,98.74,1
2189,2024-12-31,Mode,82.25,2,30,F,Lyon,Instagram,4.2,55,Printemps,151.65,133.84,0
2190,2024-12-31,Maison,138.08,1,34,F,Lyon,Google_Ads,4.3,65,Printemps,144.53,134.43,0
2191,2024-12-31,Maison,166.79,2,46,F,Lyon,Instagram,3.3,90,Printemps,345.48,332.49,0
2192,2024-12-31,Mode,55.26,1,40,F,Bordeaux,Facebook,3.8,128,Printemps,50.54,45.47,0
2193,2024-12-31,Mode,124.27,1,30,M,Lille,Instagram,4.8,57,Printemps,134.25,117.07,0
2194,2024-12-31,Électronique,622.44,1,33,M,Toulouse,Direct,3.7,55,Printemps,599.57,544.91,1
2195,2024-12-31,Sport,82.18,1,31,F,Marseille,Instagram,4.0,54,Printemps,86.14,79.11,0
2196,2024-12-31,Mode,76.34,1,24,M,Paris,Facebook,2.1,268,Printemps,72.94,70.12,0
2197,2024-12-31,Électronique,768.84,3,24,F,Lille,Email,3.7,67,Printemps,2318.36,2039.7,1
2198,2024-12-31,Sport,63.11,1,47,M,Lyon,Direct,1.6,90,Printemps,69.07,67.15,0
2199,2024-12-31,Livres,16.91,3,18,M,Nice,SEO,3.2,146,Printemps,51.84,47.97,1
2200,2024-12-31,Livres,27.35,3,54,F,Lyon,Google_Ads,3.9,57,Printemps,78.7,77.56,1
2201,2024-12-31,Mode,63.26,2,30,M,Toulouse,Instagram,4.6,132,Printemps,125.47,117.3,0
2202,2024-12-31,Électronique,759.94,2,25,F,Lille,Facebook,2.7,109,Printemps,1573.39,1442.84,1
2203,2024-12-31,Mode,45.22,1,43,F,Marseille,Instagram,4.2,54,Printemps,44.72,39.94,0
2204,2024-12-31,Électronique,739.81,1,52,M,Lille,Instagram,5.0,76,Printemps,800.59,693.26,1
2205,2024-12-31,Livres,10.85,1,48,M,Bordeaux,SEO,3.1,115,Printemps,11.64,10.55,0
2206,2024-12-31,Électronique,233.5,1,41,F,Lyon,Facebook,2.1,69,Printemps,217.01,197.92,0
2207,2024-12-31,Mode,120.08,2,48,M,Marseille,Facebook,4.1,171,Printemps,253.84,237.4,1
2208,2024-12-31,Mode,89.18,2,18,M,Nice,SEO,2.5,38,Printemps,194.14,190.06,1
2209,2024-12-31,Mode,66.8,1,28,F,Toulouse,Facebook,2.9,161,Printemps,64.36,59.18,0
2210,2024-12-31,Sport,72.16,2,24,F,Paris,Direct,4.8,94,Printemps,136.76,122.69,0
2211,2024-12-31,Mode,92.65,1,49,M,Toulouse,Google_Ads,5.0,85,Printemps,83.56,81.97,0
2212,2024-12-31,Électronique,568.58,1,30,F,Nice,Facebook,2.7,117,Printemps,524.87,503.92,1
2213,2024-12-31,Mode,129.18,1,45,F,Nice,Email,3.0,73,Printemps,141.09,126.42,0
2214,2024-12-31,Mode,128.36,2,41,M,Lyon,Facebook,3.3,94,Printemps,251.14,219.76,0
2215,2024-12-31,Électronique,653.64,1,24,M,Toulouse,SEO,3.2,139,Printemps,638.91,570.97,1
2216,2024-12-31,Maison,139.72,1,27,F,Lille,Facebook,5.0,123,Printemps,133.2,115.69,0
2217,2024-12-31,Maison,148.41,1,50,M,Marseille,SEO,3.2,149,Printemps,138.43,136.43,1
2218,2024-12-31,Maison,182.85,1,25,F,Lyon,Google_Ads,3.4,71,Printemps,183.17,172.5,0
2219,2024-12-31,Livres,11.74,2,36,F,Paris,Direct,5.0,124,Printemps,24.53,24.03,0
2220,2024-12-31,Livres,17.87,1,25,M,Paris,Instagram,4.4,226,Printemps,18.05,17.56,0
2221,2024-12-31,Livres,11.03,2,31,M,Nantes,Instagram,4.9,42,Printemps,20.01,17.47,0
2222,2024-12-31,Électronique,274.52,5,34,F,Lille,Instagram,2.8,105,Printemps,1455.9,1334.26,1
2223,2024-12-31,Électronique,357.19,1,25,M,Bordeaux,Instagram,3.2,133,Printemps,388.02,386.4,0
2224,2024-12-31,Mode,79.81,1,23,M,Nice,Google_Ads,2.7,181,Printemps,78.86,69.8,0
2225,2024-12-31,Sport,142.56,4,38,F,Lille,Facebook,4.7,123,Printemps,555.01,475.94,1
2226,2024-12-31,Livres,22.11,1,24,F,Marseille,SEO,5.0,137,Printemps,20.91,18.86,0
2227,2024-12-31,Sport,85.27,2,25,F,Lille,Google_Ads,3.1,59,Printemps,163.79,151.77,0
2228,2024-12-31,Électronique,280.59,3,23,M,Marseille,SEO,3.4,175,Printemps,866.08,743.43,1
2229,2024-12-31,Livres,23.86,1,34,F,Nantes,Direct,3.4,127,Printemps,25.15,22.98,1
2230,2024-12-31,Mode,58.95,1,46,F,Nice,Instagram,2.1,52,Printemps,56.97,50.59,0
2231,2024-12-31,Électronique,640.08,1,53,F,Nice,Facebook,3.1,54,Printemps,619.56,546.34,1
2232,2024-12-31,Mode,127.78,1,26,F,Nantes,SEO,4.7,86,Printemps,126.53,112.56,0
2233,2024-12-31,Électronique,300.14,3,60,M,Nantes,Instagram,2.8,86,Printemps,841.02,728.16,1
2234,2024-12-31,Mode,53.18,3,22,F,Bordeaux,Google_Ads,3.9,89,Printemps,173.18,149.19,0
2235,2024-12-31,Mode,78.63,2,48,F,Nantes,Facebook,2.4,79,Printemps,163.72,153.79,0
2236,2024-12-31,Mode,126.94,1,26,M,Lille,Email,3.6,77,Printemps,125.25,124.27,0
2237,2024-12-31,Maison,198.93,4,24,F,Paris,Facebook,3.2,86,Printemps,735.59,714.05,1
2238,2024-12-31,Sport,157.02,1,26,F,Marseille,Email,2.5,142,Printemps,167.98,163.79,1
2239,2024-12-31,Maison,120.07,4,34,M,Toulouse,Direct,4.7,141,Printemps,478.71,459.69,1
2240,2024-12-31,Mode,129.22,2,41,M,Marseille,Facebook,4.7,44,Printemps,273.79,271.99,0
2241,2024-12-31,Sport,55.61,1,43,M,Paris,Facebook,2.7,153,Printemps,50.42,50.05,0
2242,2024-12-31,Livres,10.43,2,23,F,Nice,Google_Ads,3.6,111,Printemps,19.92,19.25,0
2243,2024-12-31,Électronique,802.53,2,23,F,Toulouse,Instagram,3.8,51,Printemps,1644.26,1574.2,1
2244,2024-12-31,Mode,122.91,1,24,M,Lille,Email,1.8,80,Printemps,122.61,109.83,0
2245,2024-12-31,Mode,41.33,1,33,M,Bordeaux,Facebook,2.3,53,Printemps,39.64,34.23,0
2246,2024-12-31,Électronique,301.56,3,32,F,Lyon,Google_Ads,5.0,69,Printemps,850.61,734.87,1
2247,2024-12-31,Maison,65.97,1,23,F,Lille,SEO,2.6,70,Printemps,63.36,60.85,0
2248,2024-12-31,Sport,55.82,1,38,M,Nantes,Google_Ads,5.0,189,Printemps,58.53,50.0,0
2249,2024-12-31,Électronique,366.36,2,62,F,Toulouse,Instagram,2.3,58,Printemps,686.37,667.46,1
2250,2024-12-31,Sport,166.18,5,28,F,Nice,Google_Ads,4.5,144,Printemps,846.51,766.07,1
2251,2024-12-31,Sport,127.65,3,29,F,Lille,Facebook,3.5,278,Printemps,377.11,331.41,1
2252,2024-12-31,Livres,30.02,1,41,M,Marseille,Instagram,3.6,366,Printemps,31.6,28.79,1
2253,2024-12-31,Mode,108.17,4,28,M,Marseille,Direct,5.0,89,Printemps,406.87,388.76,1
2254,2024-12-31,Livres,23.45,2,43,M,Bordeaux,Google_Ads,2.4,41,Printemps,44.74,39.87,0
2255,2024-12-31,Mode,110.26,6,26,F,Nantes,Direct,4.5,126,Printemps,648.13,567.79,1
2256,2024-12-31,Maison,167.25,2,56,F,Toulouse,Instagram,4.4,138,Printemps,312.19,299.91,1
2257,2024-12-31,Électronique,437.32,3,39,F,Bordeaux,Facebook,5.0,182,Printemps,1301.77,1278.47,1
2258,2024-12-31,Électronique,603.75,3,27,M,Bordeaux,Facebook,2.6,105,Printemps,1780.84,1670.13,1
2259,2024-12-31,Maison,156.03,1,27,M,Paris,Google_Ads,3.1,42,Printemps,171.33,159.09,0
2260,2024-12-31,Mode,112.79,2,28,M,Toulouse,SEO,4.7,32,Printemps,229.81,221.36,0
2261,2024-12-31,Mode,128.22,1,51,F,Lyon,Instagram,3.6,176,Printemps,117.18,112.48,0
2262,2024-12-31,Électronique,502.45,1,19,M,Lyon,Email,3.3,144,Printemps,498.43,424.13,0
2263,2024-12-31,Maison,197.41,2,26,M,Toulouse,Instagram,4.9,58,Printemps,424.71,378.96,0
2264,2024-12-31,Électronique,292.34,3,28,F,Nantes,Direct,3.5,50,Printemps,941.35,931.75,1
2265,2024-12-31,Sport,141.55,2,34,F,Bordeaux,Instagram,2.8,224,Printemps,309.24,307.39,0
2266,2024-12-31,Électronique,475.71,1,31,M,Nice,Direct,4.6,177,Printemps,513.21,475.51,1
2267,2024-12-31,Électronique,251.59,1,18,M,Marseille,Google_Ads,4.2,82,Printemps,235.3,219.77,1
2268,2024-12-31,Mode,67.92,1,30,F,Lyon,Google_Ads,3.5,56,Printemps,61.17,52.0,0
2269,2024-12-31,Mode,92.04,1,33,M,Nice,Instagram,3.4,75,Printemps,94.18,89.55,0
2270,2024-12-31,Mode,44.13,2,27,M,Toulouse,Email,2.8,62,Printemps,91.83,80.98,0
2271,2024-12-31,Mode,122.59,2,43,F,Nice,Facebook,4.6,141,Printemps,227.1,197.39,1
2272,2024-12-31,Livres,11.1,1,46,F,Toulouse,Google_Ads,3.4,103,Printemps,10.36,9.28,0
2273,2024-12-31,Maison,227.4,2,34,F,Lille,SEO,3.0,59,Printemps,496.92,471.95,0
2274,2024-12-31,Électronique,702.32,1,37,F,Paris,Facebook,2.4,120,Printemps,764.66,700.01,1
2275,2024-12-31,Mode,64.65,2,18,F,Marseille,Email,4.2,62,Printemps,120.42,108.67,0
2276,2024-12-31,Sport,92.32,2,29,F,Paris,SEO,3.2,61,Printemps,175.3,168.12,0
2277,2024-12-31,Mode,104.73,1,47,M,Lille,Google_Ads,1.6,66,Printemps,112.94,109.79,1
2278,2024-12-31,Électronique,630.99,5,29,M,Lyon,SEO,2.5,146,Printemps,3113.95,3052.85,1
2279,2024-12-31,Sport,128.13,3,26,M,Paris,Email,3.5,59,Printemps,407.32,373.39,0
2280,2024-12-31,Maison,130.05,1,62,F,Nantes,Direct,3.6,146,Printemps,127.34,121.95,0
2281,2024-12-31,Maison,147.81,1,56,F,Paris,Instagram,3.5,239,Printemps,154.79,152.13,1
2282,2024-12-31,Électronique,893.16,2,40,F,Paris,SEO,3.4,67,Printemps,1749.46,1725.56,1
2283,2024-12-31,Électronique,369.4,2,48,M,Nice,Google_Ads,2.2,133,Printemps,797.78,737.0,1
2284,2024-12-31,Maison,135.21,1,18,F,Toulouse,SEO,2.8,161,Printemps,130.5,117.88,0
2285,2024-12-31,Électronique,421.98,6,25,F,Lille,Facebook,5.0,437,Printemps,2543.59,2505.51,1
2286,2024-12-31,Mode,107.1,2,29,M,Toulouse,Instagram,4.9,134,Printemps,215.13,191.3,1
2287,2024-12-31,Mode,106.99,2,32,F,Marseille,Facebook,4.4,90,Printemps,220.35,213.64,1
2288,2024-12-31,Mode,61.01,4,29,M,Nice,SEO,4.3,223,Printemps,234.62,231.4,0
2289,2024-12-31,Livres,11.2,2,18,F,Toulouse,SEO,4.8,153,Printemps,23.03,22.13,0
2290,2024-12-31,Sport,43.96,2,39,F,Marseille,SEO,2.6,118,Printemps,81.6,77.68,0
2291,2024-12-31,Maison,136.94,4,41,M,Lille,Facebook,3.8,124,Printemps,590.89,506.74,1
2292,2024-12-31,Électronique,501.98,1,54,M,Nice,Facebook,2.6,225,Printemps,466.25,410.55,1
2293,2024-12-31,Électronique,892.16,3,25,F,Toulouse,Instagram,2.6,60,Printemps,2858.65,2715.67,1
2294,2024-12-31,Mode,78.31,1,24,F,Paris,Facebook,4.2,164,Printemps,81.33,78.71,0
2295,2024-12-31,Électronique,398.08,1,18,M,Nice,Email,4.8,135,Printemps,385.43,331.28,1
2296,2024-12-31,Livres,33.06,1,31,M,Paris,Instagram,3.6,182,Printemps,31.92,27.23,0
2297,2024-12-31,Électronique,556.47,1,45,M,Bordeaux,Google_Ads,5.0,73,Printemps,608.34,545.51,1
2298,2024-12-31,Mode,90.92,4,27,M,Nice,Google_Ads,4.0,48,Printemps,341.49,323.31,1
2299,2024-12-31,Mode,41.83,4,60,F,Nantes,SEO,2.9,232,Printemps,174.77,161.98,0
2300,2024-12-31,Maison,128.92,1,31,F,Lyon,Instagram,2.6,32,Printemps,120.77,102.8,0
2301,2024-12-31,Électronique,862.35,2,36,F,Lyon,Facebook,4.9,69,Printemps,1864.54,1627.26,1
2302,2024-12-31,Mode,89.98,2,18,M,Marseille,Google_Ads,3.9,41,Printemps,188.66,181.65,0
2303,2024-12-31,Mode,66.09,1,38,F,Lille,Instagram,4.5,180,Printemps,71.81,64.24,0
2304,2024-12-31,Sport,122.27,1,18,M,Nice,Direct,1.0,40,Printemps,131.54,114.12,0
2305,2024-12-31,Électronique,839.53,1,43,M,Paris,Google_Ads,4.1,118,Printemps,847.84,727.13,1
2306,2024-12-31,Livres,16.4,2,43,M,Toulouse,Instagram,3.2,50,Printemps,30.51,29.83,0
2307,2024-12-31,Sport,106.9,1,51,F,Nantes,SEO,2.3,39,Printemps,100.95,92.95,0
2308,2024-12-31,Mode,125.97,2,22,F,Lyon,SEO,3.7,239,Printemps,236.92,219.28,1
2309,2024-12-31,Sport,64.48,2,36,F,Lille,Facebook,5.0,155,Printemps,121.76,104.61,0
2310,2024-12-31,Électronique,710.77,2,41,F,Lille,Facebook,5.0,85,Printemps,1414.84,1306.3,1
2311,2024-12-31,Livres,25.59,1,40,M,Nice,Google_Ads,4.1,103,Printemps,27.47,26.01,0
2312,2024-12-31,Mode,98.77,1,24,F,Paris,Google_Ads,3.0,43,Printemps,89.35,77.59,0
2313,2024-12-31,Mode,66.74,1,18,M,Nice,Instagram,3.0,264,Printemps,63.25,62.33,1
2314,2024-12-31,Mode,63.1,2,39,M,Nice,Facebook,4.9,67,Printemps,128.65,124.47,0
2315,2024-12-31,Électronique,686.84,2,33,M,Nantes,SEO,2.7,134,Printemps,1474.05,1430.25,1
2316,2024-12-31,Livres,14.82,2,28,F,Lille,Instagram,4.5,44,Printemps,28.44,26.46,0
2317,2024-12-31,Électronique,508.27,1,44,F,Lyon,Google_Ads,4.1,111,Printemps,496.33,446.74,1
2318,2024-12-31,Maison,93.87,3,34,F,Bordeaux,Instagram,4.0,127,Printemps,274.49,259.68,0
2319,2024-12-31,Mode,33.31,1,19,F,Lyon,Google_Ads,2.1,78,Printemps,31.94,28.22,0
2320,2024-12-31,Livres,35.19,1,18,F,Nantes,Direct,3.4,141,Printemps,36.59,31.85,0
2321,2024-12-31,Électronique,516.4,1,21,F,Bordeaux,Facebook,2.2,66,Printemps,532.49,495.62,1
2322,2024-12-31,Mode,127.01,1,63,M,Toulouse,SEO,3.2,59,Printemps,135.73,125.12,0
2323,2024-12-31,Mode,46.18,1,43,F,Toulouse,Instagram,4.8,104,Printemps,50.04,43.66,0
2324,2024-12-31,Maison,165.73,2,37,F,Lille,SEO,5.0,53,Printemps,358.0,332.78,0
2325,2024-12-31,Électronique,360.66,1,32,M,Lyon,Facebook,4.0,49,Printemps,363.55,338.82,0
2326,2024-12-31,Électronique,758.3,1,32,M,Paris,Google_Ads,3.2,58,Printemps,710.63,696.94,1
2327,2024-12-31,Électronique,754.0,2,49,M,Nantes,Facebook,5.0,243,Printemps,1424.2,1372.76,1
2328,2024-12-31,Maison,80.27,1,29,F,Lille,Google_Ads,3.2,83,Printemps,81.72,72.13,0
2329,2024-12-31,Électronique,840.64,1,41,M,Paris,Google_Ads,2.6,270,Printemps,910.99,886.11,1
2330,2024-12-31,Maison,95.03,1,30,M,Bordeaux,Email,4.6,90,Printemps,95.61,95.17,0
2331,2024-12-31,Électronique,638.76,1,58,M,Toulouse,Instagram,4.3,66,Printemps,694.42,664.91,1
2332,2024-12-31,Sport,168.17,4,43,F,Marseille,Email,3.2,222,Printemps,640.69,620.22,1
2333,2024-12-31,Livres,32.82,1,49,M,Marseille,Google_Ads,3.9,62,Printemps,30.11,26.8,0
2334,2024-12-31,Mode,125.76,1,27,F,Bordeaux,Instagram,4.3,86,Printemps,133.22,133.06,0
2335,2024-12-31,Mode,65.9,1,47,M,Marseille,Direct,4.0,46,Printemps,70.9,62.14,0
2336,2024-12-31,Électronique,296.26,2,31,F,Nice,Direct,4.3,203,Printemps,586.37,564.46,0
2337,2024-12-31,Électronique,352.13,1,36,M,Nantes,Facebook,3.2,85,Printemps,324.14,294.73,1
2338,2024-12-31,Mode,81.3,3,54,M,Nice,Google_Ads,4.4,199,Printemps,221.57,200.2,1
2339,2024-12-31,Maison,202.78,3,22,F,Lille,Instagram,3.8,127,Printemps,555.12,495.6,1
2340,2024-12-31,Mode,47.14,1,37,M,Lille,Instagram,3.3,85,Printemps,46.57,42.66,0
2341,2024-12-31,Livres,26.81,2,40,F,Nantes,SEO,3.5,112,Printemps,50.78,49.19,0
2342,2024-12-31,Mode,64.05,1,41,F,Lyon,Facebook,3.7,205,Printemps,63.56,63.0,0
2343,2024-12-31,Maison,121.42,2,29,F,Lille,Facebook,2.2,85,Printemps,242.27,221.06,0
2344,2024-12-31,Mode,97.04,3,60,M,Toulouse,Instagram,3.1,77,Printemps,288.67,273.59,0
2345,2024-12-31,Mode,78.03,1,19,F,Marseille,Google_Ads,3.9,32,Printemps,79.9,77.37,0
2346,2024-12-31,Mode,111.67,3,52,M,Toulouse,SEO,2.3,106,Printemps,347.04,300.18,0
2347,2024-12-31,Mode,47.7,3,49,M,Nantes,SEO,3.1,85,Printemps,140.13,139.3,0
2348,2024-12-31,Mode,109.52,2,57,M,Paris,Instagram,5.0,252,Printemps,211.9,186.84,1
2349,2024-12-31,Maison,71.56,1,18,M,Nice,Instagram,2.6,40,Printemps,69.68,68.79,0
2350,2024-12-31,Livres,14.24,1,24,F,Lyon,Instagram,3.4,121,Printemps,13.02,12.99,0
2351,2024-12-31,Mode,96.47,3,52,F,Paris,Instagram,2.9,35,Printemps,279.1,241.44,0
2352,2024-12-31,Électronique,802.07,2,18,F,Toulouse,Instagram,3.7,78,Printemps,1507.87,1483.61,1
2353,2024-12-31,Mode,57.14,3,18,M,Marseille,SEO,2.9,198,Printemps,164.24,155.39,1
2354,2024-12-31,Mode,64.4,2,29,F,Toulouse,Instagram,3.5,208,Printemps,134.33,130.66,0
2355,2024-12-31,Électronique,587.56,3,37,F,Paris,Email,3.0,113,Printemps,1934.9,1676.33,1
2356,2024-12-31,Sport,69.48,3,54,M,Marseille,Instagram,5.0,137,Printemps,226.08,220.46,0
2357,2024-12-31,Livres,30.9,2,32,F,Lille,Google_Ads,3.9,161,Printemps,65.78,62.09,0
2358,2024-12-31,Livres,29.89,2,27,M,Lyon,SEO,2.7,82,Printemps,62.61,58.02,0
2359,2024-12-31,Électronique,323.07,2,38,F,Bordeaux,Instagram,4.7,92,Printemps,703.64,657.21,1
2360,2024-12-31,Sport,101.64,1,40,F,Marseille,Instagram,2.7,41,Printemps,106.76,102.67,0
2361,2024-12-31,Maison,199.47,3,40,F,Nantes,Email,2.1,85,Printemps,594.93,532.25,1
2362,2024-12-31,Mode,65.39,2,32,F,Nantes,Instagram,3.8,47,Printemps,133.43,132.3,0
2363,2024-12-31,Mode,94.23,3,18,M,Lille,Google_Ads,5.0,84,Printemps,271.7,243.49,0
2364,2024-12-31,Sport,48.9,1,23,F,Nantes,Facebook,1.8,136,Printemps,44.04,43.23,0
2365,2024-12-31,Mode,91.85,1,52,F,Paris,SEO,2.3,101,Printemps,89.16,75.95,0
2366,2024-12-31,Mode,47.38,5,37,M,Lille,Email,4.6,64,Printemps,232.41,229.5,0
2367,2024-12-31,Mode,113.48,1,31,M,Nantes,Instagram,3.1,68,Printemps,118.77,116.13,0
2368,2024-12-31,Maison,123.98,2,48,M,Paris,SEO,4.5,111,Printemps,265.78,230.86,0
2369,2024-12-31,Électronique,415.05,4,21,M,Paris,Instagram,2.9,123,Printemps,1813.81,1742.24,1
2370,2024-12-31,Livres,31.7,1,32,M,Paris,Instagram,4.0,56,Printemps,30.76,27.88,0
2371,2024-12-31,Maison,69.03,1,36,F,Nantes,SEO,5.0,220,Printemps,75.34,69.46,1
2372,2024-12-31,Maison,131.39,2,29,M,Nice,Facebook,2.5,85,Printemps,278.51,239.6,1
2373,2024-12-31,Électronique,474.75,2,36,F,Paris,Instagram,4.9,60,Printemps,860.41,758.79,1
2374,2024-12-31,Maison,111.26,2,32,F,Toulouse,Facebook,4.5,66,Printemps,226.77,225.19,0
2375,2024-12-31,Électronique,840.43,1,18,F,Lyon,SEO,2.2,164,Printemps,817.85,746.45,1
2376,2024-12-31,Électronique,731.88,3,37,F,Nantes,Direct,4.4,144,Printemps,1991.0,1700.13,1
2377,2024-12-31,Mode,38.73,2,19,F,Paris,SEO,3.9,172,Printemps,77.95,72.28,0
2378,2024-12-31,Mode,102.18,1,36,F,Lyon,Google_Ads,3.9,121,Printemps,103.92,103.83,0
2379,2024-12-31,Maison,154.91,3,51,F,Toulouse,Google_Ads,4.2,58,Printemps,441.71,397.51,1
2380,2024-12-31,Électronique,833.09,1,31,M,Bordeaux,SEO,3.4,188,Printemps,906.38,789.62,1
2381,2024-12-31,Mode,63.01,1,20,M,Lyon,SEO,3.9,53,Printemps,64.4,60.96,0
2382,2024-12-31,Électronique,612.56,2,33,M,Nantes,SEO,4.1,105,Printemps,1145.72,1131.94,1
2383,2024-12-31,Livres,22.52,3,25,M,Nantes,Instagram,4.6,47,Printemps,70.55,69.06,0
2384,2024-12-31,Maison,148.12,3,42,F,Paris,SEO,2.1,63,Printemps,444.29,421.43,1
2385,2024-12-31,Maison,142.1,1,33,M,Toulouse,Google_Ads,5.0,87,Printemps,141.34,124.04,0
2386,2024-12-31,Mode,52.55,3,55,F,Nice,Instagram,2.5,45,Printemps,168.19,162.75,0
2387,2024-12-31,Électronique,735.1,3,48,F,Toulouse,Facebook,4.6,65,Printemps,2045.73,1991.48,1
2388,2024-12-31,Livres,21.19,2,33,F,Toulouse,SEO,3.9,112,Printemps,42.3,41.34,0
2389,2024-12-31,Mode,125.96,1,43,F,Nantes,Email,2.4,61,Printemps,133.03,121.13,0
2390,2024-12-31,Mode,57.93,1,30,F,Bordeaux,SEO,4.4,476,Printemps,59.79,54.49,1
2391,2024-12-31,Maison,182.89,2,35,F,Toulouse,Instagram,2.8,128,Printemps,329.61,287.84,0
2392,2024-12-31,Électronique,859.98,6,30,F,Nice,SEO,5.0,165,Printemps,5456.55,5270.5,1
2393,2024-12-31,Sport,127.09,2,44,F,Lille,SEO,3.0,160,Printemps,276.79,265.88,1
2394,2024-12-31,Mode,117.45,3,52,F,Lyon,Google_Ads,2.2,105,Printemps,366.77,317.24,1
2395,2024-12-31,Mode,113.18,1,44,M,Lille,Google_Ads,5.0,71,Printemps,121.69,103.8,0
2396,2024-12-31,Électronique,468.08,3,46,F,Bordeaux,Google_Ads,4.0,150,Printemps,1365.15,1355.26,1
2397,2024-12-31,Électronique,630.08,1,46,F,Lyon,Facebook,4.8,89,Printemps,611.26,521.15,1
2398,2024-12-31,Sport,62.42,1,41,M,Paris,Direct,2.9,42,Printemps,60.19,56.83,1
2399,2024-12-31,Maison,156.39,1,21,M,Lyon,Facebook,1.7,104,Printemps,163.74,150.32,0
2400,2024-12-31,Électronique,380.53,3,55,F,Paris,Instagram,5.0,135,Printemps,1242.54,1201.05,1
2401,2024-12-31,Électronique,727.02,2,56,M,Marseille,Instagram,3.8,149,Printemps,1566.12,1351.81,1
2402,2024-12-31,Maison,155.05,4,32,F,Lyon,SEO,4.3,95,Printemps,576.81,549.33,1
2403,2024-12-31,Maison,134.02,4,30,F,Nice,Facebook,4.5,171,Printemps,549.6,517.86,1
2404,2024-12-31,Mode,58.71,3,42,F,Lyon,Instagram,3.4,51,Printemps,193.59,189.34,0
2405,2024-12-31,Mode,129.87,2,41,M,Nice,Facebook,4.0,39,Printemps,249.12,231.13,0
2406,2024-12-31,Électronique,273.4,1,32,F,Lille,Instagram,5.0,113,Printemps,280.77,269.33,1
2407,2024-12-31,Maison,67.84,2,19,M,Lille,Google_Ads,3.8,71,Printemps,146.72,134.34,0
2408,2024-12-31,Livres,14.87,3,38,F,Bordeaux,Direct,4.8,64,Printemps,48.16,48.05,0
2409,2024-12-31,Électronique,880.47,1,41,M,Paris,Instagram,1.6,67,Printemps,849.04,792.93,1
2410,2024-12-31,Maison,236.26,2,43,F,Nantes,Google_Ads,5.0,150,Printemps,434.15,418.1,1
2411,2024-12-31,Mode,96.36,1,39,F,Lille,Email,2.1,21,Printemps,99.17,85.68,0
2412,2024-12-31,Mode,118.31,2,31,M,Nice,Direct,4.9,84,Printemps,257.77,237.0,1
2413,2024-12-31,Mode,53.36,1,46,M,Nice,Instagram,4.2,240,Printemps,53.45,45.95,0
2414,2024-12-31,Sport,166.44,1,35,F,Toulouse,Google_Ads,3.7,43,Printemps,165.03,143.29,0
2415,2024-12-31,Mode,46.42,2,29,M,Bordeaux,Instagram,3.7,67,Printemps,99.6,92.22,0
2416,2024-12-31,Mode,42.36,3,32,M,Paris,Facebook,3.5,184,Printemps,125.16,113.0,0
2417,2024-12-31,Mode,43.44,6,18,F,Nice,Google_Ads,2.9,80,Printemps,270.08,248.19,0
2418,2024-12-31,Électronique,611.86,2,32,M,Paris,Google_Ads,3.6,107,Printemps,1196.47,1106.04,1
2419,2024-12-31,Électronique,752.16,1,43,M,Paris,Instagram,5.0,86,Printemps,733.68,641.2,1
2420,2024-12-31,Maison,126.0,4,39,F,Marseille,Google_Ads,5.0,222,Printemps,472.53,427.58,1
2421,2024-12-31,Électronique,885.08,1,53,F,Paris,Instagram,2.8,59,Printemps,812.23,795.25,1
2422,2024-12-31,Maison,138.2,3,31,M,Nice,Instagram,4.1,103,Printemps,446.52,436.92,1
2423,2024-12-31,Mode,47.17,3,40,F,Nice,Facebook,3.9,153,Printemps,132.48,122.36,1
2424,2024-12-31,Mode,77.93,1,44,F,Bordeaux,Email,3.6,58,Printemps,71.11,68.43,0
2425,2024-12-31,Mode,98.71,2,63,F,Paris,Direct,2.7,37,Printemps,200.66,193.24,0
2426,2024-12-31,Mode,113.64,1,36,M,Nice,Google_Ads,4.3,31,Printemps,114.69,98.24,0
2427,2024-12-31,Électronique,534.67,3,22,F,Nantes,SEO,4.7,146,Printemps,1625.74,1530.85,1
2428,2024-12-31,Mode,90.38,1,45,M,Nantes,SEO,2.9,46,Printemps,89.8,87.17,1
2429,2024-12-31,Maison,108.12,2,57,F,Nice,SEO,5.0,135,Printemps,200.76,188.53,0
2430,2024-12-31,Maison,176.26,2,31,F,Paris,SEO,5.0,131,Printemps,318.75,296.83,0
2431,2024-12-31,Mode,128.63,4,45,M,Bordeaux,Instagram,4.4,51,Printemps,467.85,434.95,1
2432,2024-12-31,Mode,37.28,2,49,M,Lyon,Instagram,2.4,91,Printemps,81.17,75.18,0
2433,2024-12-31,Électronique,823.41,4,47,F,Paris,SEO,4.2,292,Printemps,3314.62,3204.39,1
2434,2024-12-31,Électronique,604.54,4,36,F,Bordeaux,Email,4.1,143,Printemps,2369.66,2242.57,1
2435,2024-12-31,Électronique,395.17,3,26,F,Lille,Facebook,4.4,439,Printemps,1164.36,1027.34,1
2436,2024-12-31,Sport,164.25,3,34,M,Bordeaux,Google_Ads,5.0,78,Printemps,507.74,464.59,1
2437,2024-12-31,Électronique,551.26,1,40,F,Marseille,Instagram,3.6,106,Printemps,537.67,499.65,1
2438,2024-12-31,Électronique,448.89,1,45,M,Lille,Instagram,5.0,64,Printemps,475.51,434.06,0
2439,2024-12-31,Mode,50.2,1,39,M,Nantes,Instagram,4.2,241,Printemps,47.79,42.32,1
2440,2024-12-31,Électronique,390.01,4,30,F,Nantes,Instagram,3.5,78,Printemps,1518.61,1319.23,1
2441,2024-12-31,Maison,209.91,1,41,F,Lyon,Facebook,5.0,53,Printemps,228.18,197.96,0
2442,2024-12-31,Électronique,639.73,2,45,F,Lyon,Facebook,4.7,116,Printemps,1218.11,1089.53,1
2443,2024-12-31,Électronique,841.44,1,39,F,Bordeaux,Google_Ads,3.3,65,Printemps,868.63,790.8,1
2444,2024-12-31,Maison,101.75,5,24,F,Bordeaux,Email,3.9,121,Printemps,494.99,471.44,1
2445,2024-12-31,Mode,44.31,3,32,F,Paris,Facebook,4.5,95,Printemps,132.17,131.87,0
2446,2024-12-31,Maison,61.1,4,46,M,Toulouse,Instagram,3.6,138,Printemps,222.15,218.73,0
2447,2024-12-31,Maison,151.42,6,18,F,Toulouse,Email,3.9,32,Printemps,848.03,824.33,1
2448,2024-12-31,Mode,129.83,1,18,M,Paris,Google_Ads,2.9,88,Printemps,119.5,116.16,0
2449,2024-12-31,Maison,185.09,1,53,F,Nantes,Facebook,1.9,47,Printemps,197.85,185.87,0
2450,2024-12-31,Électronique,433.17,1,41,F,Marseille,Google_Ads,3.9,176,Printemps,473.16,420.13,1
2451,2024-12-31,Mode,117.99,2,42,M,Toulouse,SEO,4.0,223,Printemps,215.6,198.52,1
2452,2024-12-31,Mode,108.72,1,22,M,Paris,SEO,4.4,69,Printemps,99.52,86.72,0
2453,2024-12-31,Mode,34.0,3,43,F,Nantes,SEO,3.2,114,Printemps,103.07,96.37,0
2454,2024-12-31,Maison,207.03,2,38,M,Bordeaux,SEO,2.3,47,Printemps,414.4,353.67,0
2455,2024-12-31,Sport,80.82,2,18,M,Nice,Instagram,2.7,103,Printemps,166.5,146.26,0
2456,2024-12-31,Livres,13.04,5,52,M,Toulouse,SEO,5.0,62,Printemps,68.29,65.35,0
2457,2024-12-31,Maison,100.74,1,36,F,Bordeaux,Email,3.1,110,Printemps,106.73,95.15,0
2458,2024-12-31,Mode,78.19,1,30,M,Paris,Facebook,3.3,123,Printemps,72.7,66.37,0
2459,2024-12-31,Électronique,511.79,1,30,M,Toulouse,Instagram,3.5,238,Printemps,464.48,452.78,1
2460,2024-12-31,Mode,60.67,2,18,M,Marseille,SEO,3.1,39,Printemps,130.78,112.03,0
2461,2024-12-31,Mode,49.29,1,42,M,Nantes,Facebook,3.0,115,Printemps,48.99,41.81,0
2462,2024-12-31,Mode,106.82,1,38,M,Bordeaux,SEO,2.8,31,Printemps,116.88,103.37,0
2463,2024-12-31,Livres,35.73,1,32,F,Nantes,Google_Ads,5.0,100,Printemps,35.97,34.26,0
2464,2024-12-31,Mode,108.33,1,50,F,Marseille,Google_Ads,4.5,93,Printemps,108.55,96.11,0
2465,2024-12-31,Mode,61.35,1,18,F,Bordeaux,Facebook,5.0,96,Printemps,62.86,61.58,0
2466,2024-12-31,Mode,56.37,1,27,F,Nantes,SEO,5.0,44,Printemps,52.65,47.53,0
2467,2024-12-31,Sport,70.25,1,24,F,Nice,Google_Ads,1.2,70,Printemps,66.8,59.62,1
2468,2024-12-31,Maison,84.61,1,31,M,Marseille,Instagram,4.2,94,Printemps,91.47,80.95,0
2469,2024-12-31,Maison,159.24,3,35,F,Marseille,Instagram,3.2,28,Printemps,450.23,421.46,1
2470,2024-12-31,Mode,91.53,1,40,M,Marseille,Facebook,5.0,37,Printemps,86.64,84.77,0
2471,2024-12-31,Sport,132.45,1,30,M,Paris,Email,3.0,97,Printemps,132.72,120.89,0
2472,2024-12-31,Électronique,684.14,2,24,F,Lyon,Instagram,2.6,148,Printemps,1406.92,1249.17,1
2473,2024-12-31,Sport,79.77,1,55,M,Nantes,Email,2.2,86,Printemps,71.81,65.57,0
2474,2024-12-31,Mode,64.71,2,63,F,Marseille,SEO,3.5,106,Printemps,128.29,126.46,0
2475,2024-12-31,Mode,98.95,1,36,M,Nantes,SEO,4.8,67,Printemps,96.95,87.27,0
2476,2024-12-31,Mode,66.57,4,25,M,Marseille,Google_Ads,4.1,89,Printemps,285.76,271.0,1
2477,2024-12-31,Maison,98.27,2,52,F,Nantes,SEO,2.5,36,Printemps,209.9,188.79,0
2478,2024-12-31,Électronique,477.68,2,18,F,Bordeaux,Instagram,5.0,139,Printemps,1032.91,982.52,1
2479,2024-12-31,Sport,77.19,1,30,F,Nantes,SEO,4.5,57,Printemps,82.47,81.0,0
2480,2024-12-31,Mode,41.11,2,26,M,Toulouse,Instagram,4.7,46,Printemps,86.94,81.7,0
2481,2024-12-31,Mode,113.44,2,21,M,Lyon,Instagram,5.0,103,Printemps,243.17,241.25,0
2482,2024-12-31,Électronique,800.85,4,31,F,Bordeaux,Google_Ads,2.0,145,Printemps,2995.06,2816.03,1
2483,2024-12-31,Mode,53.93,1,24,M,Nice,Google_Ads,2.8,92,Printemps,52.21,52.01,0
2484,2024-12-31,Mode,38.82,3,35,F,Bordeaux,Direct,4.7,188,Printemps,120.72,115.72,0
2485,2024-12-31,Mode,104.54,4,35,F,Marseille,Google_Ads,2.9,64,Printemps,453.53,429.91,0
2486,2024-12-31,Maison,98.08,2,27,M,Lille,Google_Ads,3.5,105,Printemps,202.7,197.52,0
2487,2024-12-31,Mode,70.86,1,30,F,Toulouse,Google_Ads,3.7,79,Printemps,66.72,56.82,0
2488,2024-12-31,Livres,10.73,1,32,M,Nice,Email,2.4,117,Printemps,11.69,10.38,0
2489,2024-12-31,Maison,100.73,1,44,M,Lyon,Instagram,3.4,113,Printemps,105.97,93.51,0
2490,2024-12-31,Sport,143.6,1,33,M,Bordeaux,Instagram,4.8,63,Printemps,149.81,129.83,0
2491,2024-12-31,Électronique,767.97,2,44,F,Lille,Google_Ads,4.6,271,Printemps,1616.57,1601.49,1
2492,2024-12-31,Mode,52.69,1,42,F,Lille,Instagram,5.0,49,Printemps,54.37,47.28,0
2493,2024-12-31,Mode,65.25,3,41,F,Bordeaux,Email,4.9,109,Printemps,177.05,157.47,0
2494,2024-12-31,Maison,84.16,2,51,M,Marseille,Facebook,4.2,56,Printemps,160.03,144.07,0
2495,2024-12-31,Sport,51.96,3,21,M,Paris,Instagram,4.2,94,Printemps,170.1,160.53,0
2496,2024-12-31,Électronique,894.72,1,29,F,Bordeaux,Google_Ads,4.1,53,Printemps,856.89,827.0,1
2497,2024-12-31,Électronique,667.53,3,56,M,Marseille,Instagram,3.1,84,Printemps,2111.37,1986.17,1
2498,2024-12-31,Sport,111.62,2,31,F,Lyon,Direct,2.7,94,Printemps,219.86,211.58,1
2499,2024-12-31,Électronique,741.71,1,18,F,Marseille,Direct,3.0,124,Printemps,802.17,730.23,1
2500,2024-12-31,Maison,211.21,2,32,F,Lille,Google_Ads,3.4,33,Printemps,427.3,427.03,1
2501,2024-12-31,Mode,111.15,2,36,F,Toulouse,SEO,3.1,64,Printemps,228.17,199.77,0
2502,2024-12-31,Sport,44.61,1,18,F,Toulouse,Instagram,4.3,152,Printemps,42.29,38.48,0
2503,2024-12-31,Électronique,351.1,1,51,F,Lyon,Facebook,4.0,116,Printemps,320.03,311.97,1
2504,2024-12-31,Électronique,667.06,3,26,M,Nice,Email,4.1,341,Printemps,2103.87,1866.16,1
2505,2024-12-31,Maison,127.64,4,38,M,Toulouse,SEO,4.2,70,Printemps,466.4,448.97,0
2506,2024-12-31,Livres,35.53,2,32,F,Lyon,SEO,5.0,285,Printemps,74.21,67.13,1
2507,2024-12-31,Mode,97.38,1,19,M,Paris,SEO,3.8,142,Printemps,98.46,86.31,0
2508,2024-12-31,Mode,125.76,2,22,M,Nice,Facebook,4.9,210,Printemps,267.63,243.67,1
2509,2024-12-31,Maison,96.26,4,23,F,Paris,Email,4.4,60,Printemps,362.38,350.69,0
2510,2024-12-31,Livres,32.33,5,48,M,Bordeaux,SEO,5.0,127,Printemps,162.98,141.27,0
2511,2024-12-31,Sport,83.47,1,33,M,Toulouse,Instagram,5.0,115,Printemps,85.38,79.18,0
2512,2024-12-31,Livres,35.72,1,28,M,Marseille,Google_Ads,4.4,75,Printemps,32.68,31.41,0
2513,2024-12-31,Électronique,331.44,2,23,M,Bordeaux,Google_Ads,3.9,175,Printemps,694.56,668.68,1
2514,2024-12-31,Électronique,573.53,3,49,M,Paris,Google_Ads,3.9,89,Printemps,1682.4,1528.36,1
2515,2024-12-31,Maison,202.71,3,52,F,Lille,Google_Ads,3.3,133,Printemps,563.0,517.94,1
2516,2024-12-31,Sport,97.66,1,49,M,Paris,SEO,3.2,40,Printemps,95.46,93.41,0
2517,2024-12-31,Mode,78.14,1,40,F,Marseille,Instagram,4.8,115,Printemps,71.86,63.33,1
2518,2024-12-31,Électronique,890.79,1,38,M,Nice,Direct,2.7,135,Printemps,959.91,958.85,1
2519,2024-12-31,Sport,96.73,1,20,F,Nice,Direct,5.0,71,Printemps,95.89,87.54,0
2520,2024-12-31,Électronique,632.75,5,32,F,Lille,Facebook,3.6,84,Printemps,2934.71,2615.76,1
2521,2024-12-31,Mode,37.82,2,26,M,Toulouse,Google_Ads,5.0,100,Printemps,71.89,61.13,0
2522,2024-12-31,Mode,114.62,1,18,F,Bordeaux,Direct,3.0,83,Printemps,119.77,104.05,0
2523,2024-12-31,Maison,176.67,1,47,M,Bordeaux,Instagram,4.1,52,Printemps,186.78,179.96,0
2524,2024-12-31,Maison,132.72,2,26,F,Paris,SEO,3.4,147,Printemps,241.1,228.41,1
2525,2024-12-31,Mode,34.08,1,49,M,Paris,Google_Ads,2.9,69,Printemps,31.08,27.56,0
2526,2024-12-31,Maison,166.5,2,45,F,Nice,Direct,5.0,146,Printemps,360.79,356.83,0
2527,2024-12-31,Maison,62.28,2,41,F,Toulouse,Google_Ads,2.6,88,Printemps,120.35,117.38,0
2528,2024-12-31,Mode,32.62,1,42,F,Nantes,Google_Ads,3.1,51,Printemps,30.62,27.26,0
2529,2024-12-31,Maison,170.9,2,27,M,Nice,Instagram,4.4,118,Printemps,316.03,284.27,1
2530,2024-12-31,Mode,50.93,2,57,M,Bordeaux,SEO,4.6,67,Printemps,101.37,88.97,0
2531,2024-12-31,Électronique,354.52,1,35,M,Toulouse,SEO,2.3,64,Printemps,373.74,353.7,0
2532,2024-12-31,Électronique,665.96,2,38,M,Bordeaux,Direct,4.4,38,Printemps,1337.54,1277.58,1
2533,2024-12-31,Électronique,261.25,5,27,M,Lyon,Facebook,3.9,152,Printemps,1181.01,1073.99,1
2534,2024-12-31,Mode,63.06,1,23,M,Marseille,SEO,2.8,37,Printemps,62.85,60.38,0
2535,2024-12-31,Sport,61.55,2,40,F,Lyon,Direct,2.9,140,Printemps,118.47,118.32,0
2536,2024-12-31,Maison,164.43,2,37,F,Lyon,Facebook,1.6,70,Printemps,340.89,321.05,1
2537,2024-12-31,Sport,126.88,9,25,F,Bordeaux,Google_Ads,5.0,111,Printemps,1147.24,1086.89,1
2538,2024-12-31,Mode,102.81,1,18,F,Nantes,Facebook,4.9,77,Printemps,112.38,101.82,0
2539,2024-12-31,Mode,57.39,1,19,M,Nice,SEO,2.4,37,Printemps,58.51,49.83,0
2540,2024-12-31,Mode,41.2,5,49,F,Nice,Facebook,4.7,197,Printemps,211.47,210.01,1
2541,2024-12-31,Électronique,278.11,1,27,M,Toulouse,Direct,3.2,54,Printemps,279.24,269.7,0
2542,2024-12-31,Électronique,512.65,3,30,M,Toulouse,SEO,4.8,231,Printemps,1479.82,1412.25,1
2543,2024-12-31,Maison,230.25,1,52,M,Marseille,Google_Ads,3.3,235,Printemps,236.27,201.88,0
2544,2024-12-31,Livres,14.88,1,21,M,Bordeaux,Instagram,3.4,123,Printemps,14.38,13.86,0
2545,2024-12-31,Électronique,398.3,2,26,F,Lyon,Instagram,3.5,81,Printemps,831.23,790.09,1
2546,2024-12-31,Électronique,293.1,3,25,F,Lyon,Instagram,3.1,41,Printemps,833.02,779.16,1
2547,2024-12-31,Sport,119.71,2,54,F,Toulouse,Email,5.0,156,Printemps,233.08,219.92,1
2548,2024-12-31,Mode,98.79,3,58,F,Toulouse,Facebook,4.8,200,Printemps,301.32,297.63,1
2549,2024-12-31,Sport,124.47,1,44,M,Bordeaux,Instagram,3.9,95,Printemps,127.67,108.65,0
2550,2024-12-31,Maison,215.0,3,44,M,Paris,Google_Ads,4.9,102,Printemps,666.76,582.45,1
2551,2024-12-31,Livres,22.13,1,28,F,Paris,SEO,2.0,100,Printemps,23.02,22.66,0
2552,2024-12-31,Mode,45.61,2,58,M,Bordeaux,SEO,2.4,53,Printemps,87.9,74.83,0
2553,2024-12-31,Maison,112.09,5,38,M,Lille,SEO,4.3,37,Printemps,604.47,595.73,1
2554,2024-12-31,Mode,97.09,1,45,F,Lille,Google_Ads,4.6,117,Printemps,87.96,75.16,0
2555,2024-12-31,Maison,170.36,3,33,F,Paris,Facebook,4.1,40,Printemps,479.24,463.38,1
2556,2024-12-31,Mode,84.27,3,31,M,Marseille,Email,1.7,69,Printemps,231.08,227.3,0
2557,2024-12-31,Électronique,686.0,1,54,M,Nantes,Facebook,2.6,57,Printemps,709.54,668.3,1
2558,2024-12-31,Mode,94.65,3,41,F,Lyon,Instagram,4.3,77,Printemps,271.08,256.5,0
2559,2024-12-31,Mode,118.43,2,52,F,Toulouse,Google_Ads,5.0,86,Printemps,222.61,190.9,0
2560,2024-12-31,Sport,117.22,2,38,F,Marseille,Instagram,5.0,136,Printemps,233.53,205.89,0
2561,2024-12-31,Maison,200.15,5,24,F,Toulouse,Email,5.0,75,Printemps,1024.57,1009.12,1
2562,2024-12-31,Maison,104.77,1,27,M,Paris,Instagram,4.2,101,Printemps,107.27,104.43,0
2563,2024-12-31,Électronique,682.77,2,36,F,Nice,SEO,4.2,50,Printemps,1381.24,1186.39,1
2564,2024-12-31,Maison,222.39,1,27,F,Bordeaux,Facebook,2.7,50,Printemps,244.28,237.43,0
2565,2024-12-31,Mode,70.11,3,21,F,Lille,SEO,4.8,139,Printemps,225.48,205.98,1
2566,2024-12-31,Sport,141.84,2,49,M,Paris,SEO,3.7,67,Printemps,268.86,251.14,0
2567,2024-12-31,Livres,28.57,3,28,F,Marseille,Facebook,4.6,54,Printemps,90.14,78.09,0
2568,2024-12-31,Électronique,265.18,1,36,F,Marseille,Instagram,3.8,97,Printemps,268.86,244.6,0
2569,2024-12-31,Sport,116.64,1,38,M,Nantes,SEO,4.1,89,Printemps,106.62,97.59,1
2570,2024-12-31,Électronique,312.88,2,27,F,Toulouse,Instagram,3.7,195,Printemps,569.39,541.16,1
2571,2024-12-31,Mode,126.81,2,52,F,Paris,Facebook,4.0,118,Printemps,268.83,255.02,0
2572,2024-12-31,Mode,111.61,1,21,F,Lyon,Instagram,4.9,56,Printemps,112.62,105.0,0
2573,2024-12-31,Électronique,299.06,3,38,M,Marseille,SEO,2.4,32,Printemps,909.99,777.78,1
2574,2024-12-31,Maison,81.92,1,37,M,Lyon,Facebook,2.2,74,Printemps,79.23,69.27,0
2575,2024-12-31,Électronique,626.27,1,34,F,Lyon,Google_Ads,4.3,156,Printemps,680.17,594.5,1
2576,2024-12-31,Électronique,457.8,6,19,F,Toulouse,Google_Ads,5.0,96,Printemps,2864.01,2815.78,1
2577,2024-12-31,Maison,66.28,3,45,F,Bordeaux,Instagram,5.0,99,Printemps,215.86,212.68,0
2578,2024-12-31,Maison,157.5,1,43,M,Paris,SEO,2.5,38,Printemps,144.87,140.67,0
2579,2024-12-31,Livres,19.47,3,26,M,Paris,Facebook,3.4,60,Printemps,59.39,52.04,0
2580,2024-12-31,Maison,78.19,1,43,M,Lyon,Email,2.2,28,Printemps,80.34,78.42,0
2581,2024-12-31,Maison,204.35,3,39,M,Bordeaux,Facebook,3.2,112,Printemps,567.18,498.06,1
2582,2024-12-31,Mode,121.72,1,19,M,Nice,SEO,5.0,117,Printemps,117.98,110.1,0
2583,2024-12-31,Électronique,735.7,2,24,M,Marseille,SEO,3.8,92,Printemps,1387.47,1332.09,1
2584,2024-12-31,Électronique,780.14,2,48,M,Marseille,Email,3.4,53,Printemps,1711.45,1467.97,1
2585,2024-12-31,Mode,53.61,5,38,F,Paris,Google_Ads,4.4,50,Printemps,270.37,254.06,0
2586,2024-12-31,Maison,107.44,2,28,F,Toulouse,Instagram,2.9,96,Printemps,206.95,183.7,0
2587,2024-12-31,Mode,52.83,4,24,F,Toulouse,Instagram,5.0,115,Printemps,218.28,201.84,0
2588,2024-12-31,Maison,197.71,2,28,F,Lyon,Email,3.8,135,Printemps,408.04,370.33,0
2589,2024-12-31,Mode,124.92,2,29,M,Bordeaux,SEO,3.4,99,Printemps,242.22,230.83,0
2590,2024-12-31,Électronique,708.87,3,24,F,Bordeaux,Facebook,4.4,136,Printemps,2336.67,2157.63,1
2591,2024-12-31,Électronique,819.99,5,18,M,Marseille,Google_Ads,4.8,114,Printemps,4353.3,3897.26,1
2592,2024-12-31,Sport,123.93,3,48,F,Marseille,Instagram,5.0,184,Printemps,364.39,359.49,1
2593,2024-12-31,Maison,129.78,1,46,M,Toulouse,SEO,3.6,70,Printemps,133.93,133.11,0
2594,2024-12-31,Sport,96.78,2,19,F,Lille,Instagram,5.0,115,Printemps,201.72,195.73,1
2595,2024-12-31,Électronique,275.84,3,36,F,Lille,Email,3.9,125,Printemps,773.54,724.89,1
2596,2024-12-31,Livres,9.85,1,24,F,Lyon,Facebook,3.1,85,Printemps,10.59,10.41,0
2597,2024-12-31,Électronique,694.45,2,31,M,Lille,Google_Ads,2.9,26,Printemps,1479.46,1391.06,1
2598,2024-12-31,Électronique,520.94,1,30,F,Bordeaux,Facebook,2.6,106,Printemps,547.58,477.67,1
2599,2024-12-31,Livres,23.91,1,29,F,Lille,Email,3.0,57,Printemps,22.58,19.26,0
2600,2024-12-31,Mode,86.87,1,59,F,Nice,Email,5.0,58,Printemps,80.55,77.24,0
2601,2024-12-31,Maison,109.93,3,29,M,Paris,Facebook,4.6,48,Printemps,308.71,297.25,1
2602,2024-12-31,Électronique,546.23,1,25,F,Paris,Instagram,2.4,120,Printemps,501.77,496.18,1
2603,2024-12-31,Maison,144.74,2,25,M,Nantes,Facebook,1.9,77,Printemps,314.96,306.66,0
2604,2024-12-31,Livres,19.49,1,47,M,Marseille,Google_Ads,2.6,41,Printemps,20.86,19.73,1
2605,2024-12-31,Mode,112.52,2,18,F,Marseille,Facebook,2.9,46,Printemps,206.61,181.52,0
2606,2024-12-31,Maison,141.21,1,25,M,Toulouse,Google_Ads,3.5,86,Printemps,146.24,137.33,0
2607,2024-12-31,Électronique,632.46,4,52,F,Lyon,SEO,5.0,52,Printemps,2401.12,2197.51,1
2608,2024-12-31,Maison,221.19,3,37,M,Nice,Instagram,3.2,89,Printemps,599.52,530.46,0
2609,2024-12-31,Mode,116.96,1,37,F,Paris,Google_Ads,5.0,169,Printemps,112.1,108.72,0
2610,2024-12-31,Électronique,826.03,1,60,M,Nantes,Instagram,2.0,141,Printemps,816.13,712.02,1
2611,2024-12-31,Mode,58.83,1,37,M,Nice,Instagram,3.4,133,Printemps,53.18,50.23,0
2612,2024-12-31,Électronique,248.61,1,26,M,Lyon,Direct,4.7,222,Printemps,239.85,225.84,0
2613,2024-12-31,Livres,16.05,1,31,F,Lyon,Facebook,4.7,106,Printemps,16.69,14.95,0
2614,2024-12-31,Mode,59.67,2,21,F,Nice,Email,3.4,257,Printemps,112.87,103.2,1
2615,2024-12-31,Électronique,838.82,1,50,M,Toulouse,Google_Ads,4.9,259,Printemps,836.28,725.46,1
2616,2024-12-31,Mode,95.8,2,41,M,Lille,Google_Ads,4.7,110,Printemps,206.45,176.28,0
2617,2024-12-31,Mode,40.47,1,48,F,Marseille,Facebook,3.0,65,Printemps,36.65,31.22,0
2618,2024-12-31,Maison,84.37,1,49,F,Lyon,SEO,4.1,76,Printemps,89.19,78.14,0
2619,2024-12-31,Livres,13.2,1,30,F,Nice,Facebook,4.6,37,Printemps,12.9,12.64,0
2620,2024-12-31,Mode,93.97,2,23,M,Lyon,Instagram,3.1,66,Printemps,189.48,175.91,0
2621,2024-12-31,Sport,136.27,1,34,F,Marseille,Direct,5.0,44,Printemps,128.93,111.86,0
2622,2024-12-31,Maison,214.74,1,24,F,Toulouse,Instagram,2.9,134,Printemps,218.13,215.03,0
2623,2024-12-31,Électronique,859.93,1,36,F,Marseille,Instagram,4.0,38,Printemps,899.61,841.43,1
2624,2024-12-31,Maison,96.31,2,48,F,Paris,Facebook,2.4,102,Printemps,181.12,154.71,0
2625,2024-12-31,Mode,62.7,2,32,F,Marseille,Facebook,3.9,71,Printemps,121.47,117.15,0
2626,2024-12-31,Maison,103.26,1,36,M,Lille,SEO,2.6,129,Printemps,104.65,96.38,0
2627,2024-12-31,Sport,88.24,1,33,F,Paris,SEO,3.5,73,Printemps,86.77,80.69,0
2628,2024-12-31,Mode,121.68,3,44,M,Toulouse,Google_Ads,2.1,102,Printemps,349.94,329.64,0
2629,2024-12-31,Livres,24.53,2,26,F,Nice,Facebook,4.7,126,Printemps,48.58,41.98,0
2630,2024-12-31,Sport,136.62,3,18,F,Nantes,SEO,4.2,71,Printemps,392.71,389.63,1
2631,2024-12-31,Mode,80.29,2,40,F,Lyon,Facebook,5.0,115,Printemps,154.21,136.99,0
2632,2024-12-31,Maison,65.19,2,46,M,Lille,Instagram,3.4,119,Printemps,133.27,125.71,0
2633,2024-12-31,Mode,38.76,1,40,M,Lille,Instagram,5.0,162,Printemps,38.58,37.75,0
2634,2024-12-31,Livres,23.52,2,27,F,Paris,Direct,3.8,31,Printemps,48.71,43.83,0
2635,2024-12-31,Maison,189.38,2,21,F,Lyon,Instagram,3.9,40,Printemps,404.33,381.74,0
2636,2024-12-31,Électronique,370.35,4,40,M,Paris,SEO,5.0,144,Printemps,1612.63,1609.94,1
2637,2024-12-31,Mode,102.89,3,36,M,Bordeaux,Direct,3.3,65,Printemps,287.14,280.75,0
2638,2024-12-31,Maison,205.92,3,33,F,Bordeaux,Google_Ads,5.0,104,Printemps,633.35,612.38,0
2639,2024-12-31,Électronique,503.03,2,56,M,Paris,Instagram,4.3,34,Printemps,1022.64,936.63,1
2640,2024-12-31,Électronique,728.83,2,23,F,Lyon,Instagram,3.2,253,Printemps,1564.64,1435.86,1
2641,2024-12-31,Mode,71.89,1,56,F,Toulouse,Email,2.4,44,Printemps,77.59,71.6,0
2642,2024-12-31,Mode,98.64,4,35,F,Lyon,Instagram,2.7,95,Printemps,415.11,395.84,1
2643,2024-12-31,Mode,106.99,2,18,F,Marseille,Facebook,5.0,62,Printemps,218.06,190.08,0
2644,2024-12-31,Mode,129.21,1,32,M,Toulouse,Facebook,5.0,191,Printemps,121.44,118.91,1
2645,2024-12-31,Électronique,458.14,2,46,F,Lille,Instagram,3.9,148,Printemps,875.35,746.42,1
2646,2024-12-31,Maison,133.99,3,30,M,Nice,Facebook,4.0,160,Printemps,410.22,359.15,1
2647,2024-12-31,Mode,48.65,1,18,M,Paris,Facebook,4.7,128,Printemps,45.14,41.63,0
2648,2024-12-31,Électronique,362.75,1,33,F,Toulouse,SEO,3.9,138,Printemps,339.82,301.7,0
2649,2024-12-31,Mode,100.11,4,24,F,Lille,Google_Ads,5.0,73,Printemps,433.37,392.13,0
2650,2024-12-31,Maison,225.07,2,40,M,Toulouse,SEO,4.1,187,Printemps,491.22,442.04,1
2651,2024-12-31,Électronique,491.36,1,44,F,Lille,Facebook,3.9,83,Printemps,442.74,394.19,0
2652,2024-12-31,Électronique,346.4,3,22,F,Bordeaux,Facebook,3.0,47,Printemps,1114.52,1010.92,1
2653,2024-12-31,Électronique,417.44,1,26,F,Bordeaux,Google_Ads,2.8,75,Printemps,454.01,420.32,0
2654,2024-12-31,Sport,100.52,2,44,F,Nantes,Instagram,1.0,54,Printemps,202.07,186.2,0
2655,2024-12-31,Sport,79.56,1,24,M,Toulouse,Google_Ads,5.0,96,Printemps,78.74,76.52,0
2656,2024-12-31,Sport,72.28,1,22,M,Toulouse,SEO,3.6,50,Printemps,78.34,70.21,0
2657,2024-12-31,Maison,192.48,2,20,F,Paris,Google_Ads,3.4,136,Printemps,347.04,309.66,1
2658,2024-12-31,Maison,61.41,2,39,M,Nantes,Google_Ads,1.7,46,Printemps,131.19,121.44,0
2659,2024-12-31,Mode,85.07,1,38,M,Nice,Email,3.1,97,Printemps,81.61,69.96,0
2660,2024-12-31,Maison,202.88,1,26,F,Paris,Facebook,3.0,107,Printemps,208.61,180.81,0
2661,2024-12-31,Électronique,404.7,1,35,F,Lyon,Instagram,2.9,104,Printemps,390.39,378.86,0
2662,2024-12-31,Maison,168.59,1,53,M,Nice,SEO,4.2,123,Printemps,169.37,156.5,0
2663,2024-12-31,Sport,127.78,5,23,M,Paris,Instagram,3.9,51,Printemps,678.32,583.34,1
2664,2024-12-31,Mode,96.36,1,18,F,Nice,Facebook,2.3,111,Printemps,90.22,82.65,0
2665,2024-12-31,Mode,75.97,3,40,F,Toulouse,SEO,2.4,39,Printemps,235.38,214.14,0
2666,2024-12-31,Mode,66.29,3,33,F,Lyon,Direct,2.4,33,Printemps,214.72,190.44,0
2667,2024-12-31,Maison,210.47,2,26,F,Nice,Email,5.0,101,Printemps,454.7,411.87,0
2668,2024-12-31,Maison,196.52,1,42,M,Lyon,SEO,5.0,77,Printemps,212.01,186.2,0
2669,2024-12-31,Sport,83.46,2,45,F,Paris,Facebook,2.9,114,Printemps,167.54,153.69,0
2670,2024-12-31,Mode,42.54,1,18,F,Lyon,Google_Ads,1.6,144,Printemps,44.82,40.85,0
2671,2024-12-31,Sport,51.66,2,27,F,Lille,Instagram,3.9,130,Printemps,102.21,96.2,0
2672,2024-12-31,Maison,76.97,4,62,M,Lyon,Facebook,3.9,53,Printemps,305.43,302.77,0
2673,2024-12-31,Sport,116.82,1,42,F,Lille,Instagram,4.1,58,Printemps,111.77,98.11,0
2674,2024-12-31,Mode,37.54,1,43,F,Lille,SEO,4.6,58,Printemps,35.92,32.79,0
2675,2024-12-31,Mode,65.35,2,49,M,Lille,Facebook,4.3,138,Printemps,118.62,110.83,0
2676,2024-12-31,Maison,195.58,1,35,M,Nice,Direct,2.6,76,Printemps,196.81,183.43,0
2677,2024-12-31,Maison,112.98,2,44,F,Marseille,Instagram,4.1,111,Printemps,217.32,206.28,1
2678,2024-12-31,Livres,29.61,1,43,F,Nantes,Facebook,4.7,50,Printemps,27.76,24.71,0
2679,2024-12-31,Électronique,728.19,1,41,F,Toulouse,Instagram,3.0,100,Printemps,673.1,636.2,1
2680,2024-12-31,Électronique,390.93,1,31,F,Marseille,Email,4.1,72,Printemps,378.97,333.56,1
2681,2024-12-31,Livres,28.68,2,37,F,Toulouse,Email,3.2,203,Printemps,61.93,53.81,0
2682,2024-12-31,Mode,105.41,1,27,F,Toulouse,SEO,5.0,51,Printemps,105.75,103.08,0
2683,2024-12-31,Maison,131.54,1,35,F,Lyon,Email,2.3,36,Printemps,133.04,122.54,0
2684,2024-12-31,Mode,53.02,4,20,F,Nantes,SEO,5.0,87,Printemps,193.16,175.7,0
2685,2024-12-31,Électronique,576.86,1,25,F,Toulouse,SEO,2.0,62,Printemps,579.15,572.94,1
2686,2024-12-31,Sport,159.98,1,31,F,Nantes,Google_Ads,5.0,195,Printemps,165.34,158.14,1
2687,2024-12-31,Maison,175.13,1,23,F,Nantes,Instagram,2.5,58,Printemps,162.9,155.01,0
2688,2024-12-31,Mode,49.36,3,28,M,Paris,Facebook,4.0,265,Printemps,162.4,142.77,1
2689,2024-12-31,Mode,99.07,1,33,M,Lyon,Google_Ads,2.0,70,Printemps,107.29,94.57,0
2690,2024-12-31,Sport,96.97,1,39,F,Nice,SEO,2.3,47,Printemps,106.53,98.27,0
2691,2024-12-31,Électronique,624.28,6,46,M,Marseille,Instagram,4.8,76,Printemps,3641.05,3451.15,1
2692,2024-12-31,Sport,136.09,4,29,F,Nantes,Facebook,4.9,138,Printemps,579.46,526.9,1
2693,2024-12-31,Mode,82.71,5,51,M,Toulouse,Instagram,4.1,118,Printemps,399.37,343.31,1
2694,2024-12-31,Maison,206.52,4,46,M,Nantes,SEO,4.6,217,Printemps,867.23,826.0,1
2695,2024-12-31,Livres,28.5,1,41,M,Toulouse,SEO,4.9,44,Printemps,31.05,30.0,0
2696,2024-12-31,Maison,170.71,1,36,M,Bordeaux,Google_Ads,3.0,65,Printemps,158.93,157.61,1
2697,2024-12-31,Mode,47.2,1,38,F,Nantes,Email,2.3,291,Printemps,43.81,39.92,1
2698,2024-12-31,Maison,210.47,3,49,M,Nantes,SEO,3.8,59,Printemps,581.46,516.74,1
2699,2024-12-31,Mode,123.75,2,49,F,Bordeaux,Instagram,3.2,153,Printemps,262.27,259.35,1
2700,2024-12-31,Mode,45.85,1,51,F,Lyon,Google_Ads,4.2,29,Printemps,47.38,45.36,0
2701,2024-12-31,Livres,22.18,2,35,M,Marseille,Direct,4.4,61,Printemps,44.56,38.31,0
2702,2024-12-31,Sport,75.51,3,41,F,Nice,Instagram,3.1,107,Printemps,238.93,223.88,0
2703,2024-12-31,Maison,195.81,1,51,M,Lille,Email,4.6,125,Printemps,209.52,178.99,0
2704,2024-12-31,Mode,102.86,2,27,F,Marseille,Facebook,4.5,112,Printemps,224.21,198.2,0
2705,2024-12-31,Électronique,320.1,1,31,F,Lyon,Direct,4.6,121,Printemps,300.97,259.03,0
2706,2024-12-31,Électronique,816.99,1,35,F,Marseille,SEO,3.4,154,Printemps,807.46,711.16,1
2707,2024-12-31,Maison,92.58,4,45,M,Bordeaux,Direct,4.7,92,Printemps,401.63,370.9,1
2708,2024-12-31,Sport,144.15,1,45,F,Nantes,Instagram,4.4,209,Printemps,143.04,127.99,1
2709,2024-12-31,Mode,77.06,2,32,F,Nantes,Direct,4.5,97,Printemps,153.73,132.7,0
2710,2024-12-31,Sport,84.35,4,18,F,Nice,Facebook,5.0,95,Printemps,367.28,338.74,0
2711,2024-12-31,Électronique,331.81,2,37,M,Lille,Facebook,4.2,35,Printemps,694.77,664.39,0
2712,2024-12-31,Mode,48.84,2,23,F,Lyon,Google_Ads,3.1,165,Printemps,98.7,84.68,1
2713,2024-12-31,Électronique,671.78,1,18,M,Nantes,Google_Ads,2.6,34,Printemps,652.6,641.09,1
2714,2024-12-31,Mode,86.17,2,19,F,Lyon,Facebook,5.0,167,Printemps,186.65,176.94,1
2715,2024-12-31,Électronique,307.41,5,38,F,Paris,Instagram,4.2,132,Printemps,1386.08,1286.17,1
2716,2024-12-31,Livres,12.04,1,51,F,Toulouse,Google_Ads,5.0,216,Printemps,11.61,10.56,0
2717,2024-12-31,Électronique,273.81,2,35,M,Lille,Email,1.6,27,Printemps,596.47,542.19,1
2718,2024-12-31,Livres,29.08,3,37,F,Toulouse,SEO,4.8,242,Printemps,87.21,78.52,1
2719,2024-12-31,Mode,101.91,3,49,F,Lyon,Facebook,3.5,67,Printemps,313.3,271.74,0
2720,2024-12-31,Livres,10.58,1,18,M,Marseille,Email,3.4,59,Printemps,10.65,9.18,0
2721,2024-12-31,Maison,160.85,2,41,F,Marseille,Google_Ads,3.0,43,Printemps,315.09,282.43,1
2722,2024-12-31,Livres,11.29,2,34,M,Marseille,Google_Ads,4.8,87,Printemps,23.32,22.15,0
2723,2024-12-31,Électronique,835.03,1,41,F,Marseille,Email,4.5,110,Printemps,879.53,785.65,1
2724,2024-12-31,Maison,223.28,1,29,F,Lyon,Google_Ads,2.5,104,Printemps,217.23,211.11,0
2725,2024-12-31,Livres,27.85,4,25,F,Bordeaux,Google_Ads,4.0,66,Printemps,113.43,102.88,0
2726,2024-12-31,Électronique,850.18,1,36,F,Lille,Direct,4.6,64,Printemps,779.23,736.12,1
2727,2024-12-31,Électronique,772.73,3,54,M,Marseille,Email,4.0,237,Printemps,2340.26,2140.84,1
2728,2024-12-31,Mode,113.28,2,45,M,Lyon,Google_Ads,5.0,117,Printemps,237.79,219.88,1
2729,2024-12-31,Livres,24.38,2,28,F,Nantes,SEO,3.5,116,Printemps,49.6,44.02,0
2730,2024-12-31,Mode,62.34,1,18,M,Nantes,Instagram,1.3,115,Printemps,67.06,62.17,0
2731,2024-12-31,Mode,53.74,1,18,F,Lyon,Facebook,4.0,114,Printemps,51.44,44.58,0
2732,2024-12-31,Électronique,445.86,2,50,F,Marseille,Google_Ads,4.0,64,Printemps,890.25,808.36,1
2733,2024-12-31,Électronique,649.23,5,23,M,Paris,Instagram,4.1,48,Printemps,2978.35,2731.88,1
2734,2024-12-31,Sport,64.51,4,31,M,Lyon,SEO,5.0,146,Printemps,268.38,256.46,1
2735,2024-12-31,Électronique,399.58,1,50,F,Lille,Instagram,1.7,99,Printemps,395.02,359.48,1
2736,2024-12-31,Maison,144.25,2,18,M,Lille,Google_Ads,3.5,112,Printemps,290.25,275.69,0
2737,2024-12-31,Livres,15.29,2,52,F,Paris,Email,2.8,84,Printemps,28.31,24.81,0
2738,2024-12-31,Électronique,622.33,1,31,M,Nice,Email,2.5,79,Printemps,684.24,584.19,1
2739,2024-12-31,Maison,226.17,2,21,M,Nantes,Instagram,3.7,48,Printemps,476.94,441.6,1
2740,2024-12-31,Électronique,729.96,3,32,M,Nantes,Instagram,4.6,34,Printemps,2146.36,1976.97,1
2741,2024-12-31,Maison,179.96,1,26,F,Lyon,Instagram,4.1,160,Printemps,182.47,173.44,0
2742,2024-12-31,Électronique,618.34,1,40,M,Paris,Instagram,3.0,195,Printemps,633.02,567.84,1
2743,2024-12-31,Maison,147.83,1,27,M,Lyon,Google_Ads,3.6,123,Printemps,161.45,137.96,0
2744,2024-12-31,Mode,50.69,1,18,F,Lyon,Instagram,4.8,48,Printemps,53.41,51.2,0
2745,2024-12-31,Mode,119.73,2,32,F,Paris,SEO,4.6,98,Printemps,232.27,230.26,0
2746,2024-12-31,Maison,104.74,2,18,M,Nantes,Instagram,3.2,53,Printemps,229.49,208.64,1
2747,2024-12-31,Électronique,286.63,1,37,F,Toulouse,Instagram,3.1,70,Printemps,275.27,259.21,1
2748,2024-12-31,Maison,195.0,1,20,F,Bordeaux,SEO,1.9,40,Printemps,198.0,184.48,0
2749,2024-12-31,Mode,49.62,3,29,F,Marseille,Facebook,3.3,93,Printemps,154.84,144.76,0
2750,2024-12-31,Maison,126.94,1,37,M,Marseille,Instagram,1.9,120,Printemps,121.13,118.72,0
2751,2024-12-31,Électronique,244.09,2,32,M,Marseille,Facebook,5.0,127,Printemps,532.74,511.67,0
2752,2024-12-31,Maison,84.67,4,38,M,Paris,Instagram,2.9,64,Printemps,319.46,308.43,0
2753,2024-12-31,Électronique,341.91,1,43,F,Lyon,Facebook,5.0,114,Printemps,337.93,291.81,0
2754,2024-12-31,Mode,37.8,4,21,M,Toulouse,Direct,5.0,40,Printemps,141.54,123.42,0
2755,2024-12-31,Électronique,668.24,1,34,M,Toulouse,Facebook,4.0,144,Printemps,718.36,682.08,1
2756,2024-12-31,Maison,210.66,1,18,M,Lyon,Facebook,3.7,126,Printemps,198.93,185.22,0
2757,2024-12-31,Mode,68.9,1,37,F,Lille,Email,2.3,97,Printemps,62.49,60.37,0
2758,2024-12-31,Sport,154.01,1,31,M,Toulouse,Instagram,3.2,169,Printemps,139.81,120.79,1
2759,2024-12-31,Sport,69.7,1,23,F,Lyon,SEO,5.0,123,Printemps,68.5,64.05,0
2760,2024-12-31,Électronique,444.64,4,38,F,Nantes,Instagram,4.2,76,Printemps,1786.66,1648.92,1
2761,2024-12-31,Maison,87.13,1,49,M,Bordeaux,Instagram,3.8,72,Printemps,79.15,77.42,0
2762,2024-12-31,Électronique,643.88,1,29,M,Marseille,Facebook,5.0,84,Printemps,591.45,519.33,1
2763,2024-12-31,Mode,73.44,3,23,F,Toulouse,SEO,4.6,122,Printemps,202.58,182.78,0
2764,2024-12-31,Maison,170.39,4,36,M,Nice,Email,3.6,53,Printemps,704.53,614.75,0
2765,2024-12-31,Maison,197.1,1,18,F,Nantes,SEO,4.0,60,Printemps,189.21,173.65,0
2766,2024-12-31,Maison,158.23,1,27,M,Nantes,Email,3.0,43,Printemps,160.21,157.36,0
2767,2024-12-31,Mode,93.69,2,49,F,Toulouse,Email,3.2,50,Printemps,171.41,162.93,0
2768,2024-12-31,Mode,123.69,2,35,F,Toulouse,Direct,3.6,83,Printemps,266.77,256.54,1
2769,2024-12-31,Électronique,426.87,2,18,M,Bordeaux,Google_Ads,4.4,241,Printemps,820.34,708.78,1
2770,2024-12-31,Maison,124.65,3,18,M,Marseille,SEO,2.4,39,Printemps,394.76,362.31,1
2771,2024-12-31,Mode,102.48,1,36,M,Toulouse,Google_Ads,3.9,173,Printemps,109.17,106.53,0
2772,2024-12-31,Maison,170.03,2,45,M,Paris,Instagram,3.4,59,Printemps,373.25,364.16,0
2773,2024-12-31,Électronique,345.51,2,18,M,Bordeaux,Email,2.8,146,Printemps,724.33,723.03,1
2774,2024-12-31,Mode,69.17,1,40,M,Nantes,Instagram,3.4,72,Printemps,68.38,63.52,0
2775,2024-12-31,Mode,78.11,1,50,F,Toulouse,Instagram,1.2,82,Printemps,72.69,61.81,0
2776,2024-12-31,Électronique,508.09,1,57,F,Lyon,Email,3.0,102,Printemps,462.14,455.15,0
2777,2024-12-31,Mode,49.88,4,38,F,Marseille,SEO,2.6,72,Printemps,214.94,213.53,1
2778,2024-12-31,Sport,160.36,4,41,F,Lille,SEO,3.5,77,Printemps,634.62,627.74,1
2779,2024-12-31,Sport,139.7,1,18,M,Nice,Instagram,1.3,158,Printemps,146.68,141.66,0
2780,2024-12-31,Mode,79.43,2,60,F,Bordeaux,Google_Ads,4.0,98,Printemps,158.75,139.98,0
2781,2024-12-31,Mode,98.81,2,28,F,Nantes,Facebook,4.8,82,Printemps,212.62,185.16,0
2782,2024-12-31,Électronique,830.67,5,23,F,Paris,Google_Ads,3.7,281,Printemps,4360.72,4165.06,1
2783,2024-12-31,Sport,59.86,3,31,M,Nantes,Email,4.3,312,Printemps,164.7,143.46,1
2784,2024-12-31,Électronique,394.0,1,53,F,Lille,SEO,3.2,358,Printemps,413.87,410.97,1
2785,2024-12-31,Livres,23.65,1,61,F,Toulouse,Facebook,2.1,34,Printemps,22.55,20.68,0
2786,2024-12-31,Mode,110.4,2,36,M,Toulouse,Google_Ads,3.8,28,Printemps,232.87,199.01,0
2787,2024-12-31,Mode,36.03,1,46,M,Paris,Facebook,4.5,114,Printemps,39.27,34.26,0
2788,2024-12-31,Livres,35.57,1,35,F,Marseille,Instagram,2.3,184,Printemps,38.63,34.52,0
2789,2024-12-31,Électronique,532.06,1,22,M,Bordeaux,SEO,3.3,87,Printemps,492.16,470.29,0
2790,2024-12-31,Maison,124.66,2,52,F,Paris,SEO,3.5,187,Printemps,227.12,218.17,0
2791,2024-12-31,Mode,61.04,1,27,M,Lille,SEO,5.0,224,Printemps,64.42,56.82,0
2792,2024-12-31,Électronique,342.69,1,53,F,Nantes,Instagram,4.0,62,Printemps,357.08,338.26,0
2793,2024-12-31,Mode,109.68,2,50,M,Lille,SEO,1.7,66,Printemps,205.15,175.36,0
2794,2024-12-31,Maison,231.97,1,42,M,Lyon,Instagram,1.4,26,Printemps,240.54,208.17,0
2795,2024-12-31,Maison,134.46,1,56,M,Paris,SEO,4.6,50,Printemps,121.43,112.96,0
2796,2024-12-31,Électronique,867.88,3,61,F,Nice,Google_Ads,5.0,60,Printemps,2671.95,2553.25,1
2797,2024-12-31,Livres,31.24,1,32,M,Bordeaux,Email,3.5,39,Printemps,33.32,32.89,0
2798,2024-12-31,Électronique,549.71,2,25,F,Bordeaux,Instagram,3.4,102,Printemps,1130.61,1035.25,1
2799,2024-12-31,Électronique,679.97,1,18,M,Nantes,Facebook,4.3,41,Printemps,620.86,538.91,1
2800,2024-12-31,Mode,74.91,1,61,M,Nantes,Direct,2.9,154,Printemps,82.27,81.39,0
2801,2024-12-31,Électronique,602.14,2,29,M,Toulouse,Facebook,1.0,158,Printemps,1169.62,1070.92,1
2802,2024-12-31,Électronique,264.18,1,48,M,Nantes,Direct,4.9,214,Printemps,257.87,238.43,0
2803,2024-12-31,Livres,27.8,1,26,M,Lyon,SEO,3.1,124,Printemps,25.49,24.93,0
2804,2024-12-31,Mode,37.65,1,53,F,Nice,Email,5.0,26,Printemps,35.14,32.96,0
2805,2024-12-31,Électronique,776.53,3,26,F,Lille,Facebook,3.0,142,Printemps,2222.98,1990.05,1
2806,2024-12-31,Électronique,781.84,2,20,F,Nantes,SEO,3.9,164,Printemps,1657.25,1543.09,1
2807,2024-12-31,Maison,102.67,1,32,M,Toulouse,Direct,4.7,57,Printemps,106.61,100.61,0
2808,2024-12-31,Sport,83.77,3,28,M,Paris,Direct,5.0,155,Printemps,255.51,251.28,1
2809,2024-12-31,Mode,79.43,1,42,M,Nantes,Instagram,4.1,118,Printemps,85.21,75.43,0
2810,2024-12-31,Électronique,627.75,1,34,M,Lille,Direct,4.0,76,Printemps,690.25,644.63,1
2811,2024-12-31,Électronique,418.96,1,42,M,Paris,SEO,4.5,122,Printemps,409.31,404.43,1
2812,2024-12-31,Électronique,624.93,3,31,F,Paris,Google_Ads,4.3,201,Printemps,1834.0,1571.41,1
2813,2024-12-31,Électronique,426.01,1,27,F,Paris,SEO,2.4,54,Printemps,446.12,392.22,0
2814,2024-12-31,Mode,37.91,1,27,M,Lille,Instagram,2.4,54,Printemps,39.0,35.18,0
2815,2024-12-31,Électronique,226.71,2,59,F,Nantes,Google_Ads,1.5,89,Printemps,409.29,389.55,0
2816,2024-12-31,Mode,42.36,1,37,F,Lille,Instagram,4.6,80,Printemps,43.68,42.64,0
2817,2024-12-31,Mode,109.74,3,18,F,Lille,SEO,3.4,46,Printemps,343.69,302.41,0
2818,2024-12-31,Livres,34.96,1,28,M,Marseille,Instagram,4.7,178,Printemps,38.36,34.02,0
2819,2024-12-31,Livres,20.53,2,36,F,Toulouse,Instagram,4.2,121,Printemps,41.77,40.66,1
2820,2024-12-31,Maison,152.28,3,57,M,Lille,Google_Ads,2.7,27,Printemps,473.7,413.19,0
2821,2024-12-31,Mode,46.82,1,47,M,Lyon,SEO,3.7,144,Printemps,49.52,44.03,0
2822,2024-12-31,Mode,86.23,2,23,M,Toulouse,Google_Ads,3.3,131,Printemps,158.52,152.16,1
2823,2024-12-31,Mode,46.6,1,64,M,Marseille,Instagram,3.1,100,Printemps,48.79,42.69,0
2824,2024-12-31,Maison,170.02,5,34,M,Paris,Instagram,4.8,87,Printemps,858.06,835.93,1
2825,2024-12-31,Mode,123.49,3,49,F,Nantes,Instagram,5.0,84,Printemps,340.85,314.8,1
2826,2024-12-31,Sport,67.45,1,21,F,Bordeaux,Facebook,5.0,148,Printemps,69.74,63.96,0
2827,2024-12-31,Livres,29.64,3,18,M,Nantes,SEO,3.8,42,Printemps,84.21,73.28,0
2828,2024-12-31,Mode,34.79,2,18,F,Marseille,Facebook,5.0,133,Printemps,70.11,66.74,0
2829,2024-12-31,Maison,127.59,2,18,M,Toulouse,Instagram,5.0,151,Printemps,244.0,239.75,1
2830,2024-12-31,Électronique,299.76,2,60,M,Marseille,Email,2.3,139,Printemps,552.09,526.6,1
2831,2024-12-31,Électronique,462.92,2,37,F,Toulouse,SEO,5.0,67,Printemps,879.71,789.57,1
2832,2024-12-31,Mode,49.42,3,23,M,Toulouse,Google_Ads,4.6,73,Printemps,146.45,139.83,0
2833,2024-12-31,Électronique,476.98,4,40,M,Paris,SEO,5.0,146,Printemps,1905.68,1765.6,1
2834,2024-12-31,Sport,95.73,2,37,F,Lille,SEO,4.7,65,Printemps,178.01,174.1,0
2835,2024-12-31,Électronique,427.9,1,42,M,Lille,Instagram,3.5,41,Printemps,412.58,379.14,1
2836,2024-12-31,Mode,96.52,2,49,M,Marseille,SEO,5.0,93,Printemps,206.92,183.24,1
2837,2024-12-31,Maison,225.39,2,31,F,Lille,Facebook,4.2,257,Printemps,487.79,422.03,1
2838,2024-12-31,Maison,132.11,1,24,M,Marseille,Direct,3.3,93,Printemps,133.04,118.69,0
2839,2024-12-31,Mode,51.25,2,44,F,Nantes,SEO,4.4,34,Printemps,102.31,95.61,0
2840,2024-12-31,Sport,77.02,1,44,M,Bordeaux,Facebook,4.9,116,Printemps,78.27,68.53,0
2841,2024-12-31,Maison,213.72,3,36,F,Nantes,Instagram,3.9,81,Printemps,604.56,517.48,1
2842,2024-12-31,Mode,88.23,3,61,M,Bordeaux,Instagram,4.2,51,Printemps,290.83,266.79,0
2843,2024-12-31,Électronique,532.13,1,29,M,Paris,Instagram,3.9,69,Printemps,558.24,503.59,1
2844,2024-12-31,Mode,47.09,2,24,M,Nice,Email,3.1,199,Printemps,89.26,81.5,0
2845,2024-12-31,Sport,99.84,1,40,M,Lyon,SEO,2.9,47,Printemps,95.29,87.49,0
2846,2024-12-31,Maison,110.13,3,26,F,Lyon,Google_Ads,2.3,197,Printemps,340.19,328.26,0
2847,2024-12-31,Sport,162.75,1,40,M,Nice,Instagram,5.0,104,Printemps,156.99,156.07,0
2848,2024-12-31,Mode,118.7,1,25,M,Nantes,Instagram,3.6,74,Printemps,115.26,102.51,0
2849,2024-12-31,Électronique,281.63,1,30,M,Lille,Instagram,1.0,58,Printemps,297.46,294.89,0
2850,2024-12-31,Électronique,573.74,2,57,F,Lyon,Instagram,4.2,84,Printemps,1093.99,967.37,1
2851,2024-12-31,Mode,54.44,2,30,M,Bordeaux,SEO,4.2,231,Printemps,113.36,109.19,0
2852,2024-12-31,Maison,133.94,1,25,M,Paris,SEO,1.7,24,Printemps,145.59,138.63,0
2853,2024-12-31,Sport,154.3,1,49,M,Bordeaux,Instagram,2.9,69,Printemps,142.7,122.41,0
2854,2024-12-31,Mode,83.93,2,22,M,Toulouse,Google_Ads,2.8,73,Printemps,155.92,149.49,0
2855,2024-12-31,Mode,65.09,1,26,F,Marseille,SEO,3.0,125,Printemps,70.85,69.8,0
2856,2024-12-31,Mode,52.77,2,41,M,Lille,Google_Ads,5.0,101,Printemps,99.28,98.24,0
2857,2024-12-31,Mode,110.53,4,46,F,Lille,Instagram,3.6,94,Printemps,399.76,380.89,0
2858,2024-12-31,Électronique,646.55,2,49,F,Lyon,Email,3.3,225,Printemps,1388.4,1343.96,1
2859,2024-12-31,Électronique,540.94,3,26,M,Nice,Instagram,5.0,108,Printemps,1552.18,1336.01,1
2860,2024-12-31,Électronique,371.8,3,42,M,Marseille,SEO,4.3,75,Printemps,1070.42,935.75,1
2861,2024-12-31,Électronique,450.62,2,29,F,Lyon,Direct,1.9,78,Printemps,852.01,757.75,1
2862,2024-12-31,Électronique,872.89,2,27,F,Toulouse,SEO,3.1,93,Printemps,1891.62,1758.64,1
2863,2024-12-31,Électronique,576.06,2,49,F,Lyon,Facebook,4.2,43,Printemps,1215.35,1103.46,1
2864,2024-12-31,Maison,132.13,1,28,F,Lyon,Facebook,2.8,158,Printemps,134.68,127.76,1
2865,2024-12-31,Mode,83.34,1,38,F,Marseille,Instagram,5.0,131,Printemps,82.56,75.7,0
2866,2024-12-31,Livres,30.03,1,36,F,Lyon,Direct,3.9,54,Printemps,27.89,26.95,0
2867,2024-12-31,Électronique,454.57,1,22,F,Toulouse,Google_Ads,3.0,107,Printemps,493.3,472.11,0
2868,2024-12-31,Mode,49.92,2,46,M,Lille,Google_Ads,2.6,34,Printemps,104.83,100.86,0
2869,2024-12-31,Mode,89.53,2,41,M,Nice,Direct,4.8,136,Printemps,171.14,166.75,0
2870,2024-12-31,Électronique,674.01,1,18,F,Lyon,Facebook,3.1,131,Printemps,734.34,716.08,1
2871,2024-12-31,Sport,133.37,1,38,M,Marseille,SEO,4.2,284,Printemps,144.98,140.19,0
2872,2024-12-31,Électronique,820.34,3,25,M,Marseille,Google_Ads,2.5,47,Printemps,2539.54,2183.72,1
2873,2024-12-31,Livres,19.02,2,48,F,Nice,Instagram,3.9,97,Printemps,41.73,39.37,0
2874,2024-12-31,Sport,52.11,2,18,F,Nice,SEO,3.1,81,Printemps,97.7,83.33,1
2875,2024-12-31,Mode,125.94,1,30,F,Bordeaux,Facebook,3.5,63,Printemps,131.77,126.7,0
2876,2024-12-31,Mode,74.91,3,39,F,Lyon,Email,2.9,50,Printemps,209.11,179.66,0
2877,2024-12-31,Maison,172.19,1,35,F,Marseille,SEO,4.9,93,Printemps,178.79,178.34,0
2878,2024-12-31,Mode,97.46,1,44,M,Nantes,Google_Ads,3.3,95,Printemps,105.65,99.53,0
2879,2024-12-31,Maison,158.37,1,18,M,Lyon,Instagram,3.6,68,Printemps,159.52,139.94,0
2880,2024-12-31,Électronique,363.55,3,54,M,Paris,SEO,3.7,114,Printemps,1148.03,1056.46,1
2881,2024-12-31,Électronique,734.72,3,41,F,Nice,Google_Ads,5.0,102,Printemps,2046.84,1993.63,1
2882,2024-12-31,Mode,110.87,2,51,M,Lille,Direct,4.8,57,Printemps,227.64,199.64,0
2883,2024-12-31,Mode,86.42,1,45,M,Lille,Instagram,4.7,163,Printemps,78.87,73.39,0
2884,2024-12-31,Sport,104.79,1,34,M,Nantes,Instagram,2.1,121,Printemps,95.09,80.87,0
2885,2024-12-31,Électronique,301.91,1,19,F,Lyon,Instagram,3.1,79,Printemps,310.0,300.16,1
2886,2024-12-31,Sport,53.2,1,28,M,Toulouse,Google_Ads,5.0,30,Printemps,53.98,47.46,0
2887,2024-12-31,Électronique,454.21,2,54,M,Lille,SEO,2.5,33,Printemps,877.39,796.74,1
2888,2024-12-31,Mode,62.81,1,51,M,Nice,Instagram,3.9,180,Printemps,62.97,58.53,0
2889,2024-12-31,Mode,125.48,2,27,M,Lille,Google_Ads,2.6,214,Printemps,260.22,226.84,1
2890,2024-12-31,Mode,108.9,1,18,F,Toulouse,Instagram,2.7,151,Printemps,112.06,110.82,0
2891,2024-12-31,Électronique,670.45,1,32,M,Paris,Instagram,5.0,66,Printemps,613.28,564.41,1
2892,2024-12-31,Mode,82.97,1,31,F,Lille,Email,4.6,156,Printemps,85.93,76.02,1
2893,2024-12-31,Sport,63.84,3,32,M,Lille,Email,4.9,149,Printemps,197.63,189.78,0
2894,2024-12-31,Mode,127.9,2,41,F,Marseille,Email,4.7,148,Printemps,264.48,260.28,1
2895,2024-12-31,Mode,69.07,1,45,F,Lille,Instagram,3.6,87,Printemps,73.86,72.9,0
2896,2024-12-31,Sport,56.13,3,46,M,Lyon,Email,3.0,91,Printemps,170.98,156.39,0
2897,2024-12-31,Maison,148.88,1,40,M,Lille,Google_Ads,3.4,38,Printemps,161.92,146.37,0
2898,2024-12-31,Mode,117.71,3,18,F,Lyon,SEO,3.6,320,Printemps,387.05,382.94,1
2899,2024-12-31,Mode,119.01,1,30,M,Lille,Facebook,5.0,42,Printemps,125.01,107.25,0
2900,2024-12-31,Sport,43.9,1,62,M,Lyon,SEO,2.3,59,Printemps,42.66,41.06,0
2901,2024-12-31,Maison,219.53,6,39,F,Lille,Google_Ads,3.2,278,Printemps,1223.18,1072.27,1
2902,2024-12-31,Électronique,408.25,1,39,F,Nice,Google_Ads,2.8,71,Printemps,434.39,399.56,1
2903,2024-12-31,Mode,36.3,2,39,M,Nantes,Google_Ads,5.0,94,Printemps,67.47,67.0,0
2904,2024-12-31,Sport,150.59,2,39,F,Nice,SEO,5.0,102,Printemps,279.87,262.29,0
2905,2024-12-31,Électronique,808.11,1,18,F,Lyon,Facebook,4.1,103,Printemps,875.84,813.23,1
2906,2024-12-31,Livres,25.1,1,32,F,Lille,SEO,4.2,51,Printemps,25.4,21.82,0
2907,2024-12-31,Électronique,612.74,1,34,F,Toulouse,Email,3.9,134,Printemps,587.42,523.74,1
2908,2024-12-31,Sport,146.17,3,50,M,Paris,Google_Ads,4.3,134,Printemps,479.12,407.47,1
2909,2024-12-31,Mode,109.17,1,35,F,Marseille,SEO,4.7,94,Printemps,113.69,111.56,0
2910,2024-12-31,Mode,119.29,2,18,F,Nice,SEO,4.3,127,Printemps,240.23,227.44,1
2911,2024-12-31,Sport,112.98,2,40,F,Marseille,Google_Ads,4.3,59,Printemps,218.24,189.37,1
2912,2024-12-31,Mode,126.85,2,25,F,Marseille,Facebook,4.7,231,Printemps,262.65,237.57,1
2913,2024-12-31,Mode,129.62,1,20,F,Toulouse,Google_Ads,1.8,315,Printemps,135.61,131.77,1
2914,2024-12-31,Électronique,303.67,1,24,M,Marseille,Instagram,3.8,71,Printemps,316.55,275.73,0
2915,2024-12-31,Électronique,798.44,4,41,M,Nice,Google_Ads,4.1,99,Printemps,2999.16,2652.88,1
2916,2024-12-31,Électronique,562.38,2,50,F,Toulouse,SEO,4.3,51,Printemps,1169.13,1088.71,1
2917,2024-12-31,Maison,129.76,1,40,F,Paris,Facebook,3.6,135,Printemps,131.88,114.96,0
2918,2024-12-31,Électronique,638.82,4,42,F,Nantes,Direct,4.0,72,Printemps,2734.2,2481.03,1
2919,2024-12-31,Électronique,262.78,1,40,F,Nantes,Facebook,3.0,66,Printemps,269.33,268.61,0
2920,2024-12-31,Mode,81.88,3,36,M,Paris,SEO,1.8,109,Printemps,228.26,212.64,0
2921,2024-12-31,Maison,216.76,1,43,F,Nice,Direct,4.9,117,Printemps,208.89,199.54,0
2922,2024-12-31,Maison,98.42,2,18,F,Lille,SEO,2.6,51,Printemps,206.45,196.02,0
2923,2024-12-31,Électronique,512.81,4,36,M,Paris,Google_Ads,3.6,29,Printemps,2149.7,1895.51,1
2924,2024-12-31,Électronique,859.15,2,22,F,Marseille,Facebook,3.0,68,Printemps,1623.01,1585.54,1
2925,2024-12-31,Livres,20.57,3,48,M,Toulouse,Instagram,5.0,42,Printemps,59.92,52.03,0
2926,2024-12-31,Mode,67.44,1,33,F,Nice,SEO,3.7,150,Printemps,60.9,60.19,0
2927,2024-12-31,Sport,98.67,3,35,F,Nice,SEO,3.5,81,Printemps,286.04,252.41,1
2928,2024-12-31,Sport,108.73,2,18,M,Nantes,Email,4.6,73,Printemps,196.86,195.52,1
2929,2024-12-31,Sport,123.08,4,47,M,Bordeaux,Email,5.0,65,Printemps,529.03,513.0,1
2930,2024-12-31,Électronique,765.47,2,42,F,Lille,Facebook,4.2,112,Printemps,1581.96,1385.24,1
2931,2024-12-31,Sport,100.14,3,41,M,Lyon,SEO,3.4,76,Printemps,328.62,287.23,1
2932,2024-12-31,Sport,146.73,1,25,M,Nantes,Email,4.6,161,Printemps,158.23,136.5,0
2933,2024-12-31,Maison,156.07,1,25,M,Marseille,Facebook,2.1,69,Printemps,159.3,141.32,0
2934,2024-12-31,Mode,65.5,1,37,M,Toulouse,Instagram,3.9,148,Printemps,65.54,62.19,0
2935,2024-12-31,Mode,96.65,3,26,M,Nantes,Instagram,5.0,76,Printemps,312.2,289.74,1
2936,2024-12-31,Électronique,709.46,1,40,F,Toulouse,Instagram,4.0,108,Printemps,680.86,641.37,1
2937,2024-12-31,Mode,86.91,3,18,M,Marseille,Facebook,3.9,44,Printemps,246.31,210.52,0
2938,2024-12-31,Maison,70.19,3,29,F,Marseille,Facebook,3.8,87,Printemps,206.78,178.25,0
2939,2024-12-31,Mode,49.06,1,56,F,Nantes,Facebook,3.4,212,Printemps,44.68,42.61,0
2940,2024-12-31,Mode,60.32,3,40,M,Nantes,Email,4.1,47,Printemps,173.78,169.82,0
2941,2024-12-31,Mode,60.06,2,37,M,Nantes,Instagram,4.7,137,Printemps,110.11,99.53,0
2942,2024-12-31,Maison,181.22,3,58,F,Paris,Facebook,3.4,214,Printemps,495.01,433.12,1
2943,2024-12-31,Livres,9.5,2,18,M,Nantes,Instagram,1.1,46,Printemps,19.19,17.2,0
2944,2024-12-31,Électronique,735.09,1,25,F,Toulouse,Google_Ads,4.3,79,Printemps,765.69,698.16,1
2945,2024-12-31,Mode,58.37,1,30,F,Lyon,SEO,5.0,67,Printemps,58.8,55.54,0
2946,2024-12-31,Électronique,434.26,3,45,F,Lille,SEO,3.4,140,Printemps,1190.9,1085.42,1
2947,2024-12-31,Maison,155.02,1,45,F,Marseille,Google_Ads,2.2,129,Printemps,151.77,149.42,0
2948,2024-12-31,Maison,98.87,1,24,F,Nice,SEO,4.5,201,Printemps,91.17,82.98,0
2949,2024-12-31,Livres,32.88,4,46,M,Nantes,Facebook,5.0,260,Printemps,135.47,118.84,0
2950,2024-12-31,Mode,40.82,1,30,F,Lyon,Direct,4.4,44,Printemps,43.49,38.59,0
2951,2024-12-31,Livres,21.0,1,49,F,Bordeaux,Facebook,5.0,167,Printemps,19.39,17.83,0
2952,2024-12-31,Électronique,798.36,2,22,M,Toulouse,SEO,4.7,214,Printemps,1458.4,1410.81,1
2953,2024-12-31,Maison,170.85,3,33,M,Nantes,Instagram,4.6,191,Printemps,502.91,493.06,1
2954,2024-12-31,Électronique,422.32,1,29,F,Paris,Google_Ads,3.2,53,Printemps,405.72,356.14,0
2955,2024-12-31,Sport,96.15,2,47,F,Marseille,Instagram,4.1,150,Printemps,183.09,155.72,0
2956,2024-12-31,Mode,101.4,1,28,F,Lyon,Google_Ads,3.8,147,Printemps,95.55,93.68,0
2957,2024-12-31,Maison,235.19,1,34,M,Toulouse,Google_Ads,3.7,75,Printemps,226.58,200.34,1
2958,2024-12-31,Sport,156.38,2,41,M,Nantes,Facebook,3.5,104,Printemps,341.86,332.71,1
2959,2024-12-31,Électronique,456.14,1,41,M,Nice,Google_Ads,4.0,29,Printemps,488.77,455.83,0
2960,2024-12-31,Électronique,898.78,1,45,F,Lyon,Instagram,2.4,108,Printemps,917.0,835.04,1
2961,2024-12-31,Sport,42.95,2,37,M,Marseille,Facebook,4.7,94,Printemps,91.06,79.4,0
2962,2024-12-31,Mode,35.19,1,29,F,Lyon,Google_Ads,2.8,89,Printemps,31.78,30.21,0
2963,2024-12-31,Électronique,781.09,1,30,F,Lyon,SEO,3.5,87,Printemps,720.39,700.74,1
2964,2024-12-31,Mode,51.95,1,35,F,Toulouse,Instagram,4.2,88,Printemps,49.79,45.77,0
2965,2024-12-31,Maison,70.94,2,37,M,Nantes,Google_Ads,2.8,41,Printemps,145.96,133.84,0
2966,2024-12-31,Électronique,385.07,2,33,M,Nantes,Google_Ads,1.6,53,Printemps,829.21,798.77,1
2967,2024-12-31,Mode,74.04,1,35,M,Toulouse,Facebook,3.4,118,Printemps,70.06,64.81,0
2968,2024-12-31,Électronique,718.13,1,18,M,Nice,Google_Ads,2.2,157,Printemps,666.31,644.88,1
2969,2024-12-31,Mode,93.37,7,43,F,Lille,Facebook,4.6,60,Printemps,699.09,599.9,1
2970,2024-12-31,Sport,72.8,2,37,F,Paris,Email,2.5,98,Printemps,142.95,139.89,0
2971,2024-12-31,Livres,22.59,2,47,M,Lille,Google_Ads,5.0,105,Printemps,46.98,41.78,0
2972,2024-12-31,Maison,226.72,1,35,M,Paris,Instagram,3.8,177,Printemps,228.9,200.37,0
2973,2024-12-31,Électronique,775.13,2,18,M,Paris,Instagram,3.9,88,Printemps,1449.78,1239.33,1
2974,2024-12-31,Livres,17.73,4,30,F,Lille,Google_Ads,1.6,173,Printemps,73.75,71.91,0
2975,2024-12-31,Mode,128.27,1,32,M,Toulouse,Email,4.0,83,Printemps,126.24,108.44,0
2976,2024-12-31,Électronique,703.32,1,43,F,Marseille,SEO,3.7,78,Printemps,673.46,668.86,1
2977,2024-12-31,Livres,10.69,1,18,M,Toulouse,Facebook,2.4,52,Printemps,11.55,10.79,0
2978,2024-12-31,Sport,46.98,1,35,F,Lyon,SEO,3.9,141,Printemps,42.34,40.43,0
2979,2024-12-31,Maison,90.31,3,41,M,Nice,Instagram,3.4,197,Printemps,265.79,254.83,0
2980,2024-12-31,Maison,191.01,1,27,F,Bordeaux,Google_Ads,3.6,70,Printemps,183.39,163.94,0
2981,2024-12-31,Électronique,349.02,2,35,M,Lille,SEO,3.8,80,Printemps,635.85,617.39,0
2982,2024-12-31,Électronique,570.25,1,27,M,Lille,Google_Ads,3.3,56,Printemps,522.4,518.19,1
2983,2024-12-31,Maison,76.79,3,26,F,Marseille,Email,4.1,40,Printemps,215.26,194.91,0
2984,2024-12-31,Électronique,846.6,3,30,F,Nice,Direct,3.7,62,Printemps,2542.33,2479.54,1
2985,2024-12-31,Mode,66.04,1,26,M,Lyon,Instagram,4.3,81,Printemps,63.17,61.01,0
2986,2024-12-31,Sport,158.29,2,43,F,Nantes,Google_Ads,3.2,163,Printemps,337.97,317.16,0
2987,2024-12-31,Sport,162.97,2,26,F,Toulouse,Email,2.6,54,Printemps,308.99,279.68,1
2988,2024-12-31,Mode,33.1,1,24,M,Lille,SEO,3.0,74,Printemps,34.56,31.52,0
2989,2024-12-31,Sport,101.68,2,56,M,Bordeaux,Instagram,5.0,113,Printemps,191.58,171.68,1
2990,2024-12-31,Sport,45.64,2,46,F,Lyon,Email,4.9,55,Printemps,82.94,75.8,0
2991,2024-12-31,Maison,223.56,3,18,M,Lille,Instagram,5.0,146,Printemps,639.12,638.13,1
2992,2024-12-31,Électronique,574.93,2,25,M,Nice,Email,5.0,87,Printemps,1227.48,1110.27,1
2993,2024-12-31,Mode,39.81,1,37,M,Nantes,Facebook,3.3,65,Printemps,36.48,34.65,0
2994,2024-12-31,Mode,43.25,1,38,M,Lille,SEO,4.1,202,Printemps,41.91,37.63,0
2995,2024-12-31,Électronique,483.87,1,18,M,Nantes,Instagram,3.9,212,Printemps,436.26,401.36,1
2996,2024-12-31,Mode,124.17,4,48,F,Paris,Instagram,4.5,58,Printemps,509.63,439.59,1
2997,2024-12-31,Électronique,692.71,4,44,M,Paris,Instagram,3.5,143,Printemps,3016.22,2909.1,1
2998,2024-12-31,Mode,117.09,1,40,F,Lille,Facebook,3.9,254,Printemps,114.38,108.57,0
2999,2024-12-31,Livres,18.89,4,51,F,Nice,Facebook,3.9,86,Printemps,76.74,69.23,0
3000,2024-12-31,Électronique,254.17,2,40,M,Marseille,Facebook,4.4,115,Printemps,503.49,467.6,1
3001,2024-12-31,Maison,235.38,3,40,F,Paris,SEO,4.5,101,Printemps,772.98,758.16,1
3002,2024-12-31,Maison,63.09,1,53,M,Lille,Google_Ads,3.9,150,Printemps,66.07,56.6,0
3003,2024-12-31,Électronique,864.66,1,48,M,Nantes,Facebook,3.9,63,Printemps,785.85,777.62,1
3004,2024-12-31,Livres,18.95,4,24,F,Lyon,Google_Ads,4.0,63,Printemps,69.88,64.34,1
3005,2024-12-31,Maison,61.82,2,42,F,Nice,Google_Ads,5.0,72,Printemps,122.9,120.32,0
3006,2024-12-31,Mode,99.69,1,27,M,Toulouse,Instagram,1.9,45,Printemps,102.32,100.19,0
3007,2024-12-31,Sport,167.52,1,41,M,Nantes,SEO,2.7,49,Printemps,160.5,137.84,0
3008,2024-12-31,Mode,126.65,2,40,M,Nice,Email,4.5,92,Printemps,262.14,253.56,0
3009,2024-12-31,Maison,88.97,4,18,M,Nice,Google_Ads,4.1,76,Printemps,361.32,346.84,0
3010,2024-12-31,Électronique,347.34,2,33,F,Bordeaux,SEO,4.1,118,Printemps,685.67,587.26,1
3011,2024-12-31,Sport,114.61,3,38,F,Paris,Google_Ads,4.5,67,Printemps,349.48,346.36,1
3012,2024-12-31,Mode,94.64,3,29,M,Toulouse,SEO,4.0,115,Printemps,307.56,290.7,0
3013,2024-12-31,Maison,193.1,1,38,F,Toulouse,SEO,3.2,88,Printemps,183.18,160.3,1
3014,2024-12-31,Électronique,347.21,1,44,M,Toulouse,Facebook,4.5,266,Printemps,367.43,319.1,1
3015,2024-12-31,Maison,232.62,2,34,F,Lille,SEO,3.8,90,Printemps,419.83,392.25,0
3016,2024-12-31,Sport,123.94,3,37,M,Paris,Direct,3.3,114,Printemps,340.94,292.81,1
3017,2024-12-31,Mode,115.09,1,51,M,Nantes,Email,4.6,55,Printemps,125.44,109.72,0
3018,2024-12-31,Maison,157.21,1,40,M,Nantes,Facebook,4.5,60,Printemps,163.43,162.17,0
3019,2024-12-31,Mode,72.89,1,37,M,Lyon,SEO,4.0,229,Printemps,74.84,71.97,0
3020,2024-12-31,Sport,167.09,4,23,M,Nice,Instagram,5.0,145,Printemps,646.18,608.72,1
3021,2024-12-31,Mode,89.26,2,43,M,Marseille,Instagram,5.0,133,Printemps,167.24,147.4,0
3022,2024-12-31,Sport,153.03,1,38,M,Lille,Facebook,4.9,98,Printemps,149.35,131.84,0
3023,2024-12-31,Sport,164.04,3,50,M,Lyon,SEO,5.0,108,Printemps,501.82,460.1,1
3024,2024-12-31,Mode,98.35,2,35,M,Bordeaux,Facebook,3.6,84,Printemps,201.98,194.53,1
3025,2024-12-31,Électronique,595.53,1,18,M,Lille,Instagram,3.3,123,Printemps,556.17,473.08,0
3026,2024-12-31,Mode,32.84,2,18,F,Nice,Email,4.7,102,Printemps,64.97,55.65,0
3027,2024-12-31,Sport,47.6,1,43,F,Bordeaux,Email,3.5,141,Printemps,48.24,47.3,0
3028,2024-12-31,Électronique,360.57,1,28,F,Nice,Facebook,3.8,58,Printemps,393.74,382.76,1
3029,2024-12-31,Mode,50.64,1,40,F,Marseille,Facebook,2.7,82,Printemps,51.14,48.79,0
3030,2024-12-31,Sport,74.98,1,36,F,Lille,SEO,4.5,50,Printemps,76.19,70.47,0
3031,2024-12-31,Mode,62.23,3,32,F,Lille,Instagram,2.2,145,Printemps,196.6,171.39,0
3032,2024-12-31,Maison,124.81,1,33,M,Nice,Email,3.7,123,Printemps,122.79,106.25,0
3033,2024-12-31,Électronique,508.86,1,24,M,Toulouse,Google_Ads,3.8,40,Printemps,497.04,489.99,0
3034,2024-12-31,Électronique,291.73,2,34,F,Nice,SEO,3.3,113,Printemps,594.08,539.05,1
3035,2024-12-31,Sport,47.9,1,27,F,Lyon,Facebook,1.9,71,Printemps,50.62,48.31,0
3036,2024-12-31,Électronique,679.91,2,30,M,Paris,Email,1.9,142,Printemps,1397.24,1283.27,1
3037,2024-12-31,Mode,84.89,4,31,M,Lille,Instagram,3.0,150,Printemps,318.25,305.4,1
3038,2024-12-31,Sport,99.13,2,32,M,Marseille,SEO,4.4,211,Printemps,194.2,170.7,1
3039,2024-12-31,Mode,94.36,3,46,M,Lille,Email,4.1,152,Printemps,283.79,261.85,0
3040,2024-12-31,Livres,31.35,2,33,M,Lille,Facebook,3.8,89,Printemps,62.99,57.1,0
3041,2024-12-31,Livres,20.55,3,47,F,Lille,Instagram,2.8,98,Printemps,59.67,52.91,0
3042,2024-12-31,Mode,95.01,1,53,F,Toulouse,Instagram,4.2,71,Printemps,95.44,89.68,0
3043,2024-12-31,Électronique,868.66,1,45,M,Nice,Email,1.8,65,Printemps,898.71,836.29,1
3044,2024-12-31,Maison,211.13,3,41,F,Lille,Google_Ads,1.2,103,Printemps,629.34,581.73,0
3045,2024-12-31,Mode,74.04,3,38,M,Nice,Instagram,3.5,44,Printemps,219.94,206.45,0
3046,2024-12-31,Électronique,660.18,1,45,M,Marseille,SEO,3.2,112,Printemps,700.0,609.97,1
3047,2024-12-31,Maison,91.87,5,36,M,Nice,Instagram,4.9,142,Printemps,482.96,437.36,0
3048,2024-12-31,Électronique,603.35,2,46,F,Lyon,SEO,4.0,143,Printemps,1187.98,1067.64,1
3049,2024-12-31,Sport,167.62,6,42,F,Paris,SEO,5.0,73,Printemps,1105.49,1067.21,1
3050,2024-12-31,Électronique,574.86,4,30,M,Marseille,Instagram,3.2,207,Printemps,2100.08,1796.32,1
3051,2024-12-31,Électronique,851.16,3,45,M,Marseille,SEO,4.3,134,Printemps,2464.6,2199.14,1
3052,2024-12-31,Électronique,499.95,1,36,F,Bordeaux,Direct,3.5,161,Printemps,453.64,448.08,0
3053,2024-12-31,Livres,35.97,1,33,M,Paris,SEO,5.0,50,Printemps,38.41,34.38,0
3054,2024-12-31,Maison,164.26,4,29,M,Toulouse,Instagram,3.6,37,Printemps,690.63,602.77,0
3055,2024-12-31,Sport,47.89,2,36,M,Lyon,SEO,4.7,48,Printemps,99.3,95.68,0
3056,2024-12-31,Mode,89.71,1,46,M,Nice,Google_Ads,2.6,87,Printemps,84.59,72.5,0
3057,2024-12-31,Mode,59.27,1,45,M,Nantes,SEO,3.3,136,Printemps,61.73,56.42,0
3058,2024-12-31,Électronique,246.92,1,39,F,Lyon,Facebook,3.7,77,Printemps,239.78,234.58,0
3059,2024-12-31,Mode,112.53,2,42,F,Nice,Google_Ads,5.0,89,Printemps,241.66,239.99,0
3060,2024-12-31,Maison,109.63,1,50,M,Nantes,Direct,1.4,24,Printemps,103.04,91.44,0
3061,2024-12-31,Maison,203.38,1,33,M,Bordeaux,Google_Ads,3.4,77,Printemps,191.9,171.64,0
3062,2024-12-31,Mode,60.6,2,21,F,Bordeaux,SEO,3.4,75,Printemps,132.37,123.77,0
3063,2024-12-31,Livres,14.25,1,50,M,Toulouse,SEO,1.5,45,Printemps,14.3,12.64,0
3064,2024-12-31,Électronique,882.41,4,28,F,Marseille,Google_Ads,3.3,66,Printemps,3491.78,3046.97,1
3065,2024-12-31,Livres,18.76,1,26,F,Lyon,Instagram,2.1,168,Printemps,18.21,16.64,0
3066,2024-12-31,Électronique,630.93,2,18,M,Nantes,Instagram,1.2,79,Printemps,1345.45,1158.21,1
3067,2024-12-31,Mode,91.97,1,41,F,Lyon,Direct,3.5,92,Printemps,89.26,87.85,0
3068,2024-12-31,Mode,87.15,3,18,F,Nantes,Google_Ads,3.5,66,Printemps,253.92,228.56,0
3069,2024-12-31,Mode,121.68,1,25,F,Lyon,Google_Ads,3.5,111,Printemps,112.52,101.31,0
3070,2024-12-31,Maison,181.4,1,42,M,Marseille,Email,4.1,324,Printemps,182.15,176.45,1
3071,2024-12-31,Mode,71.86,1,43,F,Nantes,Facebook,2.8,124,Printemps,77.95,70.26,0
3072,2024-12-31,Mode,116.58,1,27,F,Lyon,Google_Ads,5.0,86,Printemps,127.25,122.69,0
3073,2024-12-31,Maison,92.59,3,33,F,Lille,Instagram,3.8,84,Printemps,305.3,267.81,0
3074,2024-12-31,Maison,157.96,1,24,F,Nice,Direct,5.0,174,Printemps,157.11,146.01,0
3075,2024-12-31,Sport,163.7,2,28,F,Bordeaux,Instagram,2.0,239,Printemps,345.39,333.4,1
3076,2024-12-31,Électronique,647.14,1,38,F,Toulouse,Facebook,2.9,40,Printemps,653.94,599.98,1
3077,2024-12-31,Maison,207.05,3,28,F,Bordeaux,Instagram,4.6,97,Printemps,627.12,539.81,1
3078,2024-12-31,Maison,177.64,2,32,M,Nantes,SEO,3.6,82,Printemps,377.04,362.16,0
3079,2024-12-31,Mode,114.34,1,18,F,Bordeaux,Facebook,2.6,139,Printemps,122.01,112.75,0
3080,2024-12-31,Mode,124.59,1,48,F,Toulouse,Instagram,1.8,75,Printemps,112.62,101.07,0
3081,2024-12-31,Mode,59.11,2,41,F,Nice,Facebook,4.6,181,Printemps,128.69,128.55,0
3082,2024-12-31,Électronique,339.52,1,44,F,Bordeaux,Facebook,4.5,41,Printemps,361.45,354.73,0
3083,2024-12-31,Électronique,551.69,2,50,M,Lille,Facebook,4.1,127,Printemps,1152.18,985.89,1
3084,2024-12-31,Électronique,698.76,4,25,F,Paris,SEO,3.3,149,Printemps,2991.82,2809.46,1
3085,2024-12-31,Maison,100.89,1,30,F,Lyon,Instagram,2.6,32,Printemps,101.65,91.81,0
3086,2024-12-31,Maison,60.74,1,18,F,Nice,Google_Ads,3.7,121,Printemps,64.06,54.81,0
3087,2024-12-31,Livres,18.26,3,70,M,Nantes,Instagram,2.4,42,Printemps,55.86,47.57,0
3088,2024-12-31,Maison,234.39,1,33,F,Bordeaux,Instagram,3.0,78,Printemps,236.41,221.65,1
3089,2024-12-31,Électronique,694.1,3,47,M,Lyon,Facebook,5.0,88,Printemps,1962.2,1762.1,1
3090,2024-12-31,Sport,93.67,1,20,F,Lyon,Email,1.8,40,Printemps,100.18,95.72,0
3091,2024-12-31,Sport,67.05,1,46,F,Nice,Google_Ads,4.5,105,Printemps,72.2,66.29,1
3092,2024-12-31,Mode,67.22,1,57,M,Lille,SEO,5.0,88,Printemps,73.55,70.98,0
3093,2024-12-31,Maison,90.57,2,34,M,Toulouse,Email,4.7,75,Printemps,167.39,162.7,1
3094,2024-12-31,Livres,11.87,1,22,M,Lyon,Google_Ads,4.2,248,Printemps,11.38,10.79,0
3095,2024-12-31,Mode,120.91,1,33,F,Toulouse,Google_Ads,3.3,150,Printemps,125.39,114.44,1
3096,2024-12-31,Livres,35.94,2,18,M,Bordeaux,Facebook,3.1,108,Printemps,76.98,76.85,0
3097,2024-12-31,Électronique,335.78,1,34,F,Nantes,Google_Ads,1.3,59,Printemps,352.65,315.98,0
3098,2024-12-31,Électronique,261.8,2,44,M,Nice,Facebook,3.8,39,Printemps,518.96,481.17,1
3099,2024-12-31,Mode,64.65,5,34,M,Lyon,Google_Ads,3.4,59,Printemps,337.85,313.55,0
3100,2024-12-31,Maison,143.1,1,31,F,Lille,Email,3.0,58,Printemps,130.85,119.63,0
3101,2024-12-31,Sport,68.61,1,41,M,Nantes,Email,3.8,223,Printemps,70.85,61.51,0
3102,2024-12-31,Livres,17.14,1,42,M,Nantes,Facebook,3.9,38,Printemps,15.45,13.95,0
3103,2024-12-31,Mode,52.08,1,18,F,Nantes,Email,3.1,70,Printemps,47.37,41.8,0
3104,2024-12-31,Électronique,747.63,3,36,M,Bordeaux,SEO,5.0,137,Printemps,2358.29,2322.87,1
3105,2024-12-31,Sport,133.35,1,64,M,Lille,SEO,4.6,108,Printemps,132.76,125.89,0
3106,2024-12-31,Maison,174.29,3,18,F,Nice,Facebook,4.8,85,Printemps,476.81,425.88,1
3107,2024-12-31,Électronique,486.37,3,33,M,Marseille,Google_Ads,3.7,56,Printemps,1453.82,1359.12,1
3108,2024-12-31,Mode,121.13,2,58,F,Paris,SEO,4.4,127,Printemps,221.08,216.21,0
3109,2024-12-31,Maison,234.52,2,48,M,Lyon,Facebook,2.8,75,Printemps,454.59,450.12,0
3110,2024-12-31,Sport,64.64,4,28,M,Lyon,SEO,4.5,238,Printemps,240.84,207.42,0
3111,2024-12-31,Mode,54.24,2,37,F,Lyon,Facebook,3.6,91,Printemps,102.4,99.13,0
3112,2024-12-31,Mode,83.75,1,34,F,Toulouse,Email,2.7,218,Printemps,78.65,78.25,0
3113,2024-12-31,Livres,11.46,3,26,M,Marseille,Google_Ads,3.8,106,Printemps,33.51,30.83,0
3114,2024-12-31,Maison,138.56,1,34,F,Nantes,Instagram,3.5,70,Printemps,127.7,127.61,1
3115,2024-12-31,Mode,89.22,1,31,F,Nantes,Direct,5.0,76,Printemps,89.72,89.14,0
3116,2024-12-31,Mode,83.4,2,36,F,Toulouse,Google_Ads,4.3,95,Printemps,163.71,155.28,0
3117,2024-12-31,Maison,119.56,2,26,M,Nice,Google_Ads,5.0,65,Printemps,255.38,249.54,1
3118,2024-12-31,Électronique,591.15,2,19,M,Paris,Google_Ads,5.0,61,Printemps,1259.37,1126.49,1
3119,2024-12-31,Électronique,872.19,1,34,F,Lille,Direct,3.8,153,Printemps,928.76,917.26,1
3120,2024-12-31,Mode,52.59,2,55,M,Marseille,Google_Ads,3.3,112,Printemps,104.53,98.14,0
3121,2024-12-31,Mode,96.35,1,35,F,Marseille,Facebook,1.9,44,Printemps,92.31,85.52,0
3122,2024-12-31,Maison,67.81,1,31,M,Bordeaux,Instagram,2.8,120,Printemps,66.66,65.02,0
3123,2024-12-31,Électronique,269.83,4,44,M,Nantes,Google_Ads,4.5,85,Printemps,1119.77,1101.21,1
3124,2024-12-31,Maison,159.33,4,33,F,Marseille,Facebook,3.5,115,Printemps,641.11,612.38,1
3125,2024-12-31,Mode,42.73,1,57,F,Nice,Facebook,4.2,129,Printemps,43.79,37.39,0
3126,2024-12-31,Électronique,240.08,1,34,F,Marseille,Instagram,1.6,51,Printemps,249.39,234.32,1
3127,2024-12-31,Électronique,340.77,1,43,F,Lyon,Instagram,4.3,272,Printemps,369.28,359.41,1
3128,2024-12-31,Livres,24.25,4,25,M,Toulouse,Facebook,5.0,72,Printemps,105.62,98.41,0
3129,2024-12-31,Sport,132.18,2,41,F,Nantes,Google_Ads,1.8,100,Printemps,282.35,279.59,0
3130,2024-12-31,Électronique,361.67,2,38,M,Bordeaux,Google_Ads,4.2,63,Printemps,660.42,650.25,1
3131,2024-12-31,Sport,127.7,3,34,M,Lille,SEO,5.0,92,Printemps,419.84,390.22,0
3132,2024-12-31,Maison,92.85,4,28,M,Nice,Instagram,5.0,96,Printemps,386.51,351.94,0
3133,2024-12-31,Livres,25.56,1,27,F,Paris,SEO,3.2,144,Printemps,26.55,22.79,0
3134,2024-12-31,Mode,72.67,3,38,M,Nice,SEO,4.7,113,Printemps,197.21,186.34,0
3135,2024-12-31,Maison,177.68,1,42,M,Lille,Instagram,5.0,153,Printemps,176.95,157.47,0
3136,2024-12-31,Électronique,896.66,4,33,M,Bordeaux,Google_Ads,4.2,104,Printemps,3677.38,3494.5,1
3137,2024-12-31,Mode,123.94,2,38,M,Lyon,Email,5.0,196,Printemps,236.89,229.74,0
3138,2024-12-31,Livres,9.12,4,34,F,Paris,Instagram,3.8,126,Printemps,33.42,30.46,0
3139,2024-12-31,Mode,118.83,1,36,F,Lille,Facebook,4.2,111,Printemps,119.6,101.94,0
3140,2024-12-31,Mode,38.98,1,32,M,Nantes,Google_Ads,3.1,111,Printemps,38.56,37.78,0
3141,2024-12-31,Électronique,868.31,1,35,M,Nantes,Direct,3.6,41,Printemps,789.13,735.75,1
3142,2024-12-31,Maison,110.73,2,67,M,Paris,Email,4.3,54,Printemps,222.32,199.47,0
3143,2024-12-31,Maison,128.77,1,38,F,Paris,SEO,3.0,101,Printemps,118.66,112.15,0
3144,2024-12-31,Mode,41.43,3,42,M,Paris,Instagram,3.6,95,Printemps,122.43,116.45,0
3145,2024-12-31,Livres,12.03,2,40,F,Marseille,SEO,4.6,178,Printemps,22.96,20.02,0
3146,2024-12-31,Électronique,715.55,4,31,F,Bordeaux,Facebook,5.0,30,Printemps,3131.52,2965.42,1
3147,2024-12-31,Mode,124.57,1,50,F,Nantes,Google_Ads,1.5,73,Printemps,112.98,100.89,0
3148,2024-12-31,Livres,25.49,2,31,F,Nantes,Instagram,5.0,50,Printemps,51.59,50.07,0
3149,2024-12-31,Mode,102.3,4,47,F,Bordeaux,Email,3.5,104,Printemps,380.7,377.36,1
3150,2024-12-31,Mode,106.79,2,30,M,Lyon,Facebook,4.9,125,Printemps,205.86,178.16,0
3151,2024-12-31,Mode,58.12,3,23,M,Nantes,Direct,5.0,150,Printemps,163.35,161.32,1
3152,2024-12-31,Sport,48.27,6,39,M,Lille,SEO,5.0,59,Printemps,318.28,313.67,0
3153,2024-12-31,Électronique,226.26,1,21,M,Lyon,SEO,3.0,37,Printemps,205.1,184.89,0
3154,2024-12-31,Livres,18.47,3,41,F,Toulouse,Instagram,3.6,125,Printemps,55.86,47.72,0
3155,2024-12-31,Sport,73.29,5,20,M,Toulouse,SEO,3.7,62,Printemps,374.35,355.44,1
3156,2024-12-31,Électronique,267.06,4,31,M,Lille,Google_Ads,3.4,58,Printemps,1126.41,1015.69,1
3157,2024-12-31,Maison,92.32,5,18,M,Paris,SEO,5.0,104,Printemps,473.21,415.83,1
3158,2024-12-31,Mode,44.64,3,68,M,Nantes,Google_Ads,3.7,46,Printemps,126.72,109.78,1
3159,2024-12-31,Mode,121.7,1,18,F,Lille,SEO,2.0,104,Printemps,124.09,109.12,0
3160,2024-12-31,Sport,60.38,1,35,F,Lille,Instagram,3.1,46,Printemps,66.12,58.56,0
3161,2024-12-31,Livres,23.52,2,48,F,Nice,Google_Ads,2.1,48,Printemps,50.31,48.77,0
3162,2024-12-31,Électronique,625.35,3,47,M,Paris,Direct,3.5,71,Printemps,1858.59,1798.32,1
3163,2024-12-31,Mode,85.49,3,45,F,Toulouse,Instagram,4.5,56,Printemps,255.31,235.95,0
3164,2024-12-31,Mode,42.16,1,31,M,Lyon,Direct,3.1,138,Printemps,39.06,36.45,0
3165,2024-12-31,Mode,63.58,3,51,F,Lille,Facebook,3.4,136,Printemps,193.42,191.03,0
3166,2024-12-31,Mode,37.5,1,45,M,Nice,Instagram,3.5,96,Printemps,35.85,35.36,0
3167,2024-12-31,Électronique,492.08,2,37,F,Nantes,Google_Ads,4.0,63,Printemps,907.02,883.71,1
3168,2024-12-31,Maison,93.95,3,37,F,Lyon,Instagram,4.4,58,Printemps,280.39,254.07,0
3169,2024-12-31,Mode,87.26,2,31,F,Lyon,Instagram,4.7,116,Printemps,158.64,143.57,0
3170,2024-12-31,Électronique,692.65,1,24,M,Bordeaux,Google_Ads,5.0,61,Printemps,640.02,629.26,1
3171,2024-12-31,Sport,110.35,1,49,F,Toulouse,Instagram,3.9,66,Printemps,104.14,103.0,0
3172,2024-12-31,Sport,97.87,2,50,M,Nice,SEO,4.6,45,Printemps,214.94,208.44,0
3173,2024-12-31,Mode,70.27,1,24,F,Nice,SEO,2.1,79,Printemps,74.6,71.88,0
3174,2024-12-31,Mode,114.56,1,33,M,Nantes,Google_Ads,3.4,53,Printemps,115.52,107.87,0
3175,2024-12-31,Maison,99.49,3,33,F,Nice,Google_Ads,3.5,81,Printemps,282.5,254.46,0
3176,2024-12-31,Mode,104.09,2,34,M,Nantes,Instagram,2.7,53,Printemps,208.96,185.16,0
3177,2024-12-31,Électronique,736.3,2,35,F,Paris,Email,3.2,136,Printemps,1516.48,1320.93,1
3178,2024-12-31,Maison,135.46,4,46,M,Paris,Instagram,3.7,108,Printemps,488.14,468.23,0
3179,2024-12-31,Électronique,425.68,1,26,F,Nice,Google_Ads,3.2,42,Printemps,467.22,451.59,0
3180,2024-12-31,Électronique,542.62,1,24,M,Marseille,Email,5.0,168,Printemps,556.37,502.85,1
3181,2024-12-31,Électronique,287.92,1,49,M,Nantes,Google_Ads,4.4,80,Printemps,316.03,268.92,0
3182,2024-12-31,Électronique,256.0,1,29,F,Nice,Facebook,5.0,172,Printemps,254.42,252.08,0
3183,2024-12-31,Électronique,300.33,1,19,F,Nice,Google_Ads,5.0,111,Printemps,307.75,281.77,1
3184,2024-12-31,Livres,14.05,1,29,M,Toulouse,Instagram,3.1,71,Printemps,13.94,13.89,0
3185,2024-12-31,Mode,81.66,1,31,M,Lyon,Facebook,3.8,40,Printemps,73.65,70.08,0
3186,2024-12-31,Électronique,798.17,1,53,F,Nice,Instagram,3.3,42,Printemps,854.02,741.8,1
3187,2024-12-31,Électronique,384.06,2,46,F,Marseille,Instagram,3.6,172,Printemps,760.28,683.53,1
3188,2024-12-31,Livres,34.25,1,48,F,Nantes,Instagram,2.7,51,Printemps,34.05,32.3,0
3189,2024-12-31,Mode,125.6,2,44,F,Paris,SEO,3.3,142,Printemps,244.17,231.33,0
3190,2024-12-31,Mode,125.99,2,46,F,Toulouse,Facebook,4.2,163,Printemps,248.59,219.95,0
3191,2024-12-31,Sport,149.29,2,26,M,Nice,Email,4.2,127,Printemps,312.05,273.52,0
3192,2024-12-31,Mode,67.97,1,32,F,Paris,SEO,4.1,43,Printemps,70.7,63.03,0
3193,2024-12-31,Mode,39.59,2,23,M,Nantes,SEO,3.7,62,Printemps,84.06,81.37,0
3194,2024-12-31,Électronique,608.95,1,32,M,Marseille,Facebook,4.7,250,Printemps,666.76,590.94,1
3195,2024-12-31,Mode,86.97,2,43,F,Paris,Google_Ads,3.5,195,Printemps,170.16,162.55,0
3196,2024-12-31,Mode,115.37,1,36,M,Paris,SEO,5.0,59,Printemps,111.66,109.48,0
3197,2024-12-31,Maison,239.28,2,50,M,Bordeaux,SEO,1.8,61,Printemps,477.94,434.32,1
3198,2024-12-31,Mode,82.05,3,21,F,Lille,Facebook,4.5,155,Printemps,229.12,194.99,1
3199,2024-12-31,Maison,122.14,3,41,F,Nice,Google_Ads,4.3,38,Printemps,385.32,335.73,0
3200,2024-12-31,Électronique,350.48,1,20,M,Nantes,SEO,3.1,133,Printemps,356.17,319.41,1
3201,2024-12-31,Électronique,228.24,1,36,M,Bordeaux,Instagram,3.4,96,Printemps,215.06,188.93,0
3202,2024-12-31,Mode,82.14,1,43,F,Toulouse,Google_Ads,4.3,396,Printemps,88.12,78.73,1
3203,2024-12-31,Livres,24.0,2,32,F,Lille,SEO,4.8,177,Printemps,49.14,45.78,0
3204,2024-12-31,Mode,112.93,1,41,F,Nantes,Instagram,1.9,29,Printemps,102.41,87.37,0
3205,2024-12-31,Maison,150.82,1,23,F,Bordeaux,Facebook,4.5,141,Printemps,141.67,121.78,0
3206,2024-12-31,Mode,121.86,1,18,F,Nice,Direct,3.3,177,Printemps,131.39,128.54,1
3207,2024-12-31,Électronique,648.96,2,41,M,Bordeaux,Instagram,5.0,128,Printemps,1267.03,1176.25,1
3208,2024-12-31,Électronique,792.23,2,55,M,Nantes,Facebook,1.8,90,Printemps,1737.94,1721.13,1
3209,2024-12-31,Mode,46.96,3,23,F,Lyon,Instagram,5.0,123,Printemps,141.72,120.53,0
3210,2024-12-31,Électronique,802.35,1,49,M,Marseille,Email,2.8,144,Printemps,755.48,642.18,1
3211,2024-12-31,Électronique,680.72,2,35,F,Nantes,SEO,5.0,119,Printemps,1387.01,1332.83,1
3212,2024-12-31,Sport,64.2,3,18,F,Bordeaux,Facebook,3.7,91,Printemps,177.3,163.37,0
3213,2024-12-31,Électronique,353.09,3,21,F,Lyon,Google_Ads,2.9,103,Printemps,1124.42,1109.88,1
3214,2024-12-31,Maison,226.77,1,35,F,Bordeaux,Direct,4.1,41,Printemps,232.57,225.12,0
3215,2024-12-31,Mode,35.64,1,30,F,Marseille,Google_Ads,4.9,102,Printemps,38.95,36.05,0
3216,2024-12-31,Mode,77.6,3,19,M,Toulouse,Instagram,2.1,59,Printemps,241.64,222.74,0
3217,2024-12-31,Maison,116.43,2,18,F,Nice,Instagram,4.6,174,Printemps,211.85,205.85,1
3218,2024-12-31,Mode,97.35,2,24,M,Lyon,Instagram,3.8,55,Printemps,193.77,188.07,0
3219,2024-12-31,Mode,114.36,2,37,F,Nantes,Facebook,4.4,96,Printemps,230.16,205.2,0
3220,2024-12-31,Maison,124.87,3,34,F,Lille,Google_Ads,3.8,59,Printemps,405.83,386.02,1
3221,2024-12-31,Sport,96.93,6,28,M,Toulouse,Google_Ads,3.2,104,Printemps,573.72,543.02,1
3222,2024-12-31,Électronique,887.79,1,37,M,Marseille,Instagram,2.6,197,Printemps,904.4,884.88,1
3223,2024-12-31,Électronique,754.14,4,47,F,Nice,Google_Ads,4.5,142,Printemps,2827.11,2771.38,1
3224,2024-12-31,Sport,156.89,2,39,M,Paris,Email,4.5,143,Printemps,297.76,265.08,0
3225,2024-12-31,Mode,75.28,4,33,M,Nantes,Email,4.5,52,Printemps,304.04,298.56,0
3226,2024-12-31,Maison,102.13,1,46,M,Nice,Google_Ads,4.3,114,Printemps,106.16,104.96,0
3227,2024-12-31,Mode,72.66,3,23,F,Nantes,Facebook,4.8,72,Printemps,215.16,186.42,0
3228,2024-12-31,Électronique,708.36,2,32,M,Nantes,Facebook,5.0,91,Printemps,1397.65,1308.28,1
3229,2024-12-31,Maison,79.7,1,32,F,Lyon,SEO,1.7,60,Printemps,75.81,69.4,0
3230,2024-12-31,Mode,58.87,1,20,M,Paris,SEO,1.2,43,Printemps,61.2,55.71,0
3231,2024-12-31,Électronique,256.48,5,29,F,Toulouse,Facebook,5.0,113,Printemps,1155.56,1104.4,1
3232,2024-12-31,Mode,74.65,1,18,F,Toulouse,SEO,2.3,95,Printemps,74.84,65.07,0
3233,2024-12-31,Sport,148.0,1,57,M,Lyon,Facebook,2.6,133,Printemps,133.3,129.7,1
3234,2024-12-31,Maison,64.44,1,23,F,Lille,Facebook,3.5,165,Printemps,65.64,56.06,0
3235,2024-12-31,Électronique,680.84,1,54,F,Lyon,Facebook,2.0,106,Printemps,616.97,577.94,1
3236,2024-12-31,Mode,123.42,1,35,M,Nantes,SEO,3.4,46,Printemps,134.28,118.68,0
3237,2024-12-31,Maison,102.65,2,41,M,Bordeaux,SEO,2.8,60,Printemps,204.39,194.19,1
3238,2024-12-31,Sport,130.94,4,29,F,Paris,SEO,3.5,92,Printemps,543.03,504.37,1
3239,2024-12-31,Maison,235.52,1,37,F,Paris,SEO,4.1,169,Printemps,252.17,252.16,1
3240,2024-12-31,Électronique,874.54,1,42,F,Toulouse,Direct,3.4,110,Printemps,828.26,811.16,1
3241,2024-12-31,Maison,102.29,4,42,F,Toulouse,Instagram,3.4,148,Printemps,412.43,371.39,1
3242,2024-12-31,Maison,78.06,1,44,M,Lyon,Instagram,4.1,194,Printemps,83.73,77.81,1
3243,2024-12-31,Électronique,325.09,2,30,M,Bordeaux,SEO,4.9,198,Printemps,655.09,588.06,1
3244,2024-12-31,Mode,100.95,1,29,F,Bordeaux,Facebook,5.0,65,Printemps,98.78,94.76,0
3245,2024-12-31,Mode,103.26,5,18,M,Nice,Google_Ads,3.6,50,Printemps,502.77,459.21,0
3246,2024-12-31,Maison,181.36,7,41,M,Lyon,SEO,5.0,139,Printemps,1240.11,1075.57,1
3247,2024-12-31,Électronique,451.85,2,47,M,Marseille,Email,4.8,173,Printemps,924.57,877.53,1
3248,2024-12-31,Maison,90.56,3,54,M,Lille,Google_Ads,2.4,37,Printemps,246.99,210.35,0
3249,2024-12-31,Livres,24.68,1,38,F,Lyon,Instagram,2.4,75,Printemps,24.26,21.71,0
3250,2024-12-31,Sport,104.17,1,25,F,Nice,Facebook,3.2,147,Printemps,105.43,103.96,0
3251,2024-12-31,Livres,28.68,2,18,F,Nice,Facebook,5.0,61,Printemps,60.64,52.4,0
3252,2024-12-31,Livres,20.92,2,47,F,Nantes,Instagram,3.2,97,Printemps,42.08,38.96,0
3253,2024-12-31,Électronique,453.58,2,18,F,Bordeaux,Google_Ads,1.7,94,Printemps,984.49,954.23,1
3254,2024-12-31,Maison,112.83,2,30,M,Lille,SEO,3.5,38,Printemps,223.11,219.92,0
3255,2024-12-31,Mode,53.12,1,32,F,Lyon,Instagram,1.6,111,Printemps,54.72,51.11,0
3256,2024-12-31,Sport,76.38,2,34,M,Lille,Instagram,2.6,136,Printemps,138.03,120.49,0
3257,2024-12-31,Mode,41.75,1,35,F,Marseille,Facebook,3.2,93,Printemps,39.56,39.21,0
3258,2024-12-31,Livres,18.37,1,36,F,Nice,Email,4.0,38,Printemps,19.52,18.79,0
3259,2024-12-31,Maison,66.58,3,18,F,Bordeaux,Instagram,4.9,77,Printemps,203.19,184.77,0
3260,2024-12-31,Sport,66.27,1,35,F,Marseille,SEO,4.6,175,Printemps,72.18,64.35,0
3261,2024-12-31,Électronique,729.07,3,18,M,Toulouse,Facebook,2.5,52,Printemps,2297.83,1969.6,1
3262,2024-12-31,Électronique,444.69,1,43,F,Marseille,SEO,3.4,174,Printemps,440.21,386.82,0
3263,2024-12-31,Sport,127.7,5,28,F,Bordeaux,SEO,3.9,89,Printemps,674.09,651.61,1
3264,2024-12-31,Électronique,708.9,1,18,M,Toulouse,Instagram,3.5,138,Printemps,704.33,610.16,1
3265,2024-12-31,Sport,116.6,4,25,F,Nantes,Instagram,3.5,51,Printemps,450.56,391.72,1
3266,2024-12-31,Électronique,872.12,1,28,F,Marseille,Instagram,1.9,183,Printemps,793.12,697.46,1
3267,2024-12-31,Maison,63.86,2,49,F,Lyon,Instagram,2.5,58,Printemps,137.06,124.63,0
3268,2024-12-31,Mode,104.52,3,37,F,Lyon,SEO,3.4,80,Printemps,308.47,270.95,0
3269,2024-12-31,Maison,232.58,3,39,F,Lille,Facebook,1.0,59,Printemps,723.59,713.2,1
3270,2024-12-31,Maison,215.21,2,49,F,Lyon,SEO,4.5,30,Printemps,400.55,355.95,1
3271,2024-12-31,Mode,48.87,2,33,M,Lyon,Direct,2.3,74,Printemps,104.17,102.91,0
3272,2024-12-31,Électronique,445.6,3,44,M,Toulouse,Instagram,4.6,62,Printemps,1423.49,1420.28,1
3273,2024-12-31,Électronique,341.4,4,43,F,Nice,Google_Ads,4.5,106,Printemps,1360.74,1310.7,1
3274,2024-12-31,Maison,168.24,1,19,F,Toulouse,Google_Ads,3.2,107,Printemps,174.03,148.12,0
3275,2024-12-31,Mode,101.94,1,52,F,Lille,Instagram,4.9,66,Printemps,102.38,90.71,0
3276,2024-12-31,Maison,117.07,2,18,M,Paris,Google_Ads,4.6,66,Printemps,236.59,210.59,0
3277,2024-12-31,Mode,85.1,1,46,F,Bordeaux,Google_Ads,3.5,63,Printemps,91.72,85.43,0
3278,2024-12-31,Mode,99.86,2,18,M,Lyon,Instagram,3.3,98,Printemps,218.38,190.81,0
3279,2024-12-31,Mode,73.58,3,42,M,Lille,Direct,5.0,86,Printemps,214.89,185.15,0
3280,2024-12-31,Électronique,801.46,3,57,F,Nice,SEO,4.1,63,Printemps,2323.47,2036.41,1
3281,2024-12-31,Mode,107.73,1,32,M,Marseille,Instagram,4.9,83,Printemps,103.5,93.06,0
3282,2024-12-31,Livres,10.75,2,31,F,Marseille,Google_Ads,1.2,122,Printemps,22.66,19.42,0
3283,2024-12-31,Sport,121.69,1,42,F,Toulouse,SEO,3.9,100,Printemps,127.12,111.78,0
3284,2024-12-31,Mode,55.44,1,31,F,Nantes,Google_Ads,2.1,60,Printemps,50.39,44.09,0
3285,2024-12-31,Maison,160.35,1,56,F,Lyon,Email,3.8,184,Printemps,147.15,142.13,0
3286,2024-12-31,Sport,164.5,1,37,M,Bordeaux,Direct,4.6,131,Printemps,169.31,148.22,0
3287,2024-12-31,Mode,118.21,6,31,M,Lille,Facebook,5.0,43,Printemps,677.33,656.15,1
3288,2024-12-31,Électronique,498.05,1,28,F,Toulouse,Direct,2.8,126,Printemps,457.37,423.62,1
3289,2024-12-31,Électronique,421.77,4,23,M,Nantes,Instagram,3.2,219,Printemps,1657.96,1597.74,1
3290,2024-12-31,Mode,55.35,2,27,F,Nantes,Instagram,3.7,143,Printemps,119.07,109.25,0
3291,2024-12-31,Livres,23.38,3,30,F,Lille,Facebook,2.7,60,Printemps,68.26,67.25,0
3292,2024-12-31,Maison,80.56,3,29,F,Toulouse,Facebook,4.9,97,Printemps,251.15,223.9,0
3293,2024-12-31,Électronique,595.76,2,27,M,Toulouse,Facebook,3.7,37,Printemps,1286.98,1241.96,1
3294,2024-12-31,Électronique,225.9,3,60,M,Lille,Facebook,3.9,136,Printemps,632.88,553.46,1
3295,2024-12-31,Sport,83.79,1,22,M,Nice,Instagram,4.5,88,Printemps,85.63,84.12,0
3296,2024-12-31,Sport,70.54,3,36,M,Nice,Facebook,3.7,64,Printemps,228.88,195.52,0
3297,2024-12-31,Maison,234.82,1,42,F,Lille,Direct,2.9,78,Printemps,220.42,202.48,0
3298,2024-12-31,Maison,190.9,4,42,F,Lille,Facebook,3.7,39,Printemps,838.25,765.48,1
3299,2024-12-31,Électronique,461.02,2,34,F,Bordeaux,Instagram,2.9,38,Printemps,897.15,846.53,1
3300,2024-12-31,Sport,54.34,1,32,M,Lille,Google_Ads,3.9,48,Printemps,51.27,46.97,1
3301,2024-12-31,Sport,108.39,1,40,F,Toulouse,Instagram,4.9,32,Printemps,115.72,108.58,0
3302,2024-12-31,Mode,53.31,2,38,M,Bordeaux,Google_Ads,2.5,60,Printemps,105.94,103.74,0
3303,2024-12-31,Maison,156.56,1,31,F,Bordeaux,SEO,2.1,46,Printemps,161.9,141.07,0
3304,2024-12-31,Électronique,788.87,1,18,F,Bordeaux,Instagram,3.9,167,Printemps,787.23,697.98,1
3305,2024-12-31,Électronique,640.66,1,29,F,Marseille,SEO,3.0,48,Printemps,659.05,639.56,1
3306,2024-12-31,Électronique,652.81,1,21,M,Paris,SEO,3.8,127,Printemps,592.14,523.58,1
3307,2024-12-31,Électronique,590.2,1,26,F,Nantes,Google_Ads,4.2,61,Printemps,572.51,564.41,1
3308,2024-12-31,Mode,122.91,1,35,F,Lyon,Instagram,1.4,79,Printemps,126.78,118.04,0
3309,2024-12-31,Mode,123.36,2,39,F,Marseille,Email,4.6,203,Printemps,239.36,206.39,0
3310,2024-12-31,Mode,82.49,1,56,M,Toulouse,Facebook,2.5,42,Printemps,87.04,74.25,0
3311,2024-12-31,Mode,62.31,3,28,M,Paris,Instagram,3.8,206,Printemps,204.17,196.9,1
3312,2024-12-31,Mode,77.31,2,44,M,Nantes,Google_Ads,3.1,130,Printemps,140.31,137.29,0
3313,2024-12-31,Électronique,350.93,3,38,F,Nice,Facebook,3.2,107,Printemps,1127.59,999.03,1
3314,2024-12-31,Maison,174.54,1,50,M,Marseille,Google_Ads,5.0,110,Printemps,162.99,144.43,0
3315,2024-12-31,Mode,81.26,3,41,M,Nantes,Facebook,4.2,92,Printemps,264.12,262.31,0
3316,2024-12-31,Mode,42.57,2,22,F,Bordeaux,SEO,4.8,170,Printemps,92.75,87.97,0
3317,2024-12-31,Sport,67.7,3,18,F,Bordeaux,Google_Ads,4.0,91,Printemps,205.91,180.2,1
3318,2024-12-31,Maison,146.33,2,38,F,Lille,Instagram,4.5,84,Printemps,291.44,267.33,0
3319,2024-12-31,Sport,155.67,1,28,F,Toulouse,Facebook,4.3,136,Printemps,163.72,161.52,0
3320,2024-12-31,Mode,87.72,2,23,M,Bordeaux,Email,4.1,60,Printemps,190.11,179.31,0
3321,2024-12-31,Électronique,685.04,2,19,M,Marseille,Instagram,5.0,269,Printemps,1296.76,1181.5,1
3322,2024-12-31,Maison,121.03,4,36,M,Nantes,Facebook,4.0,114,Printemps,472.72,412.52,0
3323,2024-12-31,Électronique,610.7,1,53,F,Lyon,Instagram,5.0,92,Printemps,600.63,575.94,1
3324,2024-12-31,Mode,76.12,2,30,M,Toulouse,SEO,4.9,90,Printemps,162.77,145.1,0
3325,2024-12-31,Électronique,669.91,1,42,F,Nice,Facebook,2.5,68,Printemps,621.27,580.81,1
3326,2024-12-31,Sport,48.95,1,33,F,Nice,Facebook,3.6,119,Printemps,50.15,47.14,0
3327,2024-12-31,Électronique,557.98,1,19,M,Nantes,Instagram,4.2,105,Printemps,541.34,505.25,0
3328,2024-12-31,Livres,16.99,1,43,F,Bordeaux,Instagram,3.8,87,Printemps,18.3,16.23,0
3329,2024-12-31,Sport,84.09,2,21,M,Nice,Google_Ads,4.6,190,Printemps,162.79,155.67,1
3330,2024-12-31,Mode,126.19,1,35,M,Nantes,SEO,4.7,212,Printemps,138.25,129.25,0
3331,2024-12-31,Maison,92.89,1,30,M,Paris,Instagram,2.3,43,Printemps,83.89,76.38,0
3332,2024-12-31,Maison,116.02,1,45,F,Nantes,Google_Ads,5.0,90,Printemps,109.98,94.34,0
3333,2024-12-31,Sport,107.51,2,22,M,Marseille,Email,3.3,69,Printemps,213.19,191.8,0
3334,2024-12-31,Mode,116.65,1,39,M,Paris,Instagram,3.1,63,Printemps,110.96,100.18,0
3335,2024-12-31,Sport,95.63,1,24,M,Toulouse,Email,3.1,67,Printemps,100.17,97.03,0
3336,2024-12-31,Mode,105.03,1,28,M,Lille,SEO,4.7,56,Printemps,111.63,103.49,1
3337,2024-12-31,Livres,32.12,1,18,M,Lille,Instagram,3.5,137,Printemps,33.39,33.05,0
3338,2024-12-31,Mode,62.73,1,60,F,Nantes,Google_Ads,3.1,76,Printemps,68.63,66.06,0
3339,2024-12-31,Mode,70.79,1,41,M,Lyon,Email,3.3,92,Printemps,70.17,65.31,0
3340,2024-12-31,Sport,87.96,2,25,M,Marseille,Instagram,1.8,116,Printemps,192.8,168.77,0
3341,2024-12-31,Sport,148.69,1,21,M,Lyon,SEO,2.9,46,Printemps,137.53,121.46,0
3342,2024-12-31,Maison,67.98,1,29,M,Paris,SEO,2.4,88,Printemps,72.69,63.53,0
3343,2024-12-31,Électronique,433.18,3,43,F,Lyon,Instagram,3.5,43,Printemps,1179.59,1081.01,1
3344,2024-12-31,Mode,98.74,1,18,F,Toulouse,Google_Ads,4.5,47,Printemps,99.37,95.24,0
3345,2024-12-31,Livres,24.27,1,33,M,Paris,Facebook,4.4,96,Printemps,24.19,23.32,0
3346,2024-12-31,Sport,98.13,3,56,F,Toulouse,Facebook,5.0,98,Printemps,315.36,272.6,1
3347,2024-12-31,Sport,111.34,2,21,F,Nice,Facebook,4.9,56,Printemps,231.63,214.11,0
3348,2024-12-31,Électronique,358.37,1,35,F,Lyon,Email,3.2,156,Printemps,354.14,326.6,0
3349,2024-12-31,Mode,74.49,3,61,F,Lille,SEO,3.8,31,Printemps,241.17,220.87,0
3350,2024-12-31,Maison,150.31,3,42,M,Marseille,Google_Ads,3.8,50,Printemps,485.72,434.81,1
3351,2024-12-31,Sport,157.4,2,36,M,Lyon,Email,1.4,56,Printemps,284.88,262.48,0
3352,2024-12-31,Électronique,401.06,1,41,F,Nantes,Instagram,2.5,55,Printemps,430.82,399.59,0
3353,2024-12-31,Sport,153.15,1,30,F,Toulouse,Google_Ads,3.6,46,Printemps,153.96,144.72,0
3354,2024-12-31,Mode,95.31,1,50,F,Paris,Google_Ads,3.6,268,Printemps,101.78,92.27,0
3355,2024-12-31,Électronique,238.73,2,30,F,Toulouse,SEO,4.4,153,Printemps,447.03,443.35,1
3356,2024-12-31,Mode,103.15,5,18,F,Nantes,Instagram,4.3,83,Printemps,479.77,432.19,0
3357,2024-12-31,Mode,35.97,1,30,M,Marseille,Facebook,1.9,145,Printemps,37.56,36.97,0
3358,2024-12-31,Mode,129.74,1,23,F,Nice,Facebook,4.4,170,Printemps,123.92,120.22,0
3359,2024-12-31,Électronique,814.03,1,31,M,Nantes,Facebook,4.0,64,Printemps,823.61,757.55,1
3360,2024-12-31,Électronique,425.71,1,31,M,Lille,Instagram,4.5,88,Printemps,441.78,408.4,0
3361,2024-12-31,Sport,75.32,1,49,M,Nice,Google_Ads,5.0,100,Printemps,76.98,75.48,0
3362,2024-12-31,Électronique,482.47,1,43,F,Toulouse,Instagram,3.6,139,Printemps,501.67,463.5,1
3363,2024-12-31,Électronique,465.41,1,38,M,Lille,Instagram,5.0,131,Printemps,476.62,453.69,1
3364,2024-12-31,Mode,68.8,1,34,F,Bordeaux,Instagram,2.8,75,Printemps,67.14,65.22,0
3365,2024-12-31,Mode,63.53,1,22,F,Marseille,Google_Ads,2.8,59,Printemps,58.33,57.52,0
3366,2024-12-31,Sport,121.69,2,18,F,Nice,SEO,4.3,91,Printemps,260.69,230.11,0
3367,2024-12-31,Mode,48.52,1,36,M,Lyon,Instagram,3.4,45,Printemps,51.87,51.68,0
3368,2024-12-31,Sport,150.36,3,44,F,Lille,Instagram,4.1,56,Printemps,406.49,404.38,1
3369,2024-12-31,Maison,206.23,1,33,F,Nice,SEO,5.0,87,Printemps,220.29,197.07,0
3370,2024-12-31,Électronique,546.63,3,28,M,Lyon,Instagram,4.2,88,Printemps,1525.41,1437.03,1
3371,2024-12-31,Électronique,800.59,3,40,M,Toulouse,Facebook,4.0,232,Printemps,2321.49,1989.61,1
3372,2024-12-31,Mode,56.6,1,34,M,Lyon,Google_Ads,2.8,51,Printemps,55.62,48.67,0
3373,2024-12-31,Mode,34.21,3,55,F,Toulouse,Google_Ads,1.9,27,Printemps,106.33,99.69,0
3374,2024-12-31,Maison,171.46,2,49,F,Paris,Facebook,3.7,67,Printemps,314.96,298.43,0
3375,2024-12-31,Maison,142.42,1,46,F,Nantes,SEO,5.0,68,Printemps,151.73,141.14,0
3376,2024-12-31,Mode,87.8,2,44,M,Lyon,Direct,3.4,74,Printemps,191.15,182.68,0
3377,2024-12-31,Électronique,832.05,1,19,M,Toulouse,SEO,4.2,73,Printemps,907.39,879.2,1
3378,2024-12-31,Électronique,879.7,2,42,M,Bordeaux,Google_Ads,5.0,93,Printemps,1615.78,1414.24,1
3379,2024-12-31,Maison,174.2,2,39,F,Marseille,Email,5.0,157,Printemps,377.63,358.35,0
3380,2024-12-31,Mode,107.0,1,42,M,Nice,Google_Ads,4.3,103,Printemps,108.45,101.33,0
3381,2024-12-31,Mode,40.67,2,40,M,Marseille,Instagram,4.0,62,Printemps,85.03,73.78,0
3382,2024-12-31,Électronique,333.48,1,40,M,Paris,Instagram,2.1,27,Printemps,362.2,320.29,1
3383,2024-12-31,Maison,191.98,1,67,M,Bordeaux,SEO,3.1,111,Printemps,198.16,180.91,0
3384,2024-12-31,Sport,97.5,2,34,F,Nantes,Facebook,3.5,141,Printemps,193.31,189.36,0
3385,2024-12-31,Mode,75.98,1,46,F,Bordeaux,Facebook,2.9,64,Printemps,76.36,67.39,0
3386,2024-12-31,Mode,62.59,2,29,F,Toulouse,Google_Ads,4.1,218,Printemps,129.8,113.89,0
3387,2024-12-31,Livres,25.4,3,44,M,Marseille,SEO,5.0,129,Printemps,82.97,79.5,0
3388,2024-12-31,Mode,50.55,3,46,M,Bordeaux,Google_Ads,5.0,107,Printemps,163.48,162.89,0
3389,2024-12-31,Maison,172.84,3,39,F,Nantes,Google_Ads,4.1,83,Printemps,526.53,482.88,1
3390,2024-12-31,Électronique,342.31,1,55,F,Lille,SEO,4.7,159,Printemps,322.53,291.09,0
3391,2024-12-31,Maison,71.49,2,24,F,Lyon,Instagram,3.0,189,Printemps,138.59,123.08,0
3392,2024-12-31,Électronique,447.99,1,29,M,Nice,Facebook,5.0,219,Printemps,435.61,373.52,1
3393,2024-12-31,Livres,15.24,3,37,F,Toulouse,Facebook,2.1,75,Printemps,43.79,38.4,0
3394,2024-12-31,Maison,220.02,1,45,F,Lyon,SEO,4.8,214,Printemps,230.88,199.48,1
3395,2024-12-31,Sport,49.51,1,37,F,Marseille,SEO,4.3,62,Printemps,52.83,48.82,0
3396,2024-12-31,Maison,91.79,1,50,F,Marseille,Google_Ads,3.0,124,Printemps,88.48,88.19,0
3397,2024-12-31,Maison,158.77,2,27,M,Nantes,SEO,3.6,55,Printemps,339.52,328.69,0
3398,2024-12-31,Mode,79.4,2,21,M,Bordeaux,SEO,2.6,111,Printemps,166.25,156.32,1
3399,2024-12-31,Sport,48.35,1,38,F,Nantes,Google_Ads,2.6,111,Printemps,47.78,44.1,0
3400,2024-12-31,Livres,9.2,1,34,M,Paris,Facebook,2.0,58,Printemps,9.56,9.01,0
3401,2024-12-31,Mode,128.84,1,41,F,Marseille,Facebook,4.6,65,Printemps,135.78,123.07,1
3402,2024-12-31,Livres,26.79,2,34,M,Toulouse,Facebook,5.0,205,Printemps,54.23,47.55,1
3403,2024-12-31,Maison,125.77,1,30,F,Nice,Facebook,1.4,38,Printemps,124.34,116.69,0
3404,2024-12-31,Mode,78.37,1,34,F,Toulouse,Facebook,5.0,47,Printemps,72.12,67.02,0
3405,2024-12-31,Mode,58.49,1,35,F,Marseille,Direct,3.8,112,Printemps,52.66,52.22,0
3406,2024-12-31,Électronique,457.79,3,31,F,Marseille,Instagram,4.1,90,Printemps,1493.47,1415.03,1
3407,2024-12-31,Électronique,663.11,3,32,F,Nantes,Instagram,2.2,94,Printemps,1896.81,1832.34,1
3408,2024-12-31,Électronique,820.9,3,30,M,Toulouse,SEO,5.0,69,Printemps,2542.97,2196.89,1
3409,2024-12-31,Mode,50.45,2,45,M,Nantes,Google_Ads,4.0,67,Printemps,109.85,105.91,0
3410,2024-12-31,Mode,114.44,2,37,F,Bordeaux,Facebook,5.0,99,Printemps,243.44,242.81,0
3411,2024-12-31,Mode,44.35,2,62,M,Lille,SEO,5.0,100,Printemps,82.01,77.79,0
3412,2024-12-31,Livres,14.8,2,36,M,Marseille,Instagram,5.0,96,Printemps,31.4,30.18,0
3413,2024-12-31,Mode,36.12,3,28,M,Lille,SEO,3.1,189,Printemps,113.28,112.93,0
3414,2024-12-31,Mode,46.23,2,67,M,Nantes,Instagram,3.6,208,Printemps,89.3,81.15,0
3415,2024-12-31,Électronique,844.18,1,39,M,Nice,Direct,3.1,44,Printemps,876.19,853.08,1
3416,2024-12-31,Électronique,535.12,3,46,F,Bordeaux,Google_Ads,4.8,122,Printemps,1710.0,1556.02,1
3417,2024-12-31,Sport,52.4,3,42,F,Nantes,SEO,4.2,54,Printemps,150.65,137.68,0
3418,2024-12-31,Maison,232.75,2,42,F,Paris,Instagram,5.0,263,Printemps,499.86,474.23,1
3419,2024-12-31,Sport,154.57,1,41,F,Toulouse,SEO,5.0,74,Printemps,141.55,125.76,0
3420,2024-12-31,Électronique,734.41,2,21,M,Lyon,Google_Ads,1.9,63,Printemps,1476.89,1475.29,1
3421,2024-12-31,Maison,228.03,1,39,F,Lyon,Facebook,5.0,161,Printemps,215.86,194.14,1
3422,2024-12-31,Mode,53.96,4,19,F,Nantes,Direct,4.8,60,Printemps,225.69,196.0,0
3423,2024-12-31,Électronique,789.55,2,32,F,Lyon,Google_Ads,3.4,40,Printemps,1476.41,1326.39,1
3424,2024-12-31,Électronique,690.74,3,26,F,Lyon,Facebook,4.2,56,Printemps,2006.52,1963.17,1
3425,2024-12-31,Électronique,812.09,3,39,M,Bordeaux,Google_Ads,3.7,158,Printemps,2254.71,2022.67,1
3426,2024-12-31,Mode,110.2,1,39,F,Lyon,Google_Ads,4.5,78,Printemps,117.07,110.25,0
3427,2024-12-31,Électronique,458.88,3,40,M,Bordeaux,Instagram,3.4,147,Printemps,1275.41,1263.03,1
3428,2024-12-31,Livres,29.91,1,38,F,Paris,Facebook,4.3,95,Printemps,31.24,27.78,0
3429,2024-12-31,Mode,58.09,4,27,M,Marseille,Facebook,3.9,38,Printemps,241.99,210.46,0
3430,2024-12-31,Électronique,446.8,1,31,M,Nice,Facebook,3.3,59,Printemps,414.84,358.64,1
3431,2024-12-31,Électronique,297.84,1,46,M,Marseille,SEO,4.0,107,Printemps,301.77,276.44,0
3432,2024-12-31,Maison,228.31,2,47,M,Marseille,Instagram,5.0,33,Printemps,456.34,395.03,0
3433,2024-12-31,Électronique,421.43,2,21,F,Toulouse,Instagram,3.0,107,Printemps,858.79,788.43,1
3434,2024-12-31,Sport,108.88,2,18,M,Bordeaux,SEO,3.5,41,Printemps,236.8,231.92,0
3435,2024-12-31,Livres,19.57,1,26,M,Bordeaux,Email,3.1,60,Printemps,17.92,17.33,0
3436,2024-12-31,Électronique,872.95,1,47,M,Bordeaux,Google_Ads,3.2,192,Printemps,928.91,870.62,1
3437,2024-12-31,Mode,65.17,3,49,M,Paris,Google_Ads,4.7,223,Printemps,209.66,204.96,0
3438,2024-12-31,Électronique,750.52,4,23,M,Nice,Facebook,4.6,131,Printemps,2777.68,2402.81,1
3439,2024-12-31,Maison,213.97,1,38,M,Lille,Google_Ads,3.8,98,Printemps,220.66,207.73,0
3440,2024-12-31,Mode,74.97,3,57,F,Bordeaux,Direct,4.9,73,Printemps,234.01,202.97,0
3441,2024-12-31,Mode,69.37,1,39,F,Bordeaux,Instagram,4.7,40,Printemps,70.05,64.61,0
3442,2024-12-31,Électronique,729.73,1,52,M,Marseille,Google_Ads,3.6,89,Printemps,730.16,671.39,1
3443,2024-12-31,Maison,224.32,2,46,F,Nantes,Instagram,2.1,64,Printemps,432.3,384.65,1
3444,2024-12-31,Mode,106.11,1,24,M,Toulouse,Email,4.7,75,Printemps,110.12,107.31,0
3445,2024-12-31,Électronique,378.31,3,32,F,Nice,Email,4.0,179,Printemps,1086.25,960.5,1
3446,2024-12-31,Maison,219.9,3,35,F,Lyon,Email,3.8,54,Printemps,654.41,610.42,1
3447,2024-12-31,Maison,129.76,3,36,M,Lyon,SEO,3.3,304,Printemps,417.12,384.72,0
3448,2024-12-31,Sport,115.97,2,45,M,Paris,Instagram,4.6,153,Printemps,212.9,194.75,0
3449,2024-12-31,Électronique,786.22,3,39,M,Lyon,SEO,4.2,79,Printemps,2372.04,2028.17,1
3450,2024-12-31,Sport,66.52,3,18,F,Lille,Facebook,3.5,33,Printemps,199.01,189.95,0
3451,2024-12-31,Maison,201.21,1,19,F,Marseille,Facebook,2.5,122,Printemps,196.32,167.25,0
3452,2024-12-31,Électronique,627.41,2,18,F,Paris,Instagram,5.0,316,Printemps,1279.3,1244.86,1
3453,2024-12-31,Maison,220.8,4,37,F,Nice,Google_Ads,4.5,402,Printemps,797.65,709.87,1
3454,2024-12-31,Mode,49.27,5,37,F,Lyon,Instagram,4.1,57,Printemps,245.96,213.5,0
3455,2024-12-31,Livres,20.36,2,38,M,Nice,Email,1.0,108,Printemps,40.6,37.05,0
3456,2024-12-31,Électronique,787.17,1,23,F,Lyon,SEO,3.8,46,Printemps,789.71,737.51,1
3457,2024-12-31,Maison,63.46,1,43,M,Nantes,Instagram,3.5,33,Printemps,59.81,53.62,0
3458,2024-12-31,Mode,43.44,1,43,F,Marseille,Facebook,3.1,162,Printemps,40.9,35.51,0
3459,2024-12-31,Livres,35.75,8,19,F,Paris,Facebook,4.6,71,Printemps,294.38,251.03,0
3460,2024-12-31,Mode,59.84,5,18,F,Marseille,SEO,4.6,82,Printemps,274.82,262.61,0
3461,2024-12-31,Livres,35.34,2,34,M,Paris,Google_Ads,4.3,79,Printemps,67.94,66.78,0
3462,2024-12-31,Livres,13.93,2,56,F,Toulouse,Facebook,4.9,27,Printemps,29.7,25.69,0
3463,2024-12-31,Mode,67.71,1,55,F,Toulouse,Email,2.7,68,Printemps,62.34,55.15,0
3464,2024-12-31,Sport,138.49,2,41,M,Lyon,Email,3.3,186,Printemps,275.21,234.77,1
3465,2024-12-31,Livres,26.76,1,26,M,Marseille,Facebook,3.9,71,Printemps,27.66,27.19,0
3466,2024-12-31,Mode,89.16,4,45,M,Marseille,Email,3.1,96,Printemps,331.08,303.5,0
3467,2024-12-31,Mode,84.17,3,29,M,Lille,Google_Ads,4.6,40,Printemps,243.03,240.3,0
3468,2024-12-31,Mode,114.74,2,25,F,Toulouse,Direct,3.2,130,Printemps,232.17,213.64,0
3469,2024-12-31,Mode,55.41,1,18,M,Nantes,Email,5.0,75,Printemps,53.49,52.39,0
3470,2024-12-31,Électronique,523.67,1,36,M,Marseille,Google_Ads,2.8,48,Printemps,482.82,479.32,1
3471,2024-12-31,Électronique,329.93,1,27,M,Nice,Facebook,5.0,58,Printemps,312.27,281.13,1
3472,2024-12-31,Mode,90.6,2,36,M,Nice,Instagram,5.0,302,Printemps,167.05,158.05,0
3473,2024-12-31,Mode,56.93,2,18,F,Paris,Email,3.7,29,Printemps,124.87,118.62,0
3474,2024-12-31,Électronique,450.34,2,37,F,Lille,Google_Ads,5.0,139,Printemps,853.07,727.85,1
3475,2024-12-31,Sport,102.58,1,18,M,Nice,Instagram,3.4,31,Printemps,103.21,94.51,0
3476,2024-12-31,Maison,64.82,4,48,M,Marseille,Instagram,4.9,139,Printemps,255.57,250.02,0
3477,2024-12-31,Électronique,287.06,3,41,F,Marseille,Google_Ads,3.6,56,Printemps,873.15,866.11,1
3478,2024-12-31,Maison,183.47,1,31,F,Lille,Facebook,2.4,109,Printemps,183.4,180.62,0
3479,2024-12-31,Maison,137.21,1,41,M,Lyon,SEO,1.0,61,Printemps,143.45,142.87,0
3480,2024-12-31,Livres,32.35,1,23,F,Marseille,SEO,3.5,103,Printemps,34.76,32.95,0
3481,2024-12-31,Électronique,693.9,1,35,F,Bordeaux,Google_Ads,4.1,99,Printemps,664.11,587.68,1
3482,2024-12-31,Électronique,230.47,2,44,F,Nantes,Instagram,5.0,106,Printemps,431.77,404.27,1
3483,2024-12-31,Livres,25.65,4,18,M,Lyon,Facebook,3.8,34,Printemps,112.54,102.77,0
3484,2024-12-31,Livres,11.53,4,29,M,Marseille,Google_Ads,4.9,57,Printemps,49.5,43.99,0
3485,2024-12-31,Maison,200.57,1,34,F,Lyon,Google_Ads,3.3,140,Printemps,195.11,188.46,1
3486,2024-12-31,Sport,168.92,2,32,M,Paris,SEO,3.4,62,Printemps,364.51,344.23,1
3487,2024-12-31,Électronique,583.56,1,52,F,Lyon,SEO,5.0,90,Printemps,603.46,584.46,1
3488,2024-12-31,Mode,99.07,1,21,F,Lille,Facebook,1.1,37,Printemps,97.83,87.11,0
3489,2024-12-31,Électronique,385.19,3,27,M,Marseille,Google_Ads,3.8,55,Printemps,1241.86,1223.96,1
3490,2024-12-31,Électronique,520.38,3,18,F,Lyon,SEO,3.4,235,Printemps,1615.86,1431.34,1
3491,2024-12-31,Sport,151.65,2,53,F,Nice,Instagram,5.0,225,Printemps,323.11,303.81,1
3492,2024-12-31,Électronique,338.01,2,32,M,Bordeaux,Email,3.2,119,Printemps,664.9,570.84,1
3493,2024-12-31,Mode,58.39,2,29,F,Paris,Email,4.4,141,Printemps,123.76,115.23,0
3494,2024-12-31,Livres,21.03,5,34,F,Paris,Facebook,4.8,119,Printemps,102.34,88.5,0
3495,2024-12-31,Électronique,705.77,1,42,M,Toulouse,SEO,2.2,76,Printemps,738.95,664.93,1
3496,2024-12-31,Livres,19.15,1,39,M,Lyon,Instagram,3.6,249,Printemps,18.9,18.51,0
3497,2024-12-31,Livres,34.05,3,66,F,Lille,Instagram,3.3,63,Printemps,100.21,98.61,0
3498,2024-12-31,Maison,77.0,4,40,F,Paris,Instagram,4.8,62,Printemps,326.28,314.89,0
3499,2024-12-31,Électronique,475.29,1,29,M,Toulouse,Facebook,4.5,75,Printemps,439.65,397.95,1
3500,2024-12-31,Mode,101.62,1,28,M,Lyon,Facebook,3.5,68,Printemps,110.33,103.35,0
3501,2024-12-31,Mode,54.53,2,30,F,Lyon,SEO,2.6,133,Printemps,109.26,96.54,0
3502,2024-12-31,Mode,96.5,5,18,M,Paris,Email,4.9,65,Printemps,495.63,471.72,1
3503,2024-12-31,Mode,48.51,4,35,M,Lyon,Facebook,3.7,87,Printemps,190.37,171.73,0
3504,2024-12-31,Livres,10.51,1,44,M,Lyon,Facebook,2.0,95,Printemps,10.82,9.55,0
3505,2024-12-31,Électronique,306.69,1,27,F,Nantes,Direct,2.1,82,Printemps,319.56,299.66,0
3506,2024-12-31,Maison,227.4,1,25,F,Bordeaux,Facebook,4.3,47,Printemps,244.16,211.63,0
3507,2024-12-31,Électronique,597.43,1,53,F,Lyon,Email,2.4,98,Printemps,639.78,609.71,1
3508,2024-12-31,Maison,203.34,3,18,F,Nice,Instagram,5.0,113,Printemps,592.68,520.4,1
3509,2024-12-31,Livres,17.98,1,18,M,Nantes,Instagram,2.8,113,Printemps,18.4,17.17,0
3510,2024-12-31,Mode,90.28,2,21,F,Nantes,Facebook,3.8,120,Printemps,190.7,173.32,0
3511,2024-12-31,Électronique,559.09,2,18,M,Lyon,Facebook,4.0,125,Printemps,1177.42,1100.81,1
3512,2024-12-31,Maison,230.23,1,39,F,Lille,Instagram,3.0,25,Printemps,248.23,220.16,0
3513,2024-12-31,Maison,194.56,1,30,M,Paris,Google_Ads,1.3,41,Printemps,207.48,186.02,0
3514,2024-12-31,Maison,191.5,1,32,F,Nice,SEO,4.0,162,Printemps,199.84,174.07,0
3515,2024-12-31,Mode,37.02,1,48,F,Nantes,Google_Ads,3.0,54,Printemps,38.86,37.56,0
3516,2024-12-31,Mode,86.09,2,26,F,Nice,Facebook,3.9,167,Printemps,182.77,157.28,1
3517,2024-12-31,Livres,21.61,1,44,M,Nantes,Google_Ads,3.7,69,Printemps,23.07,20.91,0
3518,2024-12-31,Livres,34.05,3,53,F,Toulouse,Facebook,4.1,64,Printemps,99.15,90.95,0
3519,2024-12-31,Mode,57.59,1,29,F,Nice,Direct,5.0,79,Printemps,60.84,53.49,0
3520,2024-12-31,Sport,76.9,3,43,F,Lille,Instagram,3.2,451,Printemps,251.44,228.24,1
3521,2024-12-31,Mode,72.61,3,32,M,Marseille,Direct,3.3,80,Printemps,206.19,188.19,0
3522,2024-12-31,Mode,56.23,2,46,M,Lille,SEO,2.0,118,Printemps,102.3,90.39,0
3523,2024-12-31,Électronique,312.2,2,18,M,Toulouse,Google_Ads,3.6,338,Printemps,571.0,540.1,1
3524,2024-12-31,Mode,116.1,1,18,M,Marseille,Facebook,4.3,122,Printemps,109.52,93.6,1
3525,2024-12-31,Mode,86.93,1,30,F,Marseille,Google_Ads,3.3,233,Printemps,94.23,82.89,0
3526,2024-12-31,Électronique,806.42,1,24,M,Nice,Google_Ads,4.3,164,Printemps,746.23,704.15,1
3527,2024-12-31,Mode,113.54,2,28,F,Nice,Google_Ads,3.6,124,Printemps,238.32,225.0,1
3528,2024-12-31,Sport,78.46,2,32,F,Lille,SEO,2.4,39,Printemps,168.44,149.88,0
3529,2024-12-31,Maison,158.59,1,43,M,Bordeaux,Google_Ads,4.1,78,Printemps,170.57,162.46,0
3530,2024-12-31,Maison,74.98,1,30,M,Lille,Instagram,3.6,114,Printemps,73.73,67.87,0
3531,2024-12-31,Livres,33.71,3,25,F,Nantes,SEO,3.9,63,Printemps,101.04,93.87,0
3532,2024-12-31,Électronique,497.88,3,30,F,Paris,Instagram,3.2,115,Printemps,1440.83,1296.59,1
3533,2024-12-31,Maison,130.86,2,25,M,Lille,Facebook,3.1,77,Printemps,243.26,242.69,0
3534,2024-12-31,Sport,81.1,2,23,M,Bordeaux,Google_Ads,4.0,55,Printemps,152.87,146.84,0
3535,2024-12-31,Mode,77.41,2,18,F,Lille,Instagram,3.5,137,Printemps,143.52,127.34,0
3536,2024-12-31,Mode,57.05,1,35,F,Bordeaux,SEO,5.0,121,Printemps,55.99,49.58,1
3537,2024-12-31,Électronique,478.03,1,28,M,Paris,Facebook,4.7,136,Printemps,446.51,431.38,1
3538,2024-12-31,Sport,144.49,3,46,M,Lyon,Direct,4.4,104,Printemps,425.1,386.08,1
3539,2024-12-31,Mode,113.84,3,18,M,Bordeaux,Facebook,3.6,67,Printemps,365.51,315.7,0
3540,2024-12-31,Sport,81.28,2,28,F,Bordeaux,Google_Ads,1.6,69,Printemps,167.59,143.35,0
3541,2024-12-31,Maison,144.42,2,56,F,Nantes,Facebook,2.9,59,Printemps,298.25,272.03,0
3542,2024-12-31,Maison,217.29,1,23,F,Bordeaux,Google_Ads,3.1,205,Printemps,230.84,210.57,0
3543,2024-12-31,Sport,49.22,2,32,M,Paris,Direct,3.5,107,Printemps,89.4,85.47,0
3544,2024-12-31,Maison,220.05,2,20,F,Marseille,Facebook,3.8,89,Printemps,466.01,436.29,1
3545,2024-12-31,Mode,53.87,2,18,F,Bordeaux,Instagram,4.5,84,Printemps,101.2,97.71,1
3546,2024-12-31,Mode,98.66,2,53,F,Toulouse,Email,4.1,54,Printemps,191.23,171.66,0
3547,2024-12-31,Sport,116.78,2,37,M,Paris,Direct,5.0,126,Printemps,224.58,211.93,1
3548,2024-12-31,Mode,86.41,3,36,F,Nantes,SEO,3.5,45,Printemps,238.79,234.7,0
3549,2024-12-31,Mode,116.29,4,18,M,Nice,Facebook,4.1,198,Printemps,434.8,374.1,1
3550,2024-12-31,Électronique,293.56,1,39,M,Toulouse,Google_Ads,4.2,141,Printemps,320.35,306.34,1
3551,2024-12-31,Livres,18.37,5,48,M,Nantes,Facebook,4.1,59,Printemps,93.69,89.7,0
3552,2024-12-31,Électronique,588.32,3,48,F,Lyon,Instagram,5.0,217,Printemps,1755.77,1701.53,1
3553,2024-12-31,Maison,206.03,1,43,M,Bordeaux,Google_Ads,4.7,90,Printemps,216.65,192.9,1
3554,2024-12-31,Mode,53.6,1,21,F,Marseille,Instagram,2.3,113,Printemps,56.97,51.98,0
3555,2024-12-31,Mode,110.79,1,38,F,Nice,Instagram,3.7,82,Printemps,102.15,90.5,0
3556,2024-12-31,Maison,131.93,1,43,M,Paris,Direct,3.8,84,Printemps,138.29,123.95,0
3557,2024-12-31,Électronique,352.52,2,18,F,Lyon,Facebook,5.0,183,Printemps,766.0,762.39,1
3558,2024-12-31,Maison,196.62,1,21,M,Marseille,Email,3.4,87,Printemps,199.98,183.35,0
3559,2024-12-31,Sport,54.09,2,45,F,Nice,Google_Ads,2.7,63,Printemps,110.65,108.14,0
3560,2024-12-31,Sport,108.13,1,45,F,Lyon,Google_Ads,4.3,65,Printemps,116.14,112.57,0
3561,2024-12-31,Électronique,268.12,1,18,M,Nice,Google_Ads,4.3,83,Printemps,277.74,254.6,1
3562,2024-12-31,Sport,87.94,1,44,F,Marseille,Instagram,3.7,263,Printemps,96.65,96.54,1
3563,2024-12-31,Maison,168.19,2,36,M,Lille,Facebook,3.6,106,Printemps,321.77,314.08,0
3564,2024-12-31,Sport,113.4,4,44,M,Lille,Facebook,4.8,60,Printemps,484.96,447.33,0
3565,2024-12-31,Mode,71.95,1,27,F,Lille,Facebook,2.9,98,Printemps,73.57,65.95,0
3566,2024-12-31,Mode,74.33,2,42,F,Nice,SEO,3.4,187,Printemps,144.67,124.61,0
3567,2024-12-31,Livres,15.12,5,45,F,Lyon,Instagram,3.2,186,Printemps,81.41,74.87,0
3568,2024-12-31,Sport,100.63,3,30,M,Lille,Instagram,5.0,129,Printemps,331.84,299.98,1
3569,2024-12-31,Mode,125.44,1,35,M,Paris,Facebook,4.1,158,Printemps,114.35,109.4,0
3570,2024-12-31,Mode,115.42,2,27,M,Paris,Direct,2.6,80,Printemps,250.48,213.65,0
3571,2024-12-31,Mode,46.66,1,54,F,Lille,Direct,2.7,70,Printemps,43.89,42.78,0
3572,2024-12-31,Mode,35.4,3,33,F,Marseille,Instagram,5.0,64,Printemps,99.95,91.2,0
3573,2024-12-31,Mode,123.52,2,23,F,Marseille,Instagram,5.0,70,Printemps,224.4,206.55,0
3574,2024-12-31,Mode,83.86,3,26,F,Lyon,SEO,4.7,97,Printemps,272.82,239.37,0
3575,2024-12-31,Sport,111.07,1,36,M,Marseille,Instagram,3.8,147,Printemps,116.84,115.74,0
3576,2024-12-31,Électronique,751.98,6,44,M,Toulouse,Google_Ads,5.0,104,Printemps,4108.95,3738.15,1
3577,2024-12-31,Maison,116.64,2,18,F,Toulouse,Email,2.6,56,Printemps,239.52,233.87,0
3578,2024-12-31,Électronique,550.29,1,57,M,Nice,Instagram,4.6,182,Printemps,508.48,450.32,1
3579,2024-12-31,Mode,126.94,1,38,F,Toulouse,Instagram,3.3,177,Printemps,133.33,115.26,1
3580,2024-12-31,Électronique,678.7,2,40,M,Bordeaux,Instagram,3.5,64,Printemps,1332.71,1259.9,1
3581,2024-12-31,Mode,47.49,2,33,F,Nice,Instagram,4.6,91,Printemps,86.47,86.26,0
3582,2024-12-31,Sport,59.49,3,35,M,Marseille,Google_Ads,3.6,44,Printemps,190.22,180.14,0
3583,2024-12-31,Sport,68.54,1,33,F,Nice,Facebook,3.3,143,Printemps,69.54,65.46,0
3584,2024-12-31,Électronique,742.53,1,47,M,Paris,Google_Ads,3.3,33,Printemps,783.05,717.54,1
3585,2024-12-31,Mode,61.3,2,34,F,Nantes,Facebook,1.6,73,Printemps,126.88,113.25,0
3586,2024-12-31,Mode,34.59,3,44,F,Marseille,Instagram,4.6,112,Printemps,102.39,93.65,0
3587,2024-12-31,Sport,162.88,1,29,F,Toulouse,Instagram,2.7,59,Printemps,169.35,147.73,0
3588,2024-12-31,Sport,64.14,3,37,F,Lyon,SEO,5.0,70,Printemps,173.74,154.51,0
3589,2024-12-31,Mode,33.43,1,25,M,Marseille,Google_Ads,3.5,126,Printemps,32.36,29.87,0
3590,2024-12-31,Maison,102.68,4,49,M,Toulouse,Google_Ads,5.0,124,Printemps,433.56,377.94,1
3591,2024-12-31,Sport,72.47,4,24,M,Lyon,Google_Ads,1.8,109,Printemps,305.12,295.57,1
3592,2024-12-31,Électronique,509.85,3,31,M,Bordeaux,SEO,4.6,44,Printemps,1648.07,1403.72,1
3593,2024-12-31,Mode,122.24,1,31,F,Lille,Google_Ads,4.9,221,Printemps,124.95,112.24,0
3594,2024-12-31,Livres,32.74,1,30,M,Bordeaux,SEO,5.0,233,Printemps,35.63,33.05,0
3595,2024-12-31,Maison,142.24,1,43,F,Paris,SEO,2.1,87,Printemps,143.88,142.35,0
3596,2024-12-31,Mode,72.56,1,31,M,Nantes,Instagram,3.0,72,Printemps,72.57,67.93,0
3597,2024-12-31,Mode,86.61,3,51,F,Bordeaux,Facebook,4.4,94,Printemps,244.11,218.29,1
3598,2024-12-31,Mode,56.24,1,25,M,Bordeaux,Google_Ads,4.0,188,Printemps,59.37,53.6,1
3599,2024-12-31,Mode,37.59,1,37,F,Paris,Google_Ads,4.1,64,Printemps,39.03,35.16,0
3600,2024-12-31,Maison,229.06,1,25,F,Paris,SEO,3.4,38,Printemps,227.26,199.32,0
3601,2024-12-31,Mode,50.7,3,40,F,Lille,Instagram,5.0,144,Printemps,139.55,121.65,0
3602,2024-12-31,Maison,95.71,1,34,F,Lille,Instagram,5.0,103,Printemps,88.55,81.65,0
3603,2024-12-31,Sport,102.74,2,33,F,Marseille,SEO,3.9,179,Printemps,189.63,168.88,0
3604,2024-12-31,Électronique,556.84,2,49,F,Lyon,Instagram,4.3,101,Printemps,1085.97,938.03,1
3605,2024-12-31,Mode,34.3,3,27,M,Paris,Google_Ads,3.9,271,Printemps,95.87,84.61,1
3606,2024-12-31,Mode,46.93,2,42,F,Nice,Instagram,5.0,310,Printemps,100.62,93.39,1
3607,2024-12-31,Maison,128.07,2,25,M,Bordeaux,Google_Ads,4.7,77,Printemps,276.59,245.76,0
3608,2024-12-31,Électronique,686.52,1,36,F,Bordeaux,Facebook,2.6,30,Printemps,735.5,651.41,1
3609,2024-12-31,Maison,101.12,2,20,F,Lille,Instagram,3.1,98,Printemps,206.63,194.88,0
3610,2024-12-31,Sport,96.43,2,27,M,Lyon,Instagram,2.7,40,Printemps,196.59,187.43,0
3611,2024-12-31,Mode,86.84,3,34,F,Toulouse,Google_Ads,5.0,47,Printemps,280.89,248.92,0
3612,2024-12-31,Livres,32.99,1,56,F,Paris,Facebook,4.5,165,Printemps,32.37,29.81,0
3613,2024-12-31,Livres,17.8,1,36,M,Lille,SEO,3.1,105,Printemps,16.25,15.67,0
3614,2024-12-31,Électronique,315.15,4,54,F,Toulouse,Email,3.1,60,Printemps,1253.14,1194.85,1
3615,2024-12-31,Électronique,555.26,1,37,M,Lyon,SEO,4.7,105,Printemps,561.22,482.87,1
3616,2024-12-31,Livres,29.16,1,30,F,Paris,Email,4.8,110,Printemps,29.45,26.62,0
3617,2024-12-31,Livres,11.97,1,53,F,Bordeaux,SEO,4.7,120,Printemps,11.15,10.69,0
3618,2024-12-31,Électronique,511.66,2,40,M,Bordeaux,Google_Ads,3.3,164,Printemps,1081.33,948.23,1
3619,2024-12-31,Électronique,237.0,5,27,M,Lille,Facebook,4.1,93,Printemps,1240.0,1090.44,1
3620,2024-12-31,Électronique,247.65,1,40,F,Lyon,Facebook,3.9,36,Printemps,234.27,221.28,0
3621,2024-12-31,Livres,22.04,1,31,M,Bordeaux,SEO,2.8,194,Printemps,22.27,19.87,0
3622,2024-12-31,Électronique,426.28,4,18,M,Nice,Instagram,2.8,84,Printemps,1804.14,1621.13,1
3623,2024-12-31,Mode,114.9,1,46,M,Toulouse,Google_Ads,4.3,66,Printemps,103.58,96.17,1
3624,2024-12-31,Sport,119.27,3,48,F,Lyon,Email,4.0,47,Printemps,341.73,328.95,0
3625,2024-12-31,Électronique,531.4,1,57,M,Lille,Facebook,4.4,106,Printemps,528.43,488.66,0
3626,2024-12-31,Maison,133.43,2,40,F,Toulouse,Instagram,4.7,90,Printemps,285.27,280.71,1
3627,2024-12-31,Mode,80.98,4,32,F,Toulouse,SEO,5.0,62,Printemps,343.29,297.29,0
3628,2024-12-31,Sport,47.66,1,45,F,Marseille,Google_Ads,2.9,146,Printemps,44.33,42.69,0
3629,2024-12-31,Mode,119.55,1,45,M,Lyon,Instagram,4.5,53,Printemps,118.66,110.53,0
3630,2024-12-31,Maison,239.69,2,54,M,Nantes,SEO,4.6,52,Printemps,460.66,447.99,1
3631,2024-12-31,Maison,92.67,1,34,M,Lyon,Google_Ads,3.5,61,Printemps,90.84,81.53,0
3632,2024-12-31,Électronique,306.26,2,33,M,Lille,Facebook,3.9,33,Printemps,617.49,569.52,1
3633,2024-12-31,Électronique,321.91,2,26,F,Nantes,SEO,3.5,35,Printemps,643.74,626.71,1
3634,2024-12-31,Mode,96.95,1,41,F,Marseille,SEO,5.0,56,Printemps,90.0,87.73,0
3635,2024-12-31,Mode,96.99,1,18,M,Bordeaux,Google_Ads,3.9,71,Printemps,89.65,81.26,0
3636,2024-12-31,Sport,150.61,1,44,M,Paris,SEO,4.3,53,Printemps,139.47,135.75,0
3637,2024-12-31,Sport,138.36,1,42,F,Lille,Email,3.5,98,Printemps,147.8,140.76,0
3638,2024-12-31,Mode,76.34,1,42,F,Paris,Instagram,3.3,52,Printemps,69.01,62.9,0
3639,2024-12-31,Maison,170.31,2,36,F,Marseille,SEO,2.4,92,Printemps,320.35,318.9,0
3640,2024-12-31,Maison,183.89,3,53,F,Nantes,Google_Ads,5.0,65,Printemps,601.97,514.47,0
3641,2024-12-31,Sport,107.87,3,45,F,Marseille,Facebook,4.6,106,Printemps,295.53,268.17,0
3642,2024-12-31,Mode,78.88,1,27,F,Nice,Instagram,3.5,197,Printemps,71.56,64.12,0
3643,2024-12-31,Mode,95.4,1,27,M,Lyon,Instagram,2.8,102,Printemps,93.25,92.35,1
3644,2024-12-31,Mode,86.85,1,24,F,Nice,SEO,4.0,35,Printemps,80.79,69.88,0
3645,2024-12-31,Mode,95.28,1,41,M,Paris,Google_Ads,3.3,48,Printemps,96.54,91.15,0
3646,2024-12-31,Mode,92.25,1,22,F,Paris,Instagram,3.6,37,Printemps,89.28,85.48,0
3647,2024-12-31,Mode,102.62,5,48,F,Marseille,Google_Ads,2.4,36,Printemps,483.24,424.11,0
3648,2024-12-31,Électronique,658.89,1,50,M,Nantes,Facebook,4.0,157,Printemps,724.6,632.21,1
3649,2024-12-31,Maison,153.55,2,24,M,Paris,Google_Ads,4.1,82,Printemps,297.35,254.88,0
3650,2024-12-31,Électronique,685.21,1,32,M,Toulouse,Google_Ads,5.0,93,Printemps,704.54,615.65,1
3651,2024-12-31,Électronique,528.4,1,35,M,Bordeaux,Facebook,3.6,152,Printemps,567.94,551.6,1
3652,2024-12-31,Mode,56.06,3,45,M,Marseille,Instagram,3.4,52,Printemps,182.4,180.86,0
3653,2024-12-31,Électronique,225.96,3,54,F,Lyon,Instagram,2.1,85,Printemps,665.69,655.84,1
3654,2024-12-31,Maison,160.79,3,18,F,Lyon,SEO,5.0,145,Printemps,528.32,478.02,1
3655,2024-12-31,Mode,90.09,2,31,M,Lyon,Google_Ads,4.8,82,Printemps,188.27,180.53,0
3656,2024-12-31,Mode,127.27,3,31,F,Paris,Google_Ads,3.8,221,Printemps,388.18,378.11,1
3657,2024-12-31,Mode,67.74,2,18,F,Marseille,Instagram,2.3,67,Printemps,140.73,136.77,0
3658,2024-12-31,Électronique,491.04,3,29,F,Nice,Email,2.5,42,Printemps,1431.91,1230.59,1
3659,2024-12-31,Électronique,361.21,1,40,F,Lyon,Facebook,3.2,54,Printemps,355.75,313.85,0
3660,2024-12-31,Sport,51.49,2,31,M,Marseille,Facebook,4.9,106,Printemps,104.76,103.8,0
3661,2024-12-31,Mode,107.85,1,18,F,Paris,SEO,4.1,136,Printemps,104.11,100.05,1
3662,2024-12-31,Mode,56.84,1,69,F,Bordeaux,Instagram,2.2,42,Printemps,59.9,58.41,0
3663,2024-12-31,Électronique,636.01,4,38,M,Bordeaux,Facebook,4.2,184,Printemps,2417.39,2241.21,1
3664,2024-12-31,Mode,99.56,1,36,M,Bordeaux,SEO,2.9,44,Printemps,105.47,95.87,0
3665,2024-12-31,Maison,144.82,3,21,M,Paris,Facebook,3.2,183,Printemps,404.24,383.09,1
3666,2024-12-31,Maison,217.74,1,38,M,Lyon,Direct,4.9,66,Printemps,205.44,189.19,0
3667,2024-12-31,Maison,139.88,1,33,M,Paris,Google_Ads,4.6,27,Printemps,146.96,133.16,0
3668,2024-12-31,Électronique,417.31,1,18,M,Nice,Facebook,5.0,137,Printemps,397.54,358.66,1
3669,2024-12-31,Mode,119.86,1,22,F,Marseille,Facebook,3.8,31,Printemps,126.94,110.91,0
3670,2024-12-31,Sport,152.35,2,44,F,Bordeaux,SEO,4.8,489,Printemps,322.0,299.27,1
3671,2024-12-31,Livres,13.43,4,58,M,Marseille,Direct,3.2,89,Printemps,51.11,47.43,0
3672,2024-12-31,Électronique,242.52,3,39,M,Paris,Email,3.5,41,Printemps,665.45,624.6,0
3673,2024-12-31,Mode,41.27,2,48,M,Lille,Google_Ads,3.4,70,Printemps,77.04,66.83,0
3674,2024-12-31,Électronique,418.42,3,33,M,Lille,SEO,3.8,40,Printemps,1318.66,1301.83,1
3675,2024-12-31,Électronique,881.28,1,33,M,Toulouse,Instagram,2.4,103,Printemps,942.43,905.97,1
3676,2024-12-31,Mode,86.96,1,48,F,Paris,SEO,3.6,33,Printemps,84.92,73.85,0
3677,2024-12-31,Électronique,476.95,1,54,F,Lyon,Facebook,5.0,35,Printemps,444.92,383.48,0
3678,2024-12-31,Maison,219.97,2,50,F,Nice,Instagram,2.6,197,Printemps,402.58,381.02,1
3679,2024-12-31,Mode,76.68,1,22,F,Nantes,Google_Ads,2.3,42,Printemps,72.32,65.18,0
3680,2024-12-31,Électronique,437.79,1,34,F,Marseille,Facebook,2.4,89,Printemps,479.79,430.78,1
3681,2024-12-31,Électronique,860.32,1,38,F,Paris,SEO,5.0,87,Printemps,803.59,784.3,1
3682,2024-12-31,Sport,150.81,1,31,M,Nice,Google_Ads,4.3,68,Printemps,138.33,124.74,0
3683,2024-12-31,Électronique,794.48,4,39,M,Paris,SEO,3.5,66,Printemps,3359.35,3174.0,1
3684,2024-12-31,Maison,152.21,1,44,M,Lille,Google_Ads,3.9,134,Printemps,155.72,144.91,0
3685,2024-12-31,Mode,109.47,3,47,F,Bordeaux,Instagram,4.1,84,Printemps,330.7,294.14,1
3686,2024-12-31,Maison,92.28,5,55,F,Bordeaux,Instagram,3.1,42,Printemps,456.61,410.83,0
3687,2024-12-31,Mode,88.39,1,31,M,Nantes,SEO,3.2,40,Printemps,91.96,91.17,0
3688,2024-12-31,Électronique,889.1,4,18,F,Lyon,Direct,3.6,176,Printemps,3697.47,3326.64,1
3689,2024-12-31,Électronique,421.4,2,39,M,Lyon,Facebook,3.0,127,Printemps,830.06,803.16,1
3690,2024-12-31,Électronique,761.19,4,57,F,Nantes,Instagram,3.4,210,Printemps,2882.91,2822.92,1
3691,2024-12-31,Mode,80.32,2,29,F,Lyon,SEO,4.2,145,Printemps,171.61,147.7,0
3692,2024-12-31,Maison,67.17,2,43,F,Toulouse,Google_Ads,2.7,44,Printemps,125.32,118.99,0
3693,2024-12-31,Mode,106.89,2,43,F,Toulouse,Instagram,5.0,84,Printemps,215.24,207.15,1
3694,2024-12-31,Électronique,338.78,2,37,F,Lille,Direct,4.6,195,Printemps,703.68,643.94,1
3695,2024-12-31,Mode,94.07,1,35,M,Paris,Direct,2.4,39,Printemps,96.68,90.44,0
3696,2024-12-31,Maison,75.42,1,23,F,Lyon,Google_Ads,1.1,27,Printemps,77.21,67.5,0
3697,2024-12-31,Livres,34.57,2,18,M,Lille,Direct,3.0,213,Printemps,71.38,64.08,1
3698,2024-12-31,Maison,112.51,1,21,F,Toulouse,SEO,4.6,239,Printemps,120.96,115.66,1
3699,2024-12-31,Mode,54.58,4,30,F,Marseille,Instagram,4.3,196,Printemps,212.44,199.78,0
3700,2024-12-31,Maison,83.24,1,48,M,Paris,Instagram,3.7,177,Printemps,85.37,74.31,1
3701,2024-12-31,Livres,34.54,3,33,M,Nantes,SEO,3.1,141,Printemps,107.71,107.52,0
3702,2024-12-31,Sport,133.27,3,28,F,Marseille,Direct,2.8,172,Printemps,407.03,403.23,0
3703,2024-12-31,Mode,104.81,2,24,F,Bordeaux,SEO,3.4,51,Printemps,226.52,200.16,0
3704,2024-12-31,Électronique,562.1,1,42,F,Bordeaux,Email,2.7,66,Printemps,579.5,568.64,1
3705,2024-12-31,Mode,78.79,1,51,M,Paris,Google_Ads,3.4,61,Printemps,77.6,69.07,0
3706,2024-12-31,Mode,43.23,2,47,F,Lyon,Instagram,5.0,126,Printemps,92.43,86.38,1
3707,2024-12-31,Maison,160.77,2,42,M,Paris,SEO,3.0,32,Printemps,320.87,310.38,0
3708,2024-12-31,Mode,56.57,3,18,F,Lyon,SEO,4.5,202,Printemps,170.75,153.95,1
3709,2024-12-31,Électronique,884.57,2,30,M,Nantes,Instagram,4.6,38,Printemps,1798.26,1678.27,1
3710,2024-12-31,Maison,203.38,3,58,F,Bordeaux,Facebook,2.6,135,Printemps,588.53,540.01,1
3711,2024-12-31,Sport,95.16,1,48,F,Toulouse,Facebook,2.9,55,Printemps,99.39,95.82,0
3712,2024-12-31,Mode,47.26,2,18,M,Toulouse,Facebook,5.0,124,Printemps,86.92,80.12,0
3713,2024-12-31,Maison,201.36,1,34,M,Paris,Google_Ads,2.8,90,Printemps,216.21,202.17,0
3714,2024-12-31,Mode,44.4,1,39,M,Paris,Instagram,3.7,29,Printemps,46.66,45.58,0
3715,2024-12-31,Sport,66.64,5,25,M,Nantes,SEO,5.0,113,Printemps,323.45,308.83,0
3716,2024-12-31,Sport,69.47,3,18,M,Toulouse,Google_Ads,4.9,53,Printemps,197.0,183.04,0
3717,2024-12-31,Mode,86.8,1,36,M,Lyon,Instagram,3.9,30,Printemps,84.85,77.99,0
3718,2024-12-31,Maison,201.67,3,25,M,Bordeaux,Instagram,4.7,101,Printemps,641.92,557.84,1
3719,2024-12-31,Sport,82.58,2,25,M,Bordeaux,Google_Ads,3.7,33,Printemps,149.68,128.49,0
3720,2024-12-31,Mode,40.76,3,30,F,Lyon,Email,4.9,243,Printemps,121.48,120.62,1
3721,2024-12-31,Mode,77.79,1,33,M,Nantes,Email,1.5,38,Printemps,73.97,64.94,0
3722,2024-12-31,Sport,137.88,1,34,M,Lyon,SEO,3.6,95,Printemps,148.22,132.15,0
3723,2024-12-31,Électronique,374.62,1,24,M,Nantes,Facebook,1.5,70,Printemps,368.17,346.68,1
3724,2024-12-31,Mode,53.94,2,32,M,Lyon,SEO,4.0,156,Printemps,112.16,109.26,1
3725,2024-12-31,Sport,163.27,1,18,F,Bordeaux,Direct,3.5,57,Printemps,158.63,154.66,0
3726,2024-12-31,Maison,231.75,3,38,F,Nice,Instagram,5.0,70,Printemps,671.56,654.4,1
3727,2024-12-31,Mode,129.07,1,18,F,Bordeaux,SEO,4.6,98,Printemps,124.58,124.17,0
3728,2024-12-31,Électronique,770.17,1,31,F,Paris,Email,3.2,47,Printemps,797.62,684.64,1
3729,2024-12-31,Mode,50.85,3,46,F,Nice,Direct,3.4,63,Printemps,166.71,151.7,0
3730,2024-12-31,Mode,53.17,1,22,M,Toulouse,Google_Ads,4.2,55,Printemps,50.06,49.42,0
3731,2024-12-31,Électronique,454.65,1,43,M,Toulouse,SEO,3.2,99,Printemps,467.74,430.37,1
3732,2024-12-31,Maison,117.26,2,48,M,Nantes,Facebook,3.8,133,Printemps,223.53,219.21,0
3733,2024-12-31,Mode,125.76,1,18,F,Bordeaux,Google_Ads,5.0,183,Printemps,127.0,108.29,1
3734,2024-12-31,Mode,109.43,4,33,M,Nantes,Facebook,2.9,144,Printemps,441.38,408.57,1
3735,2024-12-31,Mode,103.09,4,18,M,Nantes,SEO,3.3,109,Printemps,408.24,403.49,0
3736,2024-12-31,Livres,14.02,1,33,F,Marseille,SEO,3.5,111,Printemps,14.02,12.46,0
3737,2024-12-31,Mode,121.18,1,34,M,Marseille,Email,5.0,125,Printemps,130.39,129.02,0
3738,2024-12-31,Électronique,783.81,1,18,M,Lyon,Facebook,4.5,88,Printemps,719.32,612.34,1
3739,2024-12-31,Électronique,335.46,3,58,F,Toulouse,Google_Ads,5.0,48,Printemps,1072.85,924.63,1
3740,2024-12-31,Maison,216.81,1,38,M,Nantes,Instagram,4.6,209,Printemps,215.18,198.29,1
3741,2024-12-31,Maison,109.0,1,24,M,Lyon,Facebook,4.7,121,Printemps,105.38,91.25,0
3742,2024-12-31,Mode,40.38,7,52,F,Lyon,Direct,4.3,142,Printemps,264.44,233.72,0
3743,2024-12-31,Mode,96.54,6,18,M,Paris,Instagram,4.2,64,Printemps,615.71,550.83,1
3744,2024-12-31,Électronique,666.32,1,20,F,Marseille,Google_Ads,2.2,235,Printemps,678.58,625.81,1
3745,2024-12-31,Mode,41.76,5,18,F,Marseille,SEO,4.2,186,Printemps,218.32,198.36,1
3746,2024-12-31,Mode,63.59,1,56,M,Bordeaux,SEO,3.7,67,Printemps,61.23,60.52,0
3747,2024-12-31,Électronique,895.15,3,38,F,Marseille,Google_Ads,4.4,63,Printemps,2627.96,2583.03,1
3748,2024-12-31,Électronique,682.94,3,42,M,Bordeaux,Google_Ads,3.7,134,Printemps,2218.31,2134.48,1
3749,2024-12-31,Électronique,717.8,1,38,F,Nantes,Google_Ads,4.6,88,Printemps,784.01,743.94,1
3750,2024-12-31,Électronique,368.72,2,41,F,Paris,SEO,4.8,113,Printemps,772.81,680.58,1
3751,2024-12-31,Maison,74.18,1,35,F,Lyon,Instagram,1.0,139,Printemps,77.88,73.23,0
3752,2024-12-31,Électronique,411.91,1,38,F,Lyon,Email,3.3,98,Printemps,427.92,373.17,1
3753,2024-12-31,Mode,56.77,1,36,F,Nantes,Instagram,1.8,65,Printemps,57.76,53.02,0
3754,2024-12-31,Électronique,383.32,4,27,M,Bordeaux,Google_Ads,4.1,118,Printemps,1562.43,1436.23,1
3755,2024-12-31,Livres,14.2,2,34,M,Lille,Instagram,3.5,36,Printemps,31.04,29.6,0
3756,2024-12-31,Sport,115.78,3,38,M,Nantes,Email,5.0,110,Printemps,364.77,355.75,0
3757,2024-12-31,Électronique,446.47,1,36,M,Bordeaux,Email,4.0,40,Printemps,460.34,413.42,1
3758,2024-12-31,Mode,112.48,2,18,M,Nantes,SEO,3.3,122,Printemps,210.98,180.63,0
3759,2024-12-31,Électronique,349.16,4,18,M,Paris,Google_Ads,4.8,89,Printemps,1529.92,1311.21,1
3760,2024-12-31,Mode,77.8,4,47,F,Nantes,SEO,3.4,209,Printemps,312.47,306.6,1
3761,2024-12-31,Électronique,234.22,2,31,F,Nantes,Instagram,3.3,163,Printemps,510.01,470.71,1
3762,2024-12-31,Maison,146.7,2,42,F,Marseille,Facebook,4.2,107,Printemps,305.94,271.43,0
3763,2024-12-31,Mode,37.94,2,21,F,Bordeaux,Facebook,5.0,256,Printemps,68.91,58.91,0
3764,2024-12-31,Sport,167.16,3,18,M,Paris,Instagram,4.7,71,Printemps,505.39,469.67,1
3765,2024-12-31,Électronique,758.65,2,24,M,Nice,Facebook,4.4,51,Printemps,1636.46,1424.65,1
3766,2024-12-31,Sport,104.99,8,32,M,Toulouse,SEO,5.0,87,Printemps,764.62,697.76,0
3767,2024-12-31,Sport,53.54,1,27,F,Lyon,SEO,3.0,71,Printemps,57.47,53.3,0
3768,2024-12-31,Électronique,624.9,1,50,F,Lille,Facebook,3.0,74,Printemps,639.07,565.18,1
3769,2024-12-31,Mode,106.48,1,37,F,Lille,Facebook,4.0,93,Printemps,96.78,85.15,0
3770,2024-12-31,Électronique,353.73,4,57,M,Bordeaux,Google_Ads,5.0,37,Printemps,1379.17,1176.39,1
3771,2024-12-31,Mode,87.9,1,39,F,Nantes,Facebook,2.8,51,Printemps,79.64,74.69,0
3772,2024-12-31,Mode,111.89,1,18,M,Marseille,Email,5.0,73,Printemps,100.74,88.65,0
3773,2024-12-31,Maison,198.28,2,47,F,Nantes,Facebook,2.2,194,Printemps,428.01,420.19,1
3774,2024-12-31,Mode,110.79,1,18,M,Bordeaux,SEO,3.7,64,Printemps,116.3,109.39,0
3775,2024-12-31,Livres,32.74,1,37,M,Lille,Facebook,4.0,70,Printemps,31.36,29.28,0
3776,2024-12-31,Électronique,857.94,1,25,M,Lille,Google_Ads,2.8,120,Printemps,791.65,732.84,1
3777,2024-12-31,Livres,19.95,2,60,F,Nantes,Facebook,3.1,73,Printemps,36.34,32.07,0
3778,2024-12-31,Électronique,608.92,4,52,F,Nantes,Google_Ads,4.7,286,Printemps,2638.92,2626.81,1
3779,2024-12-31,Sport,143.31,1,26,F,Nantes,Instagram,5.0,156,Printemps,146.91,146.18,1
3780,2024-12-31,Mode,100.47,1,33,M,Lyon,SEO,1.5,100,Printemps,93.65,84.12,0
3781,2024-12-31,Électronique,896.98,3,37,F,Marseille,Google_Ads,4.0,37,Printemps,2788.59,2694.98,1
3782,2024-12-31,Sport,44.24,3,45,F,Marseille,Instagram,3.7,105,Printemps,145.98,126.69,0
3783,2024-12-31,Mode,67.13,5,35,M,Toulouse,Facebook,3.9,97,Printemps,354.96,343.28,0
3784,2024-12-31,Maison,110.59,3,22,M,Toulouse,Facebook,3.5,152,Printemps,328.21,293.07,1
3785,2024-12-31,Maison,107.22,1,26,M,Nice,Facebook,2.4,113,Printemps,113.95,101.8,0
3786,2024-12-31,Mode,54.2,3,34,M,Lille,Facebook,5.0,130,Printemps,170.53,157.93,0
3787,2024-12-31,Mode,101.64,3,49,M,Lille,SEO,5.0,122,Printemps,279.83,254.33,0
3788,2024-12-31,Maison,75.26,1,40,M,Bordeaux,Direct,3.7,64,Printemps,81.66,70.86,0
3789,2024-12-31,Électronique,725.59,3,25,M,Bordeaux,Google_Ads,3.3,47,Printemps,2343.98,2200.91,1
3790,2024-12-31,Maison,184.82,2,42,F,Toulouse,Instagram,3.1,104,Printemps,376.33,331.95,1
3791,2024-12-31,Sport,74.48,1,30,M,Lyon,SEO,1.0,37,Printemps,74.6,68.38,0
3792,2024-12-31,Électronique,395.66,1,45,M,Lille,SEO,4.2,95,Printemps,374.12,330.96,0
3793,2024-12-31,Électronique,649.48,2,65,F,Bordeaux,Google_Ads,4.7,221,Printemps,1385.85,1356.25,1
3794,2024-12-31,Maison,197.19,1,30,M,Lyon,Instagram,4.0,233,Printemps,194.5,175.19,1
3795,2024-12-31,Mode,117.96,3,44,F,Marseille,Instagram,3.7,78,Printemps,359.48,353.42,1
3796,2024-12-31,Mode,115.58,3,26,F,Nice,Instagram,3.9,166,Printemps,323.87,291.13,1
3797,2024-12-31,Électronique,876.3,3,33,M,Lille,Facebook,2.9,83,Printemps,2478.42,2173.39,1
3798,2024-12-31,Mode,89.19,4,35,M,Paris,Google_Ads,3.3,47,Printemps,391.36,366.51,0
3799,2024-12-31,Électronique,838.34,3,32,M,Lille,Facebook,3.6,89,Printemps,2512.01,2344.38,1
3800,2024-12-31,Mode,111.33,3,64,F,Bordeaux,Email,4.6,347,Printemps,355.08,334.78,1
3801,2024-12-31,Sport,156.57,2,31,M,Lille,Instagram,5.0,138,Printemps,333.79,298.85,1
3802,2024-12-31,Mode,33.63,3,42,F,Toulouse,Facebook,3.5,53,Printemps,110.62,99.33,0
3803,2024-12-31,Mode,126.68,2,18,F,Paris,SEO,2.7,99,Printemps,277.82,246.04,1
3804,2024-12-31,Livres,21.79,1,40,F,Toulouse,Facebook,3.8,144,Printemps,21.6,21.37,0
3805,2024-12-31,Maison,203.67,2,48,F,Lille,Facebook,5.0,182,Printemps,444.03,422.92,1
3806,2024-12-31,Sport,58.72,1,28,F,Toulouse,Instagram,2.7,70,Printemps,57.14,55.05,0
3807,2024-12-31,Mode,71.1,1,18,M,Bordeaux,Instagram,4.8,254,Printemps,72.63,63.86,1
3808,2024-12-31,Sport,77.11,2,34,M,Marseille,Google_Ads,5.0,94,Printemps,164.15,155.81,1
3809,2024-12-31,Électronique,421.87,1,35,M,Bordeaux,SEO,3.4,107,Printemps,456.78,440.52,0
3810,2024-12-31,Électronique,308.2,5,43,M,Lyon,Instagram,3.0,34,Printemps,1548.33,1395.62,1
3811,2024-12-31,Électronique,768.89,2,59,F,Toulouse,Email,4.4,204,Printemps,1512.52,1321.42,1
3812,2024-12-31,Mode,33.4,3,30,M,Bordeaux,Facebook,4.2,46,Printemps,104.78,100.02,0
3813,2024-12-31,Sport,82.34,3,24,M,Lyon,Google_Ads,4.6,147,Printemps,244.86,230.57,0
3814,2024-12-31,Mode,49.51,1,20,F,Lille,Google_Ads,5.0,76,Printemps,51.21,47.95,0
3815,2024-12-31,Maison,166.03,1,37,M,Lyon,Instagram,4.0,45,Printemps,176.13,154.53,0
3816,2024-12-31,Maison,105.77,3,40,F,Toulouse,Instagram,2.5,62,Printemps,338.94,301.45,0
3817,2024-12-31,Maison,106.62,2,28,F,Nantes,Google_Ads,3.9,36,Printemps,202.76,191.35,0
3818,2024-12-31,Mode,80.11,5,44,M,Lille,Google_Ads,4.1,61,Printemps,406.29,382.74,0
3819,2024-12-31,Maison,177.48,3,40,M,Lyon,SEO,5.0,71,Printemps,481.87,449.69,1
3820,2024-12-31,Mode,44.33,1,35,M,Toulouse,Instagram,3.6,45,Printemps,46.97,45.33,0
3821,2024-12-31,Électronique,343.47,2,24,F,Toulouse,Instagram,3.4,104,Printemps,635.43,617.77,1
3822,2024-12-31,Livres,15.67,1,29,M,Bordeaux,Google_Ads,2.3,75,Printemps,16.84,15.01,0
3823,2024-12-31,Électronique,882.28,1,18,M,Paris,Instagram,4.4,114,Printemps,865.84,756.43,1
3824,2024-12-31,Électronique,493.08,1,37,M,Lille,Email,5.0,72,Printemps,460.27,405.11,1
3825,2024-12-31,Sport,118.87,2,35,F,Lyon,Direct,3.6,78,Printemps,251.81,224.66,0
3826,2024-12-31,Mode,56.05,1,37,F,Paris,Google_Ads,4.3,45,Printemps,52.69,52.28,0
3827,2024-12-31,Maison,148.28,2,41,M,Toulouse,Google_Ads,3.2,58,Printemps,290.3,252.73,0
3828,2024-12-31,Mode,39.73,1,39,F,Lyon,Instagram,2.4,38,Printemps,40.26,39.53,0
3829,2024-12-31,Mode,35.89,2,33,F,Nice,SEO,4.3,78,Printemps,69.77,61.43,0
3830,2024-12-31,Mode,78.2,1,35,F,Lyon,Facebook,3.8,61,Printemps,73.18,66.03,0
3831,2024-12-31,Mode,71.37,1,18,M,Lyon,Instagram,1.2,104,Printemps,70.03,60.85,0
3832,2024-12-31,Mode,45.85,1,27,M,Bordeaux,Instagram,5.0,161,Printemps,42.58,36.86,0
3833,2024-12-31,Maison,183.77,1,35,F,Lyon,Google_Ads,4.3,105,Printemps,191.82,165.79,0
3834,2024-12-31,Mode,129.31,3,26,F,Paris,Facebook,3.9,143,Printemps,362.44,326.71,0
3835,2024-12-31,Livres,19.68,2,45,M,Nantes,Google_Ads,3.3,101,Printemps,39.23,36.42,0
3836,2024-12-31,Électronique,646.58,7,27,F,Lyon,Instagram,4.2,69,Printemps,4580.69,4031.57,1
3837,2024-12-31,Mode,126.39,1,37,M,Nantes,SEO,4.3,99,Printemps,137.64,136.25,0
3838,2024-12-31,Maison,209.68,2,36,F,Marseille,Facebook,4.2,218,Printemps,383.98,360.16,1
3839,2024-12-31,Livres,21.52,4,43,F,Toulouse,Direct,5.0,175,Printemps,93.47,91.86,0
3840,2024-12-31,Électronique,722.81,1,45,F,Lille,Google_Ads,5.0,102,Printemps,680.63,593.73,1
3841,2024-12-31,Maison,83.06,4,43,M,Bordeaux,Instagram,5.0,39,Printemps,354.91,309.32,1
3842,2024-12-31,Sport,107.79,4,18,M,Marseille,Instagram,2.9,231,Printemps,395.86,386.76,1
3843,2024-12-31,Électronique,413.37,4,49,F,Marseille,Email,3.2,78,Printemps,1815.07,1697.45,1
3844,2024-12-31,Sport,63.05,1,53,F,Paris,SEO,4.2,176,Printemps,66.93,66.31,0
3845,2024-12-31,Électronique,512.74,1,29,F,Paris,Instagram,2.9,82,Printemps,467.92,408.04,0
3846,2024-12-31,Maison,83.58,4,37,M,Nice,Instagram,3.1,173,Printemps,315.21,269.16,1
3847,2024-12-31,Livres,27.87,1,24,F,Nantes,Facebook,4.3,112,Printemps,28.14,27.79,0
3848,2024-12-31,Maison,142.12,2,18,F,Nantes,Instagram,4.8,40,Printemps,285.59,272.69,0
3849,2024-12-31,Mode,84.29,2,26,M,Bordeaux,SEO,5.0,86,Printemps,172.93,167.93,0
3850,2024-12-31,Électronique,323.8,1,28,M,Bordeaux,Facebook,3.6,106,Printemps,321.44,287.5,0
3851,2024-12-31,Livres,12.77,2,30,F,Nice,SEO,4.3,106,Printemps,26.74,22.74,0
3852,2024-12-31,Mode,89.38,1,23,F,Lille,Facebook,4.1,161,Printemps,86.67,79.95,0
3853,2024-12-31,Électronique,889.88,1,26,M,Lyon,Facebook,3.8,107,Printemps,832.29,831.04,1
3854,2024-12-31,Maison,77.33,1,34,M,Bordeaux,Facebook,2.9,85,Printemps,70.11,69.14,0
3855,2024-12-31,Mode,60.36,2,25,F,Bordeaux,SEO,2.8,44,Printemps,116.49,100.27,0
3856,2024-12-31,Électronique,811.88,2,41,M,Nantes,Facebook,4.5,253,Printemps,1600.02,1405.09,1
3857,2024-12-31,Électronique,273.78,2,43,M,Lyon,Instagram,2.9,70,Printemps,564.99,506.62,1
3858,2024-12-31,Électronique,816.22,2,63,M,Lille,Instagram,1.8,52,Printemps,1732.5,1688.43,1
3859,2024-12-31,Maison,154.37,3,48,F,Toulouse,Facebook,3.8,51,Printemps,439.04,427.49,1
3860,2024-12-31,Maison,133.49,2,37,M,Toulouse,Facebook,5.0,67,Printemps,266.61,234.02,0
3861,2024-12-31,Mode,62.69,1,27,M,Paris,SEO,1.0,111,Printemps,59.36,55.2,0
3862,2024-12-31,Sport,80.38,1,38,F,Lille,SEO,3.5,40,Printemps,87.64,81.09,0
3863,2024-12-31,Sport,81.49,3,38,M,Lyon,Instagram,4.5,76,Printemps,251.68,229.57,0
3864,2024-12-31,Maison,219.26,3,28,F,Paris,Google_Ads,1.8,26,Printemps,681.2,633.78,1
3865,2024-12-31,Électronique,713.56,2,44,F,Paris,Facebook,3.6,55,Printemps,1436.04,1283.7,1
3866,2024-12-31,Maison,180.55,2,18,F,Nice,Google_Ads,2.5,55,Printemps,345.34,321.08,0
3867,2024-12-31,Mode,110.38,1,32,M,Paris,Google_Ads,2.7,53,Printemps,103.76,98.87,0
3868,2024-12-31,Maison,106.28,1,41,F,Lille,Email,3.4,49,Printemps,109.61,94.2,0
3869,2024-12-31,Maison,171.25,2,31,M,Nice,Instagram,2.6,176,Printemps,371.38,369.56,1
3870,2024-12-31,Mode,77.36,1,32,M,Nantes,Instagram,2.5,55,Printemps,72.91,63.79,0
3871,2024-12-31,Livres,30.13,1,33,F,Lyon,Google_Ads,3.7,144,Printemps,30.56,27.63,0
3872,2024-12-31,Électronique,433.75,2,24,F,Lille,Instagram,5.0,75,Printemps,872.58,803.3,1
3873,2024-12-31,Maison,175.77,1,49,M,Lille,Facebook,4.6,48,Printemps,180.75,154.75,1
3874,2024-12-31,Électronique,820.49,2,22,M,Marseille,SEO,4.9,145,Printemps,1669.8,1556.68,1
3875,2024-12-31,Livres,19.86,1,38,F,Bordeaux,Email,4.7,182,Printemps,18.96,18.59,0
3876,2024-12-31,Électronique,269.97,2,39,F,Toulouse,Instagram,3.0,41,Printemps,560.61,552.29,1
3877,2024-12-31,Électronique,573.33,3,23,F,Lille,Instagram,4.1,127,Printemps,1641.8,1475.86,1
3878,2024-12-31,Mode,66.23,3,35,F,Marseille,Google_Ads,5.0,85,Printemps,204.78,191.22,0
3879,2024-12-31,Mode,98.04,2,24,F,Toulouse,Instagram,4.7,282,Printemps,188.24,181.94,1
3880,2024-12-31,Électronique,866.95,2,51,M,Nantes,Email,4.0,162,Printemps,1589.09,1410.99,1
3881,2024-12-31,Maison,147.41,1,21,F,Nice,Instagram,4.4,226,Printemps,136.42,126.77,0
3882,2024-12-31,Mode,77.95,2,27,F,Nantes,Google_Ads,5.0,76,Printemps,166.32,150.53,0
3883,2024-12-31,Électronique,666.84,2,20,M,Lyon,Instagram,4.7,240,Printemps,1232.69,1117.71,1
3884,2024-12-31,Mode,42.59,2,18,M,Marseille,Google_Ads,3.5,136,Printemps,82.29,71.11,0
3885,2024-12-31,Sport,74.82,5,54,F,Nice,Email,3.7,98,Printemps,358.22,326.35,0
3886,2024-12-31,Maison,225.42,1,41,M,Lille,Google_Ads,2.6,117,Printemps,205.48,179.62,1
3887,2024-12-31,Maison,180.59,2,36,F,Nice,Google_Ads,5.0,56,Printemps,368.37,329.76,0
3888,2024-12-31,Maison,62.42,1,27,M,Lyon,SEO,5.0,111,Printemps,66.15,59.5,0
3889,2024-12-31,Mode,52.45,1,45,M,Marseille,Email,3.9,76,Printemps,57.62,52.69,0
3890,2024-12-31,Électronique,685.92,2,25,M,Lille,Facebook,5.0,188,Printemps,1491.46,1472.87,1
3891,2024-12-31,Mode,107.03,2,44,F,Lyon,Email,4.5,31,Printemps,194.76,183.98,0
3892,2024-12-31,Sport,149.58,1,24,M,Toulouse,Google_Ads,3.3,94,Printemps,142.33,141.78,0
3893,2024-12-31,Livres,16.89,4,27,M,Lyon,Instagram,4.8,77,Printemps,66.37,62.29,0
3894,2024-12-31,Mode,123.28,3,44,F,Toulouse,Facebook,4.2,243,Printemps,397.56,385.96,1
3895,2024-12-31,Électronique,598.24,2,45,F,Bordeaux,SEO,4.7,89,Printemps,1163.0,1134.06,1
3896,2024-12-31,Électronique,695.16,1,42,M,Nantes,Google_Ads,2.3,67,Printemps,704.94,677.34,1
3897,2024-12-31,Mode,90.68,1,22,M,Nice,Instagram,2.9,91,Printemps,93.58,88.94,0
3898,2024-12-31,Maison,82.09,2,29,F,Nice,SEO,5.0,148,Printemps,157.55,143.8,0
3899,2024-12-31,Électronique,875.1,4,36,M,Toulouse,Direct,5.0,38,Printemps,3557.77,3326.84,1
3900,2024-12-31,Livres,12.32,3,24,F,Lille,Email,5.0,47,Printemps,33.63,29.57,1
3901,2024-12-31,Mode,57.35,1,51,F,Bordeaux,Email,5.0,261,Printemps,57.12,53.85,1
3902,2024-12-31,Livres,30.97,2,18,M,Lyon,Google_Ads,4.4,107,Printemps,60.43,56.03,0
3903,2024-12-31,Sport,121.37,1,25,F,Lyon,Google_Ads,4.4,359,Printemps,117.87,114.41,1
3904,2024-12-31,Sport,149.36,3,28,F,Marseille,Google_Ads,2.8,49,Printemps,424.33,418.13,0
3905,2024-12-31,Maison,152.83,5,18,F,Bordeaux,SEO,3.2,117,Printemps,812.72,707.0,1
3906,2024-12-31,Maison,127.86,2,18,M,Paris,Email,1.6,82,Printemps,275.25,262.49,1
3907,2024-12-31,Maison,225.93,1,42,F,Lille,Email,3.4,188,Printemps,243.47,241.65,0
3908,2024-12-31,Maison,66.53,1,35,M,Nantes,Google_Ads,1.5,30,Printemps,65.14,64.34,0
3909,2024-12-31,Maison,214.1,1,53,F,Toulouse,Email,5.0,262,Printemps,203.79,198.73,0
3910,2024-12-31,Livres,15.23,1,53,M,Bordeaux,Facebook,4.2,101,Printemps,14.01,12.01,0
3911,2024-12-31,Maison,212.77,2,40,F,Lyon,Instagram,1.6,69,Printemps,440.22,390.86,0
3912,2024-12-31,Sport,60.25,2,38,F,Marseille,Direct,3.6,120,Printemps,116.4,101.53,0
3913,2024-12-31,Sport,116.48,1,35,M,Lille,Facebook,5.0,93,Printemps,111.28,110.06,0
3914,2024-12-31,Électronique,824.47,2,18,F,Nantes,Facebook,3.7,98,Printemps,1606.55,1546.03,1
3915,2024-12-31,Électronique,544.64,1,18,F,Toulouse,Instagram,2.7,161,Printemps,550.6,511.93,1
3916,2024-12-31,Mode,105.29,2,36,F,Lille,Facebook,1.8,41,Printemps,196.34,195.74,0
3917,2024-12-31,Mode,110.96,1,42,F,Marseille,Google_Ads,1.9,99,Printemps,121.19,106.55,0
3918,2024-12-31,Sport,136.4,1,38,F,Lyon,Facebook,4.4,129,Printemps,142.75,135.07,0
3919,2024-12-31,Mode,122.72,2,24,M,Nice,Facebook,3.3,233,Printemps,223.19,210.11,0
3920,2024-12-31,Maison,140.43,1,46,M,Toulouse,Instagram,3.4,72,Printemps,135.0,121.65,0
3921,2024-12-31,Mode,49.38,1,52,F,Nice,Facebook,3.3,23,Printemps,44.94,41.47,0
3922,2024-12-31,Électronique,257.27,3,46,F,Nantes,Email,3.6,67,Printemps,730.06,646.33,1
3923,2024-12-31,Maison,104.36,4,46,F,Paris,SEO,2.5,51,Printemps,399.63,380.28,0
3924,2024-12-31,Sport,60.76,1,28,F,Marseille,SEO,4.1,224,Printemps,63.41,57.87,1
3925,2024-12-31,Électronique,601.62,1,47,M,Paris,SEO,2.2,20,Printemps,627.93,535.96,1
3926,2024-12-31,Maison,93.29,3,36,M,Bordeaux,Email,3.0,151,Printemps,254.42,252.54,0
3927,2024-12-31,Maison,67.01,1,41,F,Nice,Google_Ads,4.9,123,Printemps,68.19,63.09,0
3928,2024-12-31,Électronique,249.29,1,39,F,Lille,Direct,4.2,45,Printemps,272.27,260.25,1
3929,2024-12-31,Électronique,786.31,1,33,M,Nantes,Facebook,4.6,125,Printemps,806.5,709.35,1
3930,2024-12-31,Livres,24.97,1,24,F,Nice,Facebook,5.0,36,Printemps,27.27,23.7,0
3931,2024-12-31,Mode,67.41,2,34,F,Lyon,Google_Ads,3.7,136,Printemps,131.61,129.68,0
3932,2024-12-31,Électronique,828.6,3,46,M,Paris,SEO,3.8,85,Printemps,2465.82,2314.51,1
3933,2024-12-31,Électronique,272.38,1,29,M,Lyon,Instagram,3.5,27,Printemps,272.14,251.46,0
3934,2024-12-31,Maison,236.46,3,45,F,Bordeaux,Facebook,3.3,40,Printemps,769.52,714.25,1
3935,2024-12-31,Maison,170.93,1,43,M,Paris,Instagram,2.7,126,Printemps,166.84,147.72,0
3936,2024-12-31,Maison,93.02,4,31,F,Lyon,Instagram,3.9,253,Printemps,408.07,402.73,0
3937,2024-12-31,Électronique,683.37,6,51,M,Lyon,SEO,4.2,265,Printemps,4135.6,3648.16,1
3938,2024-12-31,Sport,139.83,3,30,F,Toulouse,SEO,4.3,176,Printemps,395.84,345.85,0
3939,2024-12-31,Mode,74.36,2,53,M,Bordeaux,Instagram,3.9,37,Printemps,136.93,135.5,0
3940,2024-12-31,Mode,116.51,2,40,M,Marseille,Google_Ads,4.8,202,Printemps,217.77,193.52,0
3941,2024-12-31,Mode,47.2,3,34,F,Nantes,SEO,3.8,275,Printemps,128.54,125.89,0
3942,2024-12-31,Mode,59.69,2,24,M,Bordeaux,Instagram,3.3,206,Printemps,123.96,119.73,1
3943,2024-12-31,Sport,54.42,3,33,M,Paris,SEO,2.8,102,Printemps,163.81,148.63,0
3944,2024-12-31,Livres,14.69,1,32,F,Paris,Facebook,2.1,40,Printemps,15.39,13.67,0
3945,2024-12-31,Mode,55.78,1,19,M,Lille,Facebook,5.0,199,Printemps,58.92,56.79,0
3946,2024-12-31,Sport,159.5,1,32,M,Lyon,Email,3.0,83,Printemps,173.26,162.8,0
3947,2024-12-31,Sport,52.46,1,25,M,Nantes,Google_Ads,2.8,81,Printemps,48.44,43.02,0
3948,2024-12-31,Livres,20.54,1,42,F,Paris,Instagram,3.3,88,Printemps,19.25,18.94,0
3949,2024-12-31,Électronique,584.37,3,50,F,Marseille,SEO,3.5,91,Printemps,1770.03,1695.95,1
3950,2024-12-31,Maison,221.76,3,20,F,Marseille,SEO,5.0,50,Printemps,616.0,607.62,1
3951,2024-12-31,Mode,129.78,4,55,F,Bordeaux,Direct,3.4,71,Printemps,476.82,436.58,0
3952,2024-12-31,Sport,138.56,2,33,F,Nice,Google_Ads,5.0,262,Printemps,286.33,248.89,1
3953,2024-12-31,Électronique,880.28,3,23,F,Paris,SEO,3.9,92,Printemps,2759.54,2728.11,1
3954,2024-12-31,Maison,201.68,4,44,F,Nantes,SEO,5.0,79,Printemps,862.12,810.58,1
3955,2024-12-31,Mode,126.41,1,29,F,Nantes,Facebook,4.8,58,Printemps,136.92,128.83,0
3956,2024-12-31,Mode,101.46,3,34,F,Nice,Instagram,4.2,54,Printemps,300.88,282.11,0
3957,2024-12-31,Maison,74.36,1,30,M,Paris,Google_Ads,5.0,156,Printemps,81.49,75.04,1
3958,2024-12-31,Sport,93.74,3,25,M,Nice,Facebook,5.0,123,Printemps,255.24,226.72,1
3959,2024-12-31,Maison,176.39,1,43,F,Toulouse,Facebook,4.5,110,Printemps,189.44,178.45,0
3960,2024-12-31,Sport,87.22,7,31,F,Lille,Facebook,5.0,153,Printemps,588.72,563.87,1
3961,2024-12-31,Mode,59.15,3,18,F,Lille,Instagram,3.3,156,Printemps,192.43,190.02,0
3962,2024-12-31,Mode,88.8,2,41,F,Lille,Facebook,2.7,85,Printemps,167.74,144.39,0
3963,2024-12-31,Mode,123.52,1,20,F,Toulouse,Google_Ads,3.1,141,Printemps,129.47,115.0,0
3964,2024-12-31,Électronique,248.61,2,21,M,Paris,Instagram,5.0,70,Printemps,489.81,473.41,1
3965,2024-12-31,Maison,198.46,1,49,F,Bordeaux,Facebook,5.0,199,Printemps,193.76,187.22,1
3966,2024-12-31,Maison,190.09,1,20,M,Toulouse,Google_Ads,3.2,78,Printemps,173.34,152.85,1
3967,2024-12-31,Maison,233.51,2,18,F,Nantes,SEO,1.2,193,Printemps,486.26,426.79,1
3968,2024-12-31,Maison,227.53,1,42,F,Bordeaux,Facebook,3.6,88,Printemps,212.75,192.56,0
3969,2024-12-31,Maison,197.2,1,31,M,Nice,Instagram,2.7,43,Printemps,195.74,168.23,1
3970,2024-12-31,Électronique,576.28,1,32,M,Bordeaux,Google_Ads,3.3,106,Printemps,534.93,513.3,0
3971,2024-12-31,Électronique,362.88,2,31,M,Toulouse,SEO,2.6,77,Printemps,740.93,704.23,1
3972,2024-12-31,Maison,158.14,3,37,M,Bordeaux,Google_Ads,2.0,35,Printemps,448.91,439.4,1
3973,2024-12-31,Mode,107.12,1,25,F,Marseille,SEO,5.0,291,Printemps,109.14,99.81,1
3974,2024-12-31,Électronique,829.58,1,52,M,Paris,SEO,3.0,78,Printemps,903.68,854.44,1
3975,2024-12-31,Mode,109.5,1,18,F,Lyon,Google_Ads,5.0,46,Printemps,118.71,117.89,0
3976,2024-12-31,Maison,95.15,2,40,M,Paris,Facebook,3.6,84,Printemps,178.9,177.79,0
3977,2024-12-31,Mode,90.97,1,42,F,Bordeaux,Email,2.6,57,Printemps,83.68,72.02,0
3978,2024-12-31,Maison,119.79,1,25,F,Marseille,Facebook,4.4,74,Printemps,108.83,92.54,0
3979,2024-12-31,Maison,61.66,4,22,M,Marseille,Facebook,3.4,114,Printemps,262.83,261.25,0
3980,2024-12-31,Mode,52.02,1,47,F,Paris,Google_Ads,3.6,57,Printemps,49.41,45.97,0
3981,2024-12-31,Sport,56.94,2,23,F,Nice,Instagram,4.0,166,Printemps,108.95,104.05,0
3982,2024-12-31,Maison,211.69,1,27,F,Lyon,SEO,2.9,57,Printemps,200.1,197.48,0
3983,2024-12-31,Maison,106.53,1,45,M,Toulouse,Instagram,2.0,43,Printemps,113.78,104.1,0
3984,2024-12-31,Maison,111.25,4,35,M,Toulouse,Instagram,3.7,98,Printemps,487.6,446.69,1
3985,2024-12-31,Électronique,872.96,1,18,M,Bordeaux,Instagram,4.9,40,Printemps,917.51,802.87,1
3986,2024-12-31,Maison,128.24,2,55,M,Marseille,Email,2.8,77,Printemps,273.07,269.21,1
3987,2024-12-31,Mode,33.43,1,28,M,Bordeaux,Google_Ads,4.0,80,Printemps,34.24,32.43,0
3988,2024-12-31,Livres,16.66,2,30,F,Bordeaux,Email,5.0,81,Printemps,33.52,29.4,0
3989,2024-12-31,Sport,57.71,2,38,F,Nantes,Direct,3.7,45,Printemps,120.54,112.58,0
3990,2024-12-31,Maison,78.51,3,42,M,Bordeaux,Instagram,3.9,59,Printemps,213.65,192.12,0
3991,2024-12-31,Mode,40.06,1,58,F,Lille,Instagram,3.9,166,Printemps,36.54,31.87,0
3992,2024-12-31,Électronique,625.45,1,18,F,Nantes,Facebook,3.0,48,Printemps,648.88,569.25,1
3993,2024-12-31,Mode,50.96,1,44,F,Bordeaux,Email,2.7,165,Printemps,49.28,46.02,0
3994,2024-12-31,Mode,67.72,2,43,M,Bordeaux,Facebook,2.7,129,Printemps,135.14,126.31,0
3995,2024-12-31,Mode,116.55,1,33,F,Lyon,Facebook,4.2,82,Printemps,123.12,119.24,0
3996,2024-12-31,Mode,73.87,1,44,M,Toulouse,SEO,4.6,200,Printemps,75.01,66.55,0
3997,2024-12-31,Électronique,843.09,3,46,M,Nantes,Instagram,4.7,132,Printemps,2683.69,2649.81,1
3998,2024-12-31,Livres,22.44,2,18,M,Toulouse,Instagram,3.4,78,Printemps,44.16,40.97,0
3999,2024-12-31,Électronique,494.21,2,55,M,Nantes,Instagram,5.0,61,Printemps,946.41,833.43,1
4000,2024-12-31,Livres,29.26,1,18,F,Lyon,Email,4.1,91,Printemps,27.71,25.27,0
4001,2024-12-31,Livres,10.98,3,21,M,Lille,SEO,3.9,226,Printemps,30.5,30.15,0
4002,2024-12-31,Mode,41.22,1,31,M,Nantes,Direct,1.0,65,Printemps,37.41,34.48,0
4003,2024-12-31,Maison,177.36,3,58,M,Lille,SEO,2.9,237,Printemps,484.51,475.41,1
4004,2024-12-31,Mode,79.98,1,31,M,Bordeaux,Email,2.1,58,Printemps,76.31,66.7,0
4005,2024-12-31,Maison,202.27,1,34,F,Marseille,Facebook,4.5,166,Printemps,193.31,190.82,0
4006,2024-12-31,Mode,121.84,4,52,M,Marseille,Google_Ads,3.9,224,Printemps,475.82,435.18,1
4007,2024-12-31,Mode,70.37,1,31,F,Paris,SEO,2.6,67,Printemps,71.66,70.97,0
4008,2024-12-31,Maison,167.35,1,20,M,Marseille,Google_Ads,4.1,57,Printemps,176.03,172.5,1
4009,2024-12-31,Mode,81.32,4,29,M,Marseille,Email,2.2,22,Printemps,305.61,290.02,0
4010,2024-12-31,Maison,236.69,2,51,M,Lyon,SEO,2.7,73,Printemps,497.92,473.49,1
4011,2024-12-31,Mode,113.53,3,35,M,Paris,SEO,3.0,126,Printemps,316.0,278.63,0
4012,2024-12-31,Mode,121.39,1,58,F,Toulouse,Instagram,4.4,58,Printemps,133.26,125.32,0
4013,2024-12-31,Électronique,396.68,3,43,F,Nice,SEO,5.0,74,Printemps,1138.88,1061.91,1
4014,2024-12-31,Électronique,746.46,2,27,M,Paris,SEO,3.2,104,Printemps,1593.63,1434.46,1
4015,2024-12-31,Mode,58.38,1,35,F,Lyon,Google_Ads,5.0,167,Printemps,54.77,50.71,0
4016,2024-12-31,Électronique,365.9,3,24,F,Nice,Instagram,3.9,110,Printemps,1196.64,1183.92,1
4017,2024-12-31,Électronique,862.38,4,26,M,Marseille,Google_Ads,4.1,54,Printemps,3674.86,3126.56,1
4018,2024-12-31,Sport,44.96,1,70,F,Marseille,Email,3.7,66,Printemps,43.7,39.88,0
4019,2024-12-31,Électronique,876.64,1,47,M,Paris,Google_Ads,3.6,54,Printemps,862.87,776.62,1
4020,2024-12-31,Maison,86.87,1,45,F,Marseille,SEO,4.3,109,Printemps,78.25,77.79,0
4021,2024-12-31,Mode,112.4,2,27,M,Paris,Facebook,4.6,67,Printemps,213.62,212.78,1
4022,2024-12-31,Sport,77.68,5,53,M,Marseille,Instagram,2.8,52,Printemps,372.03,348.91,1
4023,2024-12-31,Mode,66.69,1,48,F,Bordeaux,Instagram,3.6,54,Printemps,66.06,61.6,0
4024,2024-12-31,Mode,53.63,5,57,F,Lyon,Instagram,5.0,271,Printemps,248.81,245.2,1
4025,2024-12-31,Mode,89.59,1,56,F,Nice,Email,4.0,110,Printemps,89.21,75.91,0
4026,2024-12-31,Mode,66.44,3,18,M,Nantes,Google_Ads,4.1,199,Printemps,206.03,192.51,0
4027,2024-12-31,Maison,178.33,3,21,F,Lille,SEO,5.0,204,Printemps,521.22,444.96,1
4028,2024-12-31,Électronique,235.56,4,22,F,Toulouse,Facebook,3.2,178,Printemps,891.78,887.52,1
4029,2024-12-31,Livres,10.74,1,23,M,Bordeaux,Instagram,3.8,166,Printemps,10.84,9.74,0
4030,2024-12-31,Mode,42.22,4,38,F,Marseille,Direct,4.7,284,Printemps,152.96,141.97,1
4031,2024-12-31,Mode,73.35,3,28,M,Lille,Direct,5.0,118,Printemps,213.05,194.44,0
4032,2024-12-31,Maison,206.66,1,59,M,Nantes,Instagram,1.2,82,Printemps,207.8,204.49,0
4033,2024-12-31,Mode,119.1,1,57,F,Bordeaux,Instagram,3.0,102,Printemps,115.19,115.18,0
4034,2024-12-31,Sport,73.71,1,34,M,Nantes,Facebook,2.7,33,Printemps,71.43,61.45,0
4035,2024-12-31,Mode,88.5,2,58,F,Lyon,Facebook,3.7,65,Printemps,189.33,181.72,0
4036,2024-12-31,Maison,198.31,2,52,M,Lille,Instagram,2.8,155,Printemps,431.04,390.17,1
4037,2024-12-31,Électronique,419.96,1,29,M,Nantes,Google_Ads,4.5,88,Printemps,447.46,389.67,1
4038,2024-12-31,Sport,94.65,2,18,F,Lille,Instagram,4.0,172,Printemps,174.11,158.58,0
4039,2024-12-31,Maison,154.32,1,32,F,Lyon,Google_Ads,4.8,96,Printemps,147.83,147.79,0
4040,2024-12-31,Électronique,316.04,5,27,M,Nantes,Instagram,4.8,243,Printemps,1646.98,1488.27,1
4041,2024-12-31,Électronique,242.54,1,37,F,Bordeaux,Google_Ads,4.5,211,Printemps,265.55,236.77,0
4042,2024-12-31,Mode,47.4,1,36,M,Lille,Google_Ads,3.4,52,Printemps,44.96,43.92,0
4043,2024-12-31,Livres,25.93,1,35,F,Toulouse,Facebook,3.9,39,Printemps,27.99,27.44,0
4044,2024-12-31,Mode,39.68,1,41,F,Toulouse,Google_Ads,3.3,42,Printemps,41.57,37.45,0
4045,2024-12-31,Mode,51.0,1,20,M,Toulouse,Facebook,2.3,33,Printemps,55.93,50.04,0
4046,2024-12-31,Électronique,453.05,1,39,F,Nice,SEO,4.8,132,Printemps,416.23,394.2,1
4047,2024-12-31,Mode,40.09,3,29,M,Nice,SEO,3.7,114,Printemps,117.75,103.71,0
4048,2024-12-31,Maison,94.51,1,37,F,Nantes,Instagram,2.1,98,Printemps,94.09,86.81,0
4049,2024-12-31,Livres,33.6,3,46,F,Lyon,SEO,4.4,111,Printemps,104.28,90.85,1
4050,2024-12-31,Mode,34.38,2,20,M,Toulouse,Google_Ads,3.6,127,Printemps,70.88,63.49,1
4051,2024-12-31,Sport,125.81,1,31,M,Nantes,Instagram,1.5,41,Printemps,136.04,121.7,0
4052,2024-12-31,Mode,69.98,1,33,M,Nantes,SEO,2.3,207,Printemps,74.72,71.3,0
4053,2024-12-31,Électronique,679.04,2,28,M,Bordeaux,Google_Ads,3.0,125,Printemps,1237.31,1104.1,1
4054,2024-12-31,Mode,89.9,2,45,M,Marseille,Google_Ads,4.0,49,Printemps,179.31,176.58,0
4055,2024-12-31,Maison,100.23,2,26,M,Paris,Facebook,4.7,66,Printemps,196.73,196.23,0
4056,2024-12-31,Livres,31.87,4,28,F,Marseille,Instagram,4.6,130,Printemps,140.18,120.85,0
4057,2024-12-31,Sport,105.22,1,26,M,Nice,SEO,4.5,223,Printemps,103.69,94.32,0
4058,2024-12-31,Électronique,780.21,3,48,F,Marseille,Facebook,3.8,61,Printemps,2426.12,2172.05,1
4059,2024-12-31,Électronique,499.06,2,29,F,Paris,Email,5.0,59,Printemps,955.08,862.25,1
4060,2024-12-31,Électronique,889.66,2,40,F,Nantes,SEO,4.6,173,Printemps,1820.12,1619.55,1
4061,2024-12-31,Livres,29.8,2,58,F,Marseille,Facebook,4.0,169,Printemps,56.11,50.91,0
4062,2024-12-31,Sport,165.66,1,34,M,Nice,Direct,4.4,88,Printemps,169.09,147.31,0
4063,2024-12-31,Sport,108.08,1,48,F,Nice,Facebook,3.4,53,Printemps,116.04,103.5,0
4064,2024-12-31,Mode,78.68,1,55,F,Marseille,Instagram,3.7,69,Printemps,71.12,68.43,0
4065,2024-12-31,Mode,106.16,2,47,F,Lyon,Google_Ads,1.5,207,Printemps,212.51,191.6,1
4066,2024-12-31,Mode,118.33,1,34,F,Lyon,Google_Ads,3.4,152,Printemps,129.74,114.33,0
4067,2024-12-31,Mode,126.5,2,42,M,Bordeaux,Facebook,5.0,147,Printemps,235.77,204.24,0
4068,2024-12-31,Mode,64.14,2,19,F,Nice,Email,4.0,86,Printemps,120.16,108.41,0
4069,2024-12-31,Électronique,764.13,2,25,F,Lille,Facebook,3.9,178,Printemps,1519.33,1438.07,1
4070,2024-12-31,Électronique,367.19,1,27,F,Nantes,Google_Ads,4.9,66,Printemps,394.43,350.25,1
4071,2024-12-31,Sport,112.06,1,61,F,Toulouse,Direct,4.2,79,Printemps,113.47,103.64,0
4072,2024-12-31,Sport,65.43,1,25,M,Nice,Facebook,2.9,65,Printemps,65.54,65.08,0
4073,2024-12-31,Mode,66.37,2,25,F,Bordeaux,Facebook,3.8,70,Printemps,121.77,113.6,0
4074,2024-12-31,Mode,123.31,1,22,F,Nice,Facebook,2.6,38,Printemps,134.7,125.24,0
4075,2024-12-31,Mode,46.74,3,41,F,Nice,Google_Ads,4.0,34,Printemps,135.94,123.91,0
4076,2024-12-31,Maison,173.83,2,36,F,Lyon,Google_Ads,2.9,78,Printemps,330.41,308.44,0
4077,2024-12-31,Sport,118.1,1,48,M,Nice,SEO,4.8,229,Printemps,116.02,115.75,1
4078,2024-12-31,Sport,57.89,4,43,F,Lyon,Google_Ads,3.2,162,Printemps,227.6,202.13,1
4079,2024-12-31,Maison,118.68,1,18,M,Paris,Google_Ads,2.9,106,Printemps,117.69,116.67,0
4080,2024-12-31,Électronique,605.01,2,25,M,Paris,Google_Ads,3.7,91,Printemps,1255.65,1095.38,1
4081,2024-12-31,Mode,50.75,4,51,F,Toulouse,Google_Ads,4.2,283,Printemps,217.94,188.88,1
4082,2024-12-31,Mode,110.56,3,32,M,Nice,SEO,2.5,110,Printemps,302.32,286.66,0
4083,2024-12-31,Mode,127.29,4,49,M,Toulouse,Instagram,3.2,64,Printemps,508.2,451.12,0
4084,2024-12-31,Sport,69.88,2,33,M,Lyon,Google_Ads,3.9,95,Printemps,137.36,125.91,0
4085,2024-12-31,Mode,50.72,3,23,F,Marseille,Email,5.0,219,Printemps,137.29,131.72,1
4086,2024-12-31,Électronique,532.08,1,31,M,Toulouse,Instagram,1.0,24,Printemps,565.76,526.29,0
4087,2024-12-31,Mode,105.41,6,23,F,Bordeaux,Facebook,4.5,193,Printemps,582.39,496.24,1
4088,2024-12-31,Livres,16.6,2,28,F,Lyon,Google_Ads,3.4,89,Printemps,30.65,27.46,0
4089,2024-12-31,Électronique,238.42,4,37,M,Nantes,Google_Ads,3.3,79,Printemps,867.52,745.81,1
4090,2024-12-31,Maison,157.42,1,41,M,Nice,Facebook,3.1,56,Printemps,147.99,146.35,0
4091,2024-12-31,Mode,125.77,1,18,F,Lyon,SEO,3.4,110,Printemps,117.64,114.02,0
4092,2024-12-31,Électronique,489.11,1,34,M,Paris,Google_Ads,4.5,127,Printemps,474.23,473.08,1
4093,2024-12-31,Mode,73.46,1,27,M,Bordeaux,Google_Ads,3.2,91,Printemps,75.8,74.5,0
4094,2024-12-31,Maison,234.4,2,27,F,Nice,Google_Ads,5.0,70,Printemps,427.01,393.41,1
4095,2024-12-31,Mode,100.22,1,36,F,Bordeaux,Google_Ads,4.5,141,Printemps,107.45,105.55,0
4096,2024-12-31,Sport,134.19,2,28,F,Lille,Instagram,4.0,219,Printemps,259.08,246.35,1
4097,2024-12-31,Mode,87.36,2,51,M,Lyon,Direct,3.6,204,Printemps,178.45,165.73,0
4098,2024-12-31,Électronique,882.86,3,49,M,Lille,Google_Ads,5.0,74,Printemps,2390.08,2164.45,1
4099,2024-12-31,Livres,27.6,1,49,F,Paris,Facebook,5.0,71,Printemps,26.86,25.57,0
4100,2024-12-31,Mode,119.77,1,29,M,Lille,Email,2.5,89,Printemps,107.84,101.21,0
4101,2024-12-31,Maison,185.89,2,23,M,Marseille,Email,3.0,43,Printemps,346.9,326.83,1
4102,2024-12-31,Sport,136.23,1,35,M,Lyon,Google_Ads,4.5,132,Printemps,134.81,122.67,0
4103,2024-12-31,Mode,60.82,6,33,F,Lyon,Facebook,4.8,73,Printemps,367.45,353.08,1
4104,2024-12-31,Maison,114.63,1,27,M,Bordeaux,Facebook,3.5,59,Printemps,106.67,91.97,0
4105,2024-12-31,Électronique,753.51,1,20,M,Nice,Instagram,3.0,161,Printemps,790.47,758.0,1
4106,2024-12-31,Mode,61.43,3,34,F,Toulouse,Instagram,3.9,49,Printemps,172.82,165.84,0
4107,2024-12-31,Électronique,604.87,4,30,F,Lille,Facebook,5.0,151,Printemps,2233.59,2071.41,1
4108,2024-12-31,Sport,74.29,2,43,M,Bordeaux,Facebook,3.8,33,Printemps,143.63,127.76,0
4109,2024-12-31,Électronique,776.46,1,42,F,Nantes,Instagram,2.4,202,Printemps,784.45,727.88,1
4110,2024-12-31,Maison,79.89,3,48,M,Nice,Email,3.9,96,Printemps,263.11,228.5,0
4111,2024-12-31,Livres,31.4,2,19,F,Lille,Facebook,4.7,44,Printemps,61.77,55.15,0
4112,2024-12-31,Mode,91.27,3,39,F,Toulouse,Facebook,3.7,92,Printemps,269.75,246.33,0
4113,2024-12-31,Mode,50.72,6,26,F,Lille,Instagram,5.0,281,Printemps,277.52,263.92,1
4114,2024-12-31,Mode,85.35,1,20,F,Nice,SEO,4.8,50,Printemps,89.89,78.93,0
4115,2024-12-31,Mode,60.04,3,29,F,Toulouse,Email,3.7,135,Printemps,168.67,147.37,0
4116,2024-12-31,Mode,64.04,3,47,M,Toulouse,Instagram,3.8,109,Printemps,201.52,189.66,1
4117,2024-12-31,Maison,123.28,1,30,F,Paris,Facebook,1.8,54,Printemps,133.4,126.99,0
4118,2024-12-31,Livres,10.71,2,53,M,Nice,Facebook,5.0,107,Printemps,22.57,19.47,0
4119,2024-12-31,Livres,35.62,3,41,F,Lille,Facebook,3.4,93,Printemps,109.91,93.97,1
4120,2024-12-31,Sport,46.52,1,30,F,Bordeaux,Facebook,3.4,30,Printemps,47.49,41.41,0
4121,2024-12-31,Sport,126.97,1,48,F,Nice,SEO,3.2,53,Printemps,125.79,123.92,0
4122,2024-12-31,Mode,68.69,1,40,M,Nantes,Instagram,4.3,75,Printemps,63.81,60.68,0
4123,2024-12-31,Maison,176.28,1,23,F,Toulouse,Facebook,2.6,183,Printemps,186.11,183.91,0
4124,2024-12-31,Sport,87.92,2,57,F,Nice,Google_Ads,2.7,273,Printemps,175.05,166.24,0
4125,2024-12-31,Mode,98.19,4,38,M,Lille,Instagram,3.7,40,Printemps,402.63,400.53,0
4126,2024-12-31,Livres,28.69,3,35,F,Lille,Instagram,3.1,139,Printemps,83.9,76.84,1
4127,2024-12-31,Mode,99.83,2,24,F,Lyon,SEO,4.2,40,Printemps,187.71,176.42,0
4128,2024-12-31,Maison,80.51,2,49,M,Lyon,Google_Ads,3.2,251,Printemps,170.9,160.67,0
4129,2024-12-31,Maison,178.24,1,41,M,Nantes,Instagram,5.0,130,Printemps,172.62,146.81,0
4130,2024-12-31,Livres,16.56,3,42,F,Toulouse,SEO,4.6,89,Printemps,53.32,45.54,0
4131,2024-12-31,Électronique,244.44,1,28,M,Lyon,Google_Ads,4.5,76,Printemps,267.21,232.95,0
4132,2024-12-31,Maison,134.67,1,45,M,Marseille,Instagram,3.1,86,Printemps,143.56,133.03,0
4133,2024-12-31,Mode,74.77,1,45,M,Lyon,Facebook,5.0,67,Printemps,69.21,63.3,0
4134,2024-12-31,Mode,78.05,1,26,F,Marseille,Instagram,3.3,73,Printemps,83.59,77.82,0
4135,2024-12-31,Sport,132.37,2,18,M,Nice,Email,3.0,43,Printemps,265.76,257.8,0
4136,2024-12-31,Maison,115.59,2,41,F,Nantes,Instagram,4.6,136,Printemps,219.23,213.38,0
4137,2024-12-31,Maison,116.75,2,18,M,Marseille,Instagram,4.0,74,Printemps,214.5,213.76,0
4138,2024-12-31,Mode,38.4,1,36,F,Nice,Direct,2.9,92,Printemps,36.7,34.27,0
4139,2024-12-31,Mode,99.47,4,29,M,Nantes,Instagram,5.0,211,Printemps,369.01,332.88,1
4140,2024-12-31,Maison,162.21,2,49,F,Bordeaux,Facebook,4.9,150,Printemps,293.64,263.16,0
4141,2024-12-31,Mode,66.57,1,30,F,Lyon,Instagram,3.8,55,Printemps,73.06,65.84,0
4142,2024-12-31,Électronique,701.0,1,48,M,Lille,SEO,5.0,143,Printemps,747.48,671.67,1
4143,2024-12-31,Livres,23.51,2,28,F,Toulouse,Facebook,4.7,112,Printemps,49.26,44.78,0
4144,2024-12-31,Mode,78.25,1,46,F,Paris,Email,3.8,30,Printemps,73.45,63.25,0
4145,2024-12-31,Maison,152.04,1,59,M,Toulouse,Facebook,5.0,145,Printemps,137.68,130.11,0
4146,2024-12-31,Mode,94.54,1,22,M,Lille,Facebook,4.5,101,Printemps,94.26,88.16,0
4147,2024-12-31,Mode,96.85,1,38,F,Lyon,Facebook,4.5,73,Printemps,101.53,93.34,0
4148,2024-12-31,Mode,60.67,1,67,F,Lille,Instagram,3.4,134,Printemps,66.29,57.15,0
4149,2024-12-31,Mode,46.22,1,35,M,Lyon,Facebook,3.9,60,Printemps,49.4,42.68,0
4150,2024-12-31,Mode,47.77,1,35,M,Toulouse,Instagram,3.3,126,Printemps,51.53,48.02,1
4151,2024-12-31,Mode,94.84,1,44,F,Lyon,Instagram,5.0,217,Printemps,89.88,76.89,0
4152,2024-12-31,Mode,117.61,1,35,M,Lille,Instagram,2.0,41,Printemps,109.5,104.98,0
4153,2024-12-31,Électronique,501.41,3,18,M,Nice,Email,5.0,142,Printemps,1428.35,1427.02,1
4154,2024-12-31,Mode,49.03,1,48,F,Marseille,Instagram,2.8,23,Printemps,45.48,42.74,0
4155,2024-12-31,Électronique,735.71,1,18,F,Bordeaux,Facebook,3.7,85,Printemps,779.63,747.28,1
4156,2024-12-31,Électronique,786.93,1,29,F,Bordeaux,Instagram,3.5,103,Printemps,850.36,778.8,1
4157,2024-12-31,Livres,32.78,1,49,M,Bordeaux,Instagram,3.2,64,Printemps,31.51,29.94,1
4158,2024-12-31,Maison,169.23,4,30,F,Bordeaux,Facebook,4.6,97,Printemps,727.95,689.93,1
4159,2024-12-31,Maison,214.93,1,26,F,Nice,Google_Ads,3.8,68,Printemps,195.8,190.64,0
4160,2024-12-31,Mode,34.0,2,45,M,Paris,Facebook,3.1,47,Printemps,70.42,67.37,0
4161,2024-12-31,Livres,11.9,1,24,F,Nantes,Instagram,4.0,154,Printemps,11.96,11.51,0
4162,2024-12-31,Maison,76.66,2,20,M,Lyon,Email,3.0,36,Printemps,146.48,136.74,0
4163,2024-12-31,Sport,133.36,2,38,F,Nice,SEO,3.2,111,Printemps,281.02,259.29,0
4164,2024-12-31,Mode,39.28,2,32,M,Paris,Google_Ads,2.2,63,Printemps,74.04,68.03,0
4165,2024-12-31,Livres,22.4,1,20,F,Bordeaux,Google_Ads,3.3,86,Printemps,22.03,20.02,0
4166,2024-12-31,Sport,102.77,4,42,F,Bordeaux,Google_Ads,4.3,119,Printemps,428.33,381.18,0
4167,2024-12-31,Sport,82.11,1,40,M,Toulouse,Email,3.8,177,Printemps,79.46,67.94,0
4168,2024-12-31,Électronique,812.52,1,30,M,Lille,Google_Ads,5.0,75,Printemps,870.27,827.34,1
4169,2024-12-31,Mode,49.12,4,31,M,Bordeaux,Instagram,5.0,52,Printemps,210.83,207.7,1
4170,2024-12-31,Mode,66.87,1,40,M,Lyon,Instagram,3.3,89,Printemps,62.89,62.23,0
4171,2024-12-31,Mode,107.98,3,49,F,Toulouse,Instagram,2.9,86,Printemps,320.08,299.94,1
4172,2024-12-31,Sport,46.38,2,31,F,Bordeaux,SEO,5.0,248,Printemps,91.5,79.06,0
4173,2024-12-31,Électronique,679.24,2,42,M,Bordeaux,Email,4.2,50,Printemps,1334.04,1309.76,1
4174,2024-12-31,Électronique,776.07,2,41,M,Nice,SEO,5.0,151,Printemps,1552.75,1494.0,1
4175,2024-12-31,Mode,123.4,1,45,M,Paris,Google_Ads,4.2,112,Printemps,112.89,100.22,0
4176,2024-12-31,Électronique,816.5,4,35,M,Nice,Google_Ads,3.6,166,Printemps,3507.72,3404.35,1
4177,2024-12-31,Électronique,440.58,2,24,F,Lyon,Google_Ads,3.6,46,Printemps,844.14,777.29,1
4178,2024-12-31,Sport,117.26,3,29,F,Marseille,Facebook,4.3,92,Printemps,316.73,311.39,1
4179,2024-12-31,Maison,73.91,2,39,F,Lille,Google_Ads,3.6,183,Printemps,153.3,136.0,0
4180,2024-12-31,Électronique,399.06,3,56,M,Marseille,Instagram,5.0,32,Printemps,1233.22,1196.39,1
4181,2024-12-31,Mode,41.69,1,29,M,Nantes,Google_Ads,2.4,37,Printemps,45.71,43.74,0
4182,2024-12-31,Mode,63.23,3,44,M,Nice,Instagram,5.0,146,Printemps,198.01,168.74,1
4183,2024-12-31,Électronique,815.75,2,31,F,Paris,Email,1.7,32,Printemps,1576.91,1473.63,1
4184,2024-12-31,Maison,122.49,1,36,F,Bordeaux,SEO,4.0,94,Printemps,133.58,127.88,0
4185,2024-12-31,Maison,161.14,1,53,M,Lille,Instagram,3.4,52,Printemps,156.8,136.96,0
4186,2024-12-31,Maison,138.01,1,44,M,Nice,Facebook,2.1,90,Printemps,146.88,136.56,0
4187,2024-12-31,Maison,142.6,1,20,F,Nantes,Google_Ads,1.5,199,Printemps,137.92,123.52,0
4188,2024-12-31,Électronique,879.46,2,28,M,Nantes,Google_Ads,2.6,54,Printemps,1600.16,1527.26,1
4189,2024-12-31,Livres,17.0,1,50,F,Nice,Instagram,3.9,57,Printemps,17.79,16.56,0
4190,2024-12-31,Sport,122.48,3,36,F,Lyon,SEO,3.1,167,Printemps,356.44,336.2,1
4191,2024-12-31,Livres,20.34,1,21,M,Nice,Instagram,2.7,44,Printemps,19.69,16.95,0
4192,2024-12-31,Électronique,266.27,1,25,M,Lille,Facebook,5.0,45,Printemps,277.77,241.84,0
4193,2024-12-31,Livres,22.21,3,43,M,Nantes,Facebook,2.4,46,Printemps,64.26,59.95,0
4194,2024-12-31,Sport,146.2,1,46,F,Paris,Instagram,4.5,130,Printemps,135.03,118.45,0
4195,2024-12-31,Sport,55.09,2,35,F,Bordeaux,Google_Ads,2.8,50,Printemps,108.08,99.95,0
4196,2024-12-31,Électronique,271.97,2,64,F,Paris,Instagram,2.6,98,Printemps,579.18,552.25,1
4197,2024-12-31,Maison,87.65,1,44,F,Toulouse,Email,3.1,124,Printemps,81.17,78.85,0
4198,2024-12-31,Livres,29.64,1,32,F,Nice,Instagram,4.5,80,Printemps,29.96,26.11,0
4199,2024-12-31,Maison,190.32,2,25,F,Nantes,Facebook,2.3,63,Printemps,352.64,338.99,1
4200,2024-12-31,Maison,161.7,2,23,F,Lyon,Facebook,4.1,91,Printemps,294.25,266.14,0
4201,2024-12-31,Livres,21.64,2,39,F,Marseille,Instagram,2.7,234,Printemps,42.23,40.2,0
4202,2024-12-31,Mode,119.11,2,29,M,Bordeaux,Instagram,2.9,62,Printemps,245.75,214.24,0
4203,2024-12-31,Maison,198.01,3,55,M,Bordeaux,Instagram,4.2,95,Printemps,567.28,526.03,0
4204,2024-12-31,Mode,111.66,1,52,M,Nice,SEO,5.0,246,Printemps,110.45,107.76,0
4205,2024-12-31,Livres,30.96,3,42,F,Nice,Facebook,2.8,212,Printemps,92.71,80.29,1
4206,2024-12-31,Électronique,658.83,1,20,F,Paris,Instagram,4.6,69,Printemps,703.8,685.61,1
4207,2024-12-31,Mode,77.16,2,26,F,Nice,SEO,3.5,47,Printemps,164.16,150.68,0
4208,2024-12-31,Maison,215.64,2,50,F,Paris,Instagram,3.3,146,Printemps,388.36,378.06,1
4209,2024-12-31,Sport,160.57,3,28,F,Paris,Instagram,5.0,96,Printemps,473.4,470.45,1
4210,2024-12-31,Maison,64.29,1,48,F,Nantes,SEO,2.9,200,Printemps,66.29,57.94,0
4211,2024-12-31,Livres,10.39,2,40,M,Bordeaux,SEO,2.5,33,Printemps,22.25,21.16,0
4212,2024-12-31,Livres,34.89,3,35,M,Paris,Facebook,4.3,50,Printemps,95.22,84.29,0
4213,2024-12-31,Électronique,412.08,1,26,F,Nice,Google_Ads,5.0,103,Printemps,422.65,367.85,1
4214,2024-12-31,Mode,117.65,3,33,M,Toulouse,Email,4.6,106,Printemps,377.1,356.07,1
4215,2024-12-31,Électronique,487.44,2,37,F,Lille,SEO,2.3,50,Printemps,927.12,803.07,1
4216,2024-12-31,Mode,44.11,1,47,M,Nantes,SEO,3.1,96,Printemps,41.51,38.18,0
4217,2024-12-31,Mode,40.34,1,24,M,Nice,SEO,4.9,176,Printemps,40.08,37.89,0
4218,2024-12-31,Livres,13.23,2,31,M,Nantes,Facebook,5.0,106,Printemps,28.9,26.73,0
4219,2024-12-31,Sport,74.36,1,35,F,Lille,Facebook,4.1,162,Printemps,77.23,73.72,0
4220,2024-12-31,Électronique,554.75,1,42,F,Lille,Instagram,3.2,70,Printemps,546.37,530.1,1
4221,2024-12-31,Électronique,698.51,4,24,F,Nantes,Google_Ads,5.0,191,Printemps,2526.3,2477.89,1
4222,2024-12-31,Maison,237.55,3,19,F,Bordeaux,Google_Ads,3.7,119,Printemps,720.74,673.16,1
4223,2024-12-31,Mode,75.55,3,43,M,Paris,Direct,3.1,49,Printemps,219.79,195.94,1
4224,2024-12-31,Mode,83.02,3,18,M,Toulouse,SEO,2.9,109,Printemps,233.41,216.25,1
4225,2024-12-31,Sport,109.03,3,50,M,Lyon,SEO,2.5,81,Printemps,327.1,297.06,0
4226,2024-12-31,Livres,23.56,1,33,M,Paris,Instagram,5.0,114,Printemps,22.82,20.17,0
4227,2024-12-31,Mode,82.98,1,18,M,Bordeaux,SEO,5.0,102,Printemps,75.32,70.0,0
4228,2024-12-31,Sport,43.62,1,29,F,Lille,Email,3.1,61,Printemps,45.59,38.9,0
4229,2024-12-31,Mode,32.67,3,39,F,Bordeaux,Instagram,5.0,122,Printemps,102.56,96.5,0
4230,2024-12-31,Maison,77.58,3,28,M,Nice,Facebook,4.4,101,Printemps,238.27,231.9,0
4231,2024-12-31,Mode,42.4,3,35,F,Paris,Instagram,4.3,47,Printemps,135.88,135.86,0
4232,2024-12-31,Électronique,700.81,1,43,F,Toulouse,Instagram,3.0,118,Printemps,659.2,651.46,1
4233,2024-12-31,Livres,14.53,2,32,F,Bordeaux,SEO,3.2,31,Printemps,27.82,24.02,0
4234,2024-12-31,Mode,119.73,4,23,M,Lyon,Instagram,3.8,137,Printemps,474.98,415.3,1
4235,2024-12-31,Maison,227.15,2,31,M,Bordeaux,Facebook,1.6,38,Printemps,414.34,360.8,0
4236,2024-12-31,Mode,127.65,2,51,F,Nice,Direct,3.3,47,Printemps,274.88,256.67,0
4237,2024-12-31,Électronique,858.88,2,55,M,Marseille,Facebook,3.8,41,Printemps,1714.54,1469.17,1
4238,2024-12-31,Électronique,408.52,5,18,M,Bordeaux,Facebook,5.0,336,Printemps,1970.99,1952.37,1
4239,2024-12-31,Mode,82.2,2,48,M,Paris,SEO,3.1,181,Printemps,163.68,140.65,0
4240,2024-12-31,Maison,91.58,2,38,M,Marseille,Google_Ads,4.7,71,Printemps,176.76,160.62,1
4241,2024-12-31,Mode,111.11,1,46,M,Nice,SEO,1.5,79,Printemps,106.36,104.66,0
4242,2024-12-31,Maison,219.92,3,28,M,Lille,Email,5.0,138,Printemps,652.89,647.84,1
4243,2024-12-31,Maison,213.23,1,18,F,Paris,Facebook,2.8,46,Printemps,212.46,195.42,0
4244,2024-12-31,Maison,138.01,3,42,F,Nice,SEO,3.9,25,Printemps,408.5,377.15,0
4245,2024-12-31,Mode,106.47,1,23,F,Nantes,Facebook,4.2,68,Printemps,107.49,101.63,0
4246,2024-12-31,Livres,11.63,1,18,F,Lyon,Direct,4.0,45,Printemps,12.29,11.2,0
4247,2024-12-31,Mode,36.42,2,19,F,Bordeaux,Instagram,3.7,63,Printemps,66.4,59.67,0
4248,2024-12-31,Mode,105.94,1,42,F,Bordeaux,Instagram,2.4,86,Printemps,112.54,108.14,0
4249,2024-12-31,Électronique,512.11,1,36,F,Paris,SEO,2.8,30,Printemps,484.31,454.91,0
4250,2024-12-31,Mode,129.57,3,44,F,Bordeaux,Facebook,4.9,89,Printemps,369.43,340.7,0
4251,2024-12-31,Électronique,290.65,3,43,F,Bordeaux,SEO,3.1,79,Printemps,889.29,769.34,1
4252,2024-12-31,Maison,214.01,1,29,M,Lille,Google_Ads,3.7,115,Printemps,234.37,201.64,1
4253,2024-12-31,Électronique,548.99,3,34,M,Nice,Email,2.2,83,Printemps,1488.0,1378.81,1
4254,2024-12-31,Mode,113.15,1,28,M,Bordeaux,Email,4.7,113,Printemps,117.07,110.38,1
4255,2024-12-31,Sport,146.68,1,32,F,Bordeaux,SEO,2.3,77,Printemps,152.46,144.63,0
4256,2024-12-31,Mode,121.81,1,23,F,Lille,Facebook,4.8,137,Printemps,123.6,121.65,0
4257,2024-12-31,Électronique,426.05,2,39,F,Nice,SEO,2.6,102,Printemps,768.54,747.35,1
4258,2024-12-31,Électronique,866.11,1,47,F,Nantes,Facebook,4.9,45,Printemps,884.54,770.53,1
4259,2024-12-31,Sport,61.84,5,25,M,Bordeaux,Google_Ads,3.8,155,Printemps,285.38,276.58,0
4260,2024-12-31,Électronique,280.33,3,50,F,Nantes,Facebook,3.2,75,Printemps,770.02,732.63,1
4261,2024-12-31,Mode,74.58,5,36,M,Nice,Email,5.0,182,Printemps,387.54,377.54,1
4262,2024-12-31,Mode,113.26,1,37,M,Lille,Google_Ads,3.7,101,Printemps,117.8,115.03,0
4263,2024-12-31,Maison,145.22,1,18,F,Lyon,Instagram,3.4,160,Printemps,156.54,141.17,0
4264,2024-12-31,Maison,209.27,1,18,F,Nice,Facebook,4.8,158,Printemps,188.49,167.66,0
4265,2024-12-31,Sport,135.54,1,36,F,Nice,SEO,2.2,45,Printemps,132.25,123.37,0
4266,2024-12-31,Électronique,366.36,1,44,F,Bordeaux,Instagram,1.0,43,Printemps,330.63,295.84,0
4267,2024-12-31,Mode,125.02,2,26,M,Nice,Instagram,5.0,201,Printemps,243.26,219.53,1
4268,2024-12-31,Mode,38.43,1,55,M,Paris,Email,2.9,122,Printemps,38.36,33.01,0
4269,2024-12-31,Électronique,831.34,1,43,M,Marseille,Instagram,4.8,205,Printemps,836.28,835.2,1
4270,2024-12-31,Mode,62.18,6,24,M,Lyon,Google_Ads,3.9,50,Printemps,362.35,324.81,1
4271,2024-12-31,Mode,81.26,1,35,F,Bordeaux,Google_Ads,2.5,61,Printemps,84.93,82.12,0
4272,2024-12-31,Mode,73.68,2,64,F,Paris,Google_Ads,4.5,85,Printemps,144.87,144.72,0
4273,2024-12-31,Maison,90.93,1,20,F,Marseille,Google_Ads,3.3,112,Printemps,91.24,90.82,0
4274,2024-12-31,Mode,67.42,1,41,F,Lille,Instagram,2.6,54,Printemps,71.47,67.54,0
4275,2024-12-31,Maison,94.73,2,31,F,Bordeaux,Google_Ads,2.6,136,Printemps,177.12,164.86,0
4276,2024-12-31,Mode,52.38,1,43,M,Toulouse,Facebook,1.9,88,Printemps,50.5,45.27,0
4277,2024-12-31,Mode,50.74,3,50,F,Nantes,Facebook,4.2,110,Printemps,152.87,149.69,0
4278,2024-12-31,Mode,80.18,1,30,M,Nantes,SEO,2.8,98,Printemps,84.47,76.08,0
4279,2024-12-31,Électronique,763.6,1,48,M,Lille,Instagram,3.8,80,Printemps,752.2,651.42,1
4280,2024-12-31,Électronique,609.05,4,61,F,Lyon,Email,3.6,110,Printemps,2228.05,1992.13,1
4281,2024-12-31,Mode,119.59,2,35,M,Nantes,Instagram,2.8,117,Printemps,262.56,235.58,0
4282,2024-12-31,Livres,26.19,1,44,F,Marseille,Instagram,2.1,60,Printemps,27.28,26.12,0
4283,2024-12-31,Maison,184.08,3,27,F,Nantes,SEO,5.0,68,Printemps,576.84,504.99,1
4284,2024-12-31,Électronique,675.63,1,35,M,Toulouse,SEO,3.7,85,Printemps,670.92,602.17,1
4285,2024-12-31,Sport,99.81,1,32,F,Toulouse,Instagram,5.0,96,Printemps,100.75,86.79,0
4286,2024-12-31,Maison,184.08,1,44,M,Marseille,Facebook,5.0,159,Printemps,202.27,197.67,0
4287,2024-12-31,Maison,72.55,1,49,M,Nantes,Email,3.4,70,Printemps,73.93,70.88,0
4288,2024-12-31,Sport,152.13,1,33,M,Lille,Instagram,4.0,153,Printemps,143.58,131.46,0
4289,2024-12-31,Mode,108.34,1,53,M,Lille,Instagram,4.0,172,Printemps,118.4,108.28,0
4290,2024-12-31,Électronique,390.53,3,53,F,Nantes,Facebook,5.0,99,Printemps,1180.44,1032.83,1
4291,2024-12-31,Mode,107.38,2,45,F,Toulouse,Instagram,4.7,113,Printemps,194.18,176.25,0
4292,2024-12-31,Mode,33.73,2,28,F,Lyon,Email,2.9,136,Printemps,68.46,67.5,0
4293,2024-12-31,Mode,53.68,4,27,F,Nice,Instagram,4.2,191,Printemps,196.28,170.92,1
4294,2024-12-31,Maison,71.72,5,25,F,Paris,Facebook,4.7,107,Printemps,360.6,347.89,0
4295,2024-12-31,Livres,30.07,1,46,M,Toulouse,Facebook,2.5,55,Printemps,32.02,27.45,0
4296,2024-12-31,Livres,29.41,1,20,F,Nantes,Google_Ads,4.3,154,Printemps,29.64,26.58,0
4297,2024-12-31,Sport,146.24,1,43,M,Toulouse,Facebook,5.0,100,Printemps,142.54,139.26,0
4298,2024-12-31,Sport,43.07,1,22,M,Nice,Instagram,2.9,54,Printemps,46.37,42.51,0
4299,2024-12-31,Livres,22.53,3,44,F,Toulouse,SEO,3.0,171,Printemps,73.38,70.11,1
4300,2024-12-31,Électronique,700.76,1,35,F,Bordeaux,Email,5.0,120,Printemps,679.39,588.03,1
4301,2024-12-31,Mode,47.65,2,51,F,Paris,Google_Ads,3.4,189,Printemps,95.28,90.76,1
4302,2024-12-31,Mode,95.85,1,48,F,Toulouse,SEO,2.7,126,Printemps,105.11,102.26,0
4303,2024-12-31,Sport,53.22,2,52,M,Nantes,Google_Ads,4.8,100,Printemps,99.59,96.69,0
4304,2024-12-31,Mode,50.18,1,52,F,Toulouse,Facebook,4.4,168,Printemps,48.15,44.1,0
4305,2024-12-31,Maison,145.64,6,36,M,Marseille,Facebook,3.9,149,Printemps,861.35,848.97,1
4306,2024-12-31,Électronique,666.16,2,21,F,Bordeaux,SEO,5.0,61,Printemps,1225.96,1147.8,1
4307,2024-12-31,Mode,46.72,2,22,M,Nice,Google_Ads,5.0,154,Printemps,89.18,86.75,0
4308,2024-12-31,Maison,93.34,2,18,M,Lyon,SEO,3.7,242,Printemps,188.35,166.13,0
4309,2024-12-31,Électronique,363.0,1,21,F,Paris,Google_Ads,5.0,103,Printemps,343.29,302.62,0
4310,2024-12-31,Mode,55.77,1,35,F,Paris,SEO,5.0,163,Printemps,57.85,55.72,0
4311,2024-12-31,Mode,54.59,1,28,M,Bordeaux,Google_Ads,1.6,221,Printemps,52.93,50.12,0
4312,2024-12-31,Mode,71.03,1,32,M,Lyon,SEO,2.7,73,Printemps,65.2,62.03,0
4313,2024-12-31,Maison,177.68,2,40,F,Toulouse,Instagram,1.3,87,Printemps,374.17,331.32,1
4314,2024-12-31,Mode,75.21,1,31,F,Nantes,Instagram,3.4,105,Printemps,76.22,69.36,1
4315,2024-12-31,Maison,199.68,1,21,F,Lyon,SEO,2.5,89,Printemps,212.65,188.99,0
4316,2024-12-31,Électronique,710.51,1,34,F,Nantes,Facebook,2.9,252,Printemps,690.63,594.1,1
4317,2024-12-31,Sport,58.63,2,24,F,Paris,Instagram,5.0,48,Printemps,105.99,93.34,0
4318,2024-12-31,Mode,37.26,3,31,F,Toulouse,Direct,1.9,77,Printemps,101.65,101.58,0
4319,2024-12-31,Maison,218.03,2,51,M,Nantes,Facebook,3.9,89,Printemps,461.83,408.76,1
4320,2024-12-31,Maison,74.37,1,31,F,Paris,Facebook,3.9,90,Printemps,73.04,63.83,0
4321,2024-12-31,Électronique,325.13,1,56,F,Lille,Instagram,3.7,55,Printemps,356.11,339.91,0
4322,2024-12-31,Sport,45.32,1,52,F,Bordeaux,Instagram,3.9,174,Printemps,48.32,45.43,0
4323,2024-12-31,Maison,173.1,1,28,M,Toulouse,SEO,1.3,106,Printemps,156.35,150.39,0
4324,2024-12-31,Mode,89.28,1,21,F,Lyon,Google_Ads,2.9,60,Printemps,95.89,90.91,0
4325,2024-12-31,Électronique,891.16,5,34,M,Marseille,Instagram,5.0,82,Printemps,4199.92,3710.41,1
4326,2024-12-31,Livres,32.95,1,48,F,Bordeaux,Google_Ads,2.5,45,Printemps,32.86,30.4,0
4327,2024-12-31,Sport,94.88,1,29,F,Nice,Instagram,5.0,87,Printemps,95.0,83.27,0
4328,2024-12-31,Électronique,475.82,2,45,F,Nantes,Direct,2.3,97,Printemps,867.84,770.67,1
4329,2024-12-31,Mode,61.44,1,49,M,Lille,SEO,2.1,38,Printemps,56.84,56.73,0
4330,2024-12-31,Sport,61.93,1,25,M,Bordeaux,SEO,2.8,76,Printemps,60.98,58.5,0
4331,2024-12-31,Maison,84.86,1,26,M,Paris,Facebook,5.0,42,Printemps,87.28,84.43,0
4332,2024-12-31,Sport,59.37,2,43,M,Bordeaux,Direct,3.2,65,Printemps,113.14,96.68,0
4333,2024-12-31,Mode,43.63,3,36,M,Toulouse,Facebook,4.2,120,Printemps,131.57,119.38,0
4334,2024-12-31,Maison,103.29,2,26,F,Nantes,SEO,3.9,82,Printemps,201.59,188.14,0
4335,2024-12-31,Mode,62.4,1,30,M,Bordeaux,Facebook,3.7,44,Printemps,64.03,55.86,0
4336,2024-12-31,Électronique,874.07,3,34,M,Toulouse,Email,5.0,125,Printemps,2582.57,2523.9,1
4337,2024-12-31,Maison,164.13,2,18,F,Bordeaux,SEO,4.6,96,Printemps,351.34,305.99,0
4338,2024-12-31,Livres,35.67,2,44,M,Nantes,SEO,2.5,60,Printemps,78.23,73.97,0
4339,2024-12-31,Mode,68.82,1,29,M,Marseille,Google_Ads,3.5,77,Printemps,74.5,69.51,0
4340,2024-12-31,Mode,77.12,1,18,F,Lille,Email,5.0,89,Printemps,72.01,70.38,0
4341,2024-12-31,Maison,118.42,5,34,F,Bordeaux,Google_Ads,4.2,61,Printemps,587.05,526.45,1
4342,2024-12-31,Mode,50.33,4,26,F,Bordeaux,Direct,2.1,150,Printemps,199.67,178.23,1
4343,2024-12-31,Sport,60.75,2,55,F,Marseille,SEO,2.2,163,Printemps,129.78,126.79,0
4344,2024-12-31,Sport,163.0,1,27,F,Lyon,Facebook,4.8,31,Printemps,158.34,139.85,0
4345,2024-12-31,Électronique,891.1,1,21,F,Bordeaux,Google_Ads,4.6,101,Printemps,899.94,865.66,1
4346,2024-12-31,Livres,10.21,6,41,F,Toulouse,Google_Ads,2.8,193,Printemps,62.61,55.02,1
4347,2024-12-31,Sport,61.67,4,27,F,Nantes,Google_Ads,4.6,81,Printemps,227.51,223.27,1
4348,2024-12-31,Sport,96.5,5,25,M,Nice,Email,5.0,178,Printemps,488.09,476.31,1
4349,2024-12-31,Maison,93.54,1,41,F,Toulouse,Instagram,5.0,158,Printemps,88.8,85.97,0
4350,2024-12-31,Sport,88.89,1,22,F,Nantes,SEO,5.0,64,Printemps,83.68,77.3,0
4351,2024-12-31,Électronique,312.14,1,18,F,Nice,Instagram,4.4,96,Printemps,296.55,253.58,0
4352,2024-12-31,Mode,77.01,1,55,M,Bordeaux,Google_Ads,3.6,95,Printemps,70.84,61.62,0
4353,2024-12-31,Sport,77.14,1,41,F,Lyon,Instagram,3.4,67,Printemps,70.5,64.76,0
4354,2024-12-31,Électronique,462.54,1,31,F,Nantes,Google_Ads,3.8,125,Printemps,476.12,407.82,0
4355,2024-12-31,Électronique,288.66,1,34,F,Toulouse,Instagram,2.8,130,Printemps,314.12,269.99,1
4356,2024-12-31,Sport,97.09,1,41,M,Nice,SEO,3.4,100,Printemps,100.74,87.52,0
4357,2024-12-31,Sport,167.87,3,46,M,Nice,Facebook,5.0,168,Printemps,484.65,430.91,1
4358,2024-12-31,Électronique,446.96,1,25,F,Toulouse,Google_Ads,2.0,88,Printemps,432.22,415.96,1
4359,2024-12-31,Sport,154.24,3,39,F,Bordeaux,Instagram,2.1,81,Printemps,466.56,399.94,0
4360,2024-12-31,Maison,211.78,1,28,F,Bordeaux,Google_Ads,4.7,38,Printemps,227.29,226.73,0
4361,2024-12-31,Mode,125.33,1,32,F,Bordeaux,Instagram,3.4,45,Printemps,117.87,105.03,0
4362,2024-12-31,Sport,143.24,2,36,M,Lille,SEO,1.7,189,Printemps,284.67,255.65,1
4363,2024-12-31,Mode,96.81,2,34,F,Nantes,SEO,3.7,131,Printemps,193.58,171.74,0
4364,2024-12-31,Électronique,803.19,1,43,M,Paris,Google_Ads,3.6,205,Printemps,872.47,820.43,1
4365,2024-12-31,Mode,39.88,2,40,F,Lille,Instagram,3.3,83,Printemps,80.33,68.51,0
4366,2024-12-31,Mode,77.63,3,18,M,Lyon,Email,4.6,352,Printemps,245.96,212.52,1
4367,2024-12-31,Mode,128.95,1,18,F,Lille,Facebook,2.3,80,Printemps,118.32,102.33,0
4368,2024-12-31,Sport,140.62,1,30,F,Toulouse,Instagram,3.8,88,Printemps,135.76,128.93,0
4369,2024-12-31,Sport,165.16,3,56,M,Lille,Instagram,3.6,37,Printemps,506.54,455.59,1
4370,2024-12-31,Maison,200.33,1,24,F,Marseille,SEO,3.8,153,Printemps,207.45,189.95,1
4371,2024-12-31,Sport,154.05,3,32,M,Lyon,Facebook,1.9,170,Printemps,497.75,494.01,1
4372,2024-12-31,Électronique,701.91,1,28,M,Nice,Facebook,3.2,253,Printemps,714.6,628.85,1
4373,2024-12-31,Électronique,738.34,4,28,F,Lyon,Google_Ads,3.8,99,Printemps,2829.07,2434.49,1
4374,2024-12-31,Sport,109.21,1,37,M,Lyon,Instagram,4.4,68,Printemps,110.06,100.84,0
4375,2024-12-31,Électronique,848.86,3,51,F,Lille,Instagram,5.0,101,Printemps,2654.32,2321.49,1
4376,2024-12-31,Électronique,781.9,1,40,F,Lyon,SEO,4.7,142,Printemps,826.37,720.34,1
4377,2024-12-31,Maison,211.9,1,25,M,Nantes,Instagram,4.3,85,Printemps,230.74,210.32,0
4378,2024-12-31,Mode,98.12,3,68,M,Marseille,Instagram,5.0,98,Printemps,276.15,262.47,0
4379,2024-12-31,Sport,81.33,2,35,F,Bordeaux,Direct,3.5,93,Printemps,167.9,148.83,1
4380,2024-12-31,Mode,35.97,7,28,M,Lille,Google_Ads,5.0,111,Printemps,236.72,232.32,0
4381,2024-12-31,Électronique,856.57,2,51,M,Bordeaux,Google_Ads,5.0,53,Printemps,1650.73,1492.87,1
4382,2024-12-31,Mode,89.65,2,29,F,Bordeaux,Instagram,3.3,107,Printemps,166.48,164.84,0
4383,2024-12-31,Maison,113.67,1,54,M,Nice,SEO,5.0,67,Printemps,119.87,110.74,0
4384,2024-12-31,Mode,47.04,1,24,M,Lille,Instagram,4.3,110,Printemps,50.94,48.85,0
4385,2024-12-31,Mode,113.38,1,52,M,Nantes,Instagram,5.0,44,Printemps,102.72,100.39,0
4386,2024-12-31,Sport,149.16,4,37,F,Nice,Facebook,4.1,189,Printemps,634.03,589.31,1
4387,2024-12-31,Livres,30.99,1,50,M,Lille,Instagram,3.2,92,Printemps,29.39,28.73,0
4388,2024-12-31,Mode,95.4,3,57,F,Lyon,Email,3.0,80,Printemps,285.44,258.81,1
4389,2024-12-31,Mode,68.19,1,21,M,Nice,Direct,3.4,165,Printemps,71.57,64.74,0
4390,2024-12-31,Mode,62.15,1,50,M,Marseille,Instagram,3.2,123,Printemps,62.23,60.31,0
4391,2024-12-31,Livres,9.23,1,18,F,Lille,Google_Ads,5.0,90,Printemps,8.73,7.74,0
4392,2024-12-31,Livres,31.51,1,22,F,Bordeaux,Google_Ads,3.8,196,Printemps,34.07,32.62,0
4393,2024-12-31,Électronique,284.02,1,25,M,Lille,SEO,2.0,81,Printemps,289.33,249.28,0
4394,2024-12-31,Maison,173.54,8,41,M,Marseille,Email,4.0,95,Printemps,1508.03,1425.61,1
4395,2024-12-31,Mode,81.65,1,35,F,Paris,SEO,3.9,108,Printemps,87.31,86.55,0
4396,2024-12-31,Électronique,580.52,1,32,F,Nantes,Google_Ads,3.3,268,Printemps,624.24,573.34,1
4397,2024-12-31,Électronique,850.53,2,36,M,Bordeaux,Instagram,4.1,39,Printemps,1654.02,1509.11,1
4398,2024-12-31,Mode,35.58,4,42,F,Paris,Instagram,3.8,295,Printemps,156.2,145.44,1
4399,2024-12-31,Mode,107.91,1,43,F,Paris,Facebook,4.5,179,Printemps,115.51,110.65,1
4400,2024-12-31,Électronique,260.14,1,48,M,Nice,Email,4.4,87,Printemps,251.69,227.48,0
4401,2024-12-31,Maison,66.87,3,56,F,Toulouse,SEO,4.2,78,Printemps,216.51,184.04,0
4402,2024-12-31,Mode,74.41,1,34,F,Marseille,SEO,2.4,100,Printemps,78.21,72.37,0
4403,2024-12-31,Maison,71.35,1,28,F,Nice,Instagram,5.0,142,Printemps,74.57,68.07,0
4404,2024-12-31,Mode,109.44,2,42,M,Nice,SEO,2.1,159,Printemps,197.27,183.44,0
4405,2024-12-31,Électronique,582.46,2,21,F,Nantes,Google_Ads,3.7,93,Printemps,1053.68,1008.68,1
4406,2024-12-31,Mode,35.33,2,26,M,Lille,Google_Ads,2.6,83,Printemps,73.42,65.52,0
4407,2024-12-31,Électronique,252.34,1,46,M,Paris,Email,4.2,31,Printemps,241.17,223.27,0
4408,2024-12-31,Mode,92.24,2,33,F,Toulouse,Google_Ads,4.0,74,Printemps,168.18,149.35,0
4409,2024-12-31,Électronique,769.13,1,20,M,Lyon,Email,3.6,232,Printemps,736.2,676.5,1
4410,2024-12-31,Mode,75.19,3,18,F,Lille,Google_Ads,5.0,149,Printemps,240.8,217.12,1
4411,2024-12-31,Électronique,599.34,3,35,M,Nantes,Email,5.0,147,Printemps,1787.46,1618.29,1
4412,2024-12-31,Maison,203.97,1,48,F,Bordeaux,SEO,3.4,74,Printemps,208.68,195.52,0
4413,2024-12-31,Sport,120.34,4,48,M,Lille,Facebook,4.7,77,Printemps,510.29,486.53,1
4414,2024-12-31,Électronique,376.71,3,36,F,Nice,Direct,5.0,149,Printemps,1090.22,928.75,1
4415,2024-12-31,Mode,92.27,3,59,F,Marseille,Google_Ads,5.0,131,Printemps,249.75,245.13,0
4416,2024-12-31,Électronique,649.09,1,33,M,Toulouse,Email,3.7,134,Printemps,626.15,566.45,1
4417,2024-12-31,Maison,192.14,1,33,F,Nice,SEO,2.1,88,Printemps,209.69,198.48,0
4418,2024-12-31,Mode,93.04,1,18,M,Marseille,Email,4.2,122,Printemps,92.71,80.5,0
4419,2024-12-31,Mode,127.0,3,29,F,Bordeaux,Google_Ads,4.5,50,Printemps,386.32,361.49,0
4420,2024-12-31,Mode,51.74,1,45,F,Bordeaux,SEO,3.0,237,Printemps,54.43,51.81,0
4421,2024-12-31,Livres,34.68,1,53,M,Bordeaux,SEO,3.8,79,Printemps,32.01,27.96,0
4422,2024-12-31,Mode,84.99,1,25,F,Toulouse,Instagram,3.7,106,Printemps,88.96,87.79,0
4423,2024-12-31,Maison,180.95,1,40,M,Toulouse,Email,5.0,34,Printemps,173.63,167.32,0
4424,2024-12-31,Mode,42.2,1,47,F,Marseille,Google_Ads,5.0,78,Printemps,41.25,38.37,0
4425,2024-12-31,Livres,19.28,1,35,F,Nice,Email,5.0,114,Printemps,18.39,16.09,0
4426,2024-12-31,Sport,140.6,1,18,M,Nantes,Instagram,3.7,129,Printemps,130.85,128.21,0
4427,2024-12-31,Mode,101.42,1,37,F,Toulouse,Email,5.0,38,Printemps,98.61,84.84,0
4428,2024-12-31,Sport,47.62,2,44,F,Nantes,Facebook,4.5,109,Printemps,87.51,75.9,0
4429,2024-12-31,Mode,85.79,4,23,M,Toulouse,Instagram,3.7,187,Printemps,366.84,350.23,1
4430,2024-12-31,Sport,53.76,1,31,F,Lille,SEO,5.0,136,Printemps,51.67,45.89,0
4431,2024-12-31,Sport,169.47,2,21,F,Paris,Direct,3.0,185,Printemps,349.36,321.02,1
4432,2024-12-31,Électronique,830.68,1,18,M,Paris,Instagram,4.5,139,Printemps,796.9,741.78,1
4433,2024-12-31,Maison,63.79,1,47,M,Lyon,SEO,4.7,81,Printemps,60.1,55.22,0
4434,2024-12-31,Mode,116.22,2,34,F,Marseille,SEO,3.5,87,Printemps,242.37,209.06,0
4435,2024-12-31,Mode,122.14,2,54,M,Bordeaux,Instagram,4.4,115,Printemps,250.35,240.49,0
4436,2024-12-31,Mode,66.97,2,45,M,Nantes,Email,4.8,151,Printemps,126.39,111.98,0
4437,2024-12-31,Maison,189.51,1,30,F,Toulouse,Facebook,4.1,147,Printemps,193.76,186.16,0
4438,2024-12-31,Électronique,523.42,1,34,F,Lille,Facebook,4.3,84,Printemps,471.6,462.07,0
4439,2024-12-31,Électronique,667.28,4,41,M,Nantes,Email,3.9,80,Printemps,2496.66,2323.03,1
4440,2024-12-31,Maison,121.26,2,46,F,Marseille,Facebook,4.7,79,Printemps,253.56,242.39,0
4441,2024-12-31,Électronique,442.73,1,38,M,Nice,Google_Ads,3.5,42,Printemps,434.77,371.96,0
4442,2024-12-31,Électronique,511.49,4,48,M,Lyon,Instagram,3.5,159,Printemps,1924.7,1646.6,1
4443,2024-12-31,Électronique,323.26,1,31,M,Nice,Direct,3.8,81,Printemps,323.64,284.67,0
4444,2024-12-31,Mode,113.54,3,23,M,Nantes,SEO,5.0,59,Printemps,338.24,305.69,1
4445,2024-12-31,Mode,66.5,1,34,F,Paris,Google_Ads,1.9,107,Printemps,68.28,59.91,0
4446,2024-12-31,Électronique,495.1,1,37,F,Lille,Google_Ads,2.8,124,Printemps,452.77,427.98,1
4447,2024-12-31,Livres,33.14,4,20,M,Paris,SEO,5.0,53,Printemps,141.02,125.73,0
4448,2024-12-31,Maison,149.39,2,18,F,Nice,Instagram,4.1,191,Printemps,272.39,266.09,1
4449,2024-12-31,Mode,85.56,2,40,M,Lille,Instagram,3.4,165,Printemps,169.55,158.38,1
4450,2024-12-31,Mode,125.76,2,30,F,Nice,SEO,4.7,116,Printemps,262.1,237.65,0
4451,2024-12-31,Mode,118.96,2,33,M,Bordeaux,Facebook,2.9,96,Printemps,230.53,226.83,0
4452,2024-12-31,Maison,90.5,1,30,M,Nice,Direct,1.5,128,Printemps,97.93,95.41,0
4453,2024-12-31,Électronique,544.42,2,53,F,Lille,Facebook,4.2,80,Printemps,1144.42,1113.53,1
4454,2024-12-31,Électronique,880.62,2,50,F,Toulouse,Facebook,3.0,174,Printemps,1735.2,1664.5,1
4455,2024-12-31,Sport,89.98,2,20,M,Bordeaux,SEO,3.9,35,Printemps,168.57,158.82,0
4456,2024-12-31,Mode,68.73,3,28,F,Marseille,SEO,4.2,117,Printemps,187.36,169.56,0
4457,2024-12-31,Mode,51.52,6,45,M,Nice,Facebook,4.0,97,Printemps,327.74,299.36,1
4458,2024-12-31,Sport,57.08,1,42,M,Paris,Direct,1.9,38,Printemps,53.59,50.75,0
4459,2024-12-31,Maison,193.25,2,34,F,Lille,Email,3.8,165,Printemps,368.71,322.96,1
4460,2024-12-31,Mode,107.58,6,21,M,Lille,Instagram,4.3,75,Printemps,582.26,567.22,1
4461,2024-12-31,Maison,234.42,2,26,F,Lyon,Facebook,2.3,131,Printemps,423.67,419.77,1
4462,2024-12-31,Électronique,747.06,1,28,F,Paris,Facebook,2.1,113,Printemps,706.78,611.15,1
4463,2024-12-31,Maison,103.8,3,38,F,Marseille,Google_Ads,2.6,55,Printemps,334.63,285.57,0
4464,2024-12-31,Mode,36.41,1,55,M,Bordeaux,Google_Ads,4.6,38,Printemps,38.46,33.51,0
4465,2024-12-31,Sport,168.14,1,26,M,Marseille,Google_Ads,1.6,97,Printemps,177.22,170.84,0
4466,2024-12-31,Livres,18.19,4,22,F,Lyon,SEO,4.7,148,Printemps,77.53,67.15,0
4467,2024-12-31,Livres,17.42,3,33,F,Marseille,Email,4.2,119,Printemps,48.99,44.38,0
4468,2024-12-31,Livres,33.46,1,47,F,Nice,SEO,3.5,60,Printemps,36.67,31.51,0
4469,2024-12-31,Mode,89.55,2,18,M,Bordeaux,Facebook,2.2,237,Printemps,169.5,155.07,1
4470,2024-12-31,Mode,53.45,2,52,F,Paris,Email,2.9,88,Printemps,99.42,93.51,0
4471,2024-12-31,Mode,119.19,2,32,M,Nantes,Facebook,4.7,41,Printemps,228.58,215.85,0
4472,2024-12-31,Maison,238.8,6,26,F,Lyon,SEO,5.0,185,Printemps,1441.56,1337.53,1
4473,2024-12-31,Sport,53.55,1,18,M,Toulouse,Instagram,2.7,59,Printemps,49.53,49.07,0
4474,2024-12-31,Électronique,807.02,4,43,M,Lille,Facebook,5.0,156,Printemps,3382.14,3144.27,1
4475,2024-12-31,Livres,19.54,2,32,M,Lille,SEO,4.6,64,Printemps,38.08,37.28,0
4476,2024-12-31,Sport,109.32,2,37,F,Paris,Instagram,3.8,98,Printemps,221.63,221.4,0
4477,2024-12-31,Livres,33.7,2,24,F,Nice,Instagram,3.0,47,Printemps,70.56,62.41,0
4478,2024-12-31,Sport,166.61,1,31,M,Nantes,Google_Ads,3.2,88,Printemps,180.0,160.17,0
4479,2024-12-31,Mode,58.06,1,29,M,Marseille,SEO,5.0,70,Printemps,61.77,57.34,0
4480,2024-12-31,Électronique,368.67,4,33,F,Toulouse,Google_Ads,4.0,86,Printemps,1485.75,1303.53,1
4481,2024-12-31,Électronique,279.35,1,26,M,Toulouse,Instagram,5.0,80,Printemps,306.79,286.73,1
4482,2024-12-31,Mode,87.28,1,18,F,Lille,Facebook,4.1,175,Printemps,87.79,83.64,1
4483,2024-12-31,Maison,62.45,3,67,F,Lyon,Instagram,3.3,197,Printemps,188.69,162.1,0
4484,2024-12-31,Sport,95.02,2,18,F,Nantes,Facebook,4.4,74,Printemps,177.05,168.59,0
4485,2024-12-31,Sport,51.86,1,37,M,Nice,Google_Ads,5.0,201,Printemps,48.21,42.13,0
4486,2024-12-31,Maison,132.94,2,18,M,Bordeaux,SEO,3.1,252,Printemps,248.26,222.17,1
4487,2024-12-31,Électronique,251.95,5,18,F,Nice,Google_Ads,4.8,53,Printemps,1282.91,1232.64,1
4488,2024-12-31,Électronique,788.77,2,36,F,Toulouse,Email,4.0,91,Printemps,1550.78,1356.22,1
4489,2024-12-31,Électronique,366.57,1,37,M,Marseille,SEO,2.2,66,Printemps,358.21,333.04,1
4490,2024-12-31,Mode,64.51,2,50,F,Nantes,Facebook,2.2,224,Printemps,119.41,112.05,1
4491,2024-12-31,Mode,117.33,1,39,M,Nice,Facebook,3.3,107,Printemps,114.54,100.18,0
4492,2024-12-31,Électronique,728.73,2,33,M,Toulouse,SEO,4.2,279,Printemps,1421.89,1267.22,1
4493,2024-12-31,Mode,53.86,3,23,F,Nice,Instagram,4.8,163,Printemps,165.47,155.7,0
4494,2024-12-31,Électronique,273.53,4,52,F,Bordeaux,Direct,2.1,135,Printemps,1069.71,983.26,1
4495,2024-12-31,Maison,188.82,4,46,M,Nantes,Facebook,4.5,102,Printemps,743.01,705.12,1
4496,2024-12-31,Mode,70.59,5,20,F,Nantes,Email,3.7,129,Printemps,336.91,329.57,0
4497,2024-12-31,Mode,107.19,3,35,F,Marseille,Google_Ads,3.8,124,Printemps,297.88,259.23,0
4498,2024-12-31,Mode,75.92,1,36,F,Lyon,SEO,4.4,139,Printemps,72.88,62.72,0
4499,2024-12-31,Livres,18.34,2,30,F,Bordeaux,SEO,5.0,38,Printemps,33.33,31.66,0
4500,2024-12-31,Électronique,529.56,2,44,M,Lyon,Google_Ads,4.1,241,Printemps,996.37,962.09,1
4501,2024-12-31,Mode,105.48,1,44,M,Nice,Facebook,2.3,116,Printemps,101.79,93.38,0
4502,2024-12-31,Maison,222.4,2,32,M,Bordeaux,SEO,3.6,87,Printemps,413.28,375.7,0
4503,2024-12-31,Maison,68.96,4,31,F,Toulouse,Facebook,4.7,177,Printemps,284.93,267.7,1
4504,2024-12-31,Livres,23.15,3,52,F,Toulouse,Google_Ads,4.8,100,Printemps,66.41,61.94,0
4505,2024-12-31,Mode,35.7,1,46,M,Marseille,Google_Ads,4.5,194,Printemps,36.53,33.73,0
4506,2024-12-31,Mode,78.17,1,35,M,Nice,Instagram,3.2,67,Printemps,80.42,78.23,0
4507,2024-12-31,Électronique,822.57,1,18,M,Lyon,Instagram,2.3,206,Printemps,813.89,712.99,1
4508,2024-12-31,Maison,125.09,1,39,F,Toulouse,Direct,4.4,118,Printemps,123.81,117.89,0
4509,2024-12-31,Mode,123.41,1,43,M,Marseille,Email,2.5,209,Printemps,125.42,120.56,1
4510,2024-12-31,Électronique,650.66,1,18,F,Nantes,Instagram,4.6,317,Printemps,619.75,610.57,1
4511,2024-12-31,Mode,123.58,1,38,M,Nantes,Google_Ads,4.6,83,Printemps,111.75,110.83,0
4512,2024-12-31,Mode,106.32,1,29,M,Marseille,SEO,3.3,25,Printemps,109.41,101.33,0
4513,2024-12-31,Électronique,294.82,1,32,M,Nice,SEO,3.7,24,Printemps,301.22,275.63,0
4514,2024-12-31,Maison,101.61,1,24,M,Bordeaux,SEO,4.0,50,Printemps,101.13,93.6,1
4515,2024-12-31,Maison,130.95,3,33,M,Toulouse,SEO,3.1,42,Printemps,422.38,405.43,0
4516,2024-12-31,Électronique,339.82,1,51,F,Nantes,Email,2.3,66,Printemps,340.41,290.22,0
4517,2024-12-31,Mode,80.75,1,29,F,Bordeaux,Facebook,3.8,179,Printemps,77.58,67.97,0
4518,2024-12-31,Maison,144.85,1,46,M,Lyon,Instagram,3.9,84,Printemps,151.03,148.94,0
4519,2024-12-31,Mode,125.74,5,25,F,Lille,Google_Ads,5.0,137,Printemps,686.82,603.93,1
4520,2024-12-31,Mode,74.79,5,44,F,Nantes,Google_Ads,2.9,140,Printemps,391.66,346.33,1
4521,2024-12-31,Mode,109.1,3,35,F,Nantes,SEO,5.0,160,Printemps,354.06,350.84,1
4522,2024-12-31,Maison,229.54,1,39,F,Paris,Facebook,2.5,42,Printemps,211.76,189.35,0
4523,2024-12-31,Livres,32.68,3,35,M,Nice,Google_Ads,2.3,48,Printemps,90.6,80.96,0
4524,2024-12-31,Maison,97.56,4,42,F,Bordeaux,Google_Ads,3.5,60,Printemps,363.28,359.13,1
4525,2024-12-31,Électronique,559.82,2,18,M,Nice,Google_Ads,2.8,53,Printemps,1165.07,1055.85,1
4526,2024-12-31,Mode,66.4,2,18,M,Marseille,SEO,2.3,92,Printemps,129.88,120.02,0
4527,2024-12-31,Sport,93.48,1,40,F,Paris,Instagram,5.0,68,Printemps,93.07,86.93,0
4528,2024-12-31,Électronique,468.54,2,18,M,Lyon,Google_Ads,3.3,80,Printemps,892.47,874.84,1
4529,2024-12-31,Livres,31.31,3,28,F,Paris,Email,5.0,127,Printemps,98.37,84.76,0
4530,2024-12-31,Livres,21.21,1,34,M,Paris,Instagram,2.7,25,Printemps,22.67,20.16,0
4531,2024-12-31,Électronique,578.49,1,25,F,Lille,SEO,1.9,55,Printemps,539.18,505.78,1
4532,2024-12-31,Livres,35.53,1,26,F,Lille,Email,5.0,67,Printemps,33.34,30.52,0
4533,2024-12-31,Mode,38.35,1,38,F,Paris,Instagram,3.0,89,Printemps,37.12,33.1,0
4534,2024-12-31,Sport,104.71,1,47,F,Lille,Instagram,4.0,109,Printemps,100.11,91.25,0
4535,2024-12-31,Mode,107.97,1,23,M,Toulouse,Instagram,2.3,161,Printemps,108.65,108.1,0
4536,2024-12-31,Mode,47.24,1,28,F,Lille,Instagram,3.8,166,Printemps,49.62,42.34,0
4537,2024-12-31,Maison,170.08,1,26,M,Paris,Instagram,2.3,61,Printemps,180.05,157.01,0
4538,2024-12-31,Sport,73.03,1,18,F,Bordeaux,Facebook,3.7,79,Printemps,68.77,58.65,0
4539,2024-12-31,Électronique,810.5,3,36,M,Lille,SEO,3.3,80,Printemps,2273.73,2135.05,1
4540,2024-12-31,Maison,118.88,4,46,M,Paris,Direct,4.1,155,Printemps,462.55,394.06,1
4541,2024-12-31,Électronique,447.12,3,47,F,Nice,Email,4.5,213,Printemps,1246.85,1144.73,1
4542,2024-12-31,Mode,90.82,1,24,F,Bordeaux,Email,4.1,134,Printemps,83.41,81.65,0
4543,2024-12-31,Mode,50.4,3,19,M,Nice,Email,4.3,114,Printemps,143.41,123.99,0
4544,2024-12-31,Mode,60.28,4,35,F,Nantes,Google_Ads,3.7,40,Printemps,235.99,213.52,0
4545,2024-12-31,Mode,73.12,3,44,F,Lille,Instagram,3.3,88,Printemps,223.22,202.39,0
4546,2024-12-31,Électronique,463.71,3,36,M,Paris,SEO,4.3,169,Printemps,1453.24,1314.22,1
4547,2024-12-31,Électronique,579.29,2,38,M,Lille,SEO,3.7,93,Printemps,1094.36,1049.62,1
4548,2024-12-31,Électronique,629.76,1,48,M,Bordeaux,Instagram,3.7,91,Printemps,669.89,569.85,1
4549,2024-12-31,Mode,87.75,2,26,M,Toulouse,Facebook,4.2,43,Printemps,159.13,153.88,0
4550,2024-12-31,Livres,26.66,2,32,M,Paris,Direct,2.7,186,Printemps,52.73,51.46,1
4551,2024-12-31,Électronique,432.73,3,54,M,Bordeaux,Instagram,5.0,48,Printemps,1332.74,1219.09,1
4552,2024-12-31,Livres,12.41,3,32,M,Nice,Facebook,3.5,206,Printemps,35.69,35.08,0
4553,2024-12-31,Maison,196.95,1,19,F,Nice,Google_Ads,3.9,110,Printemps,204.18,185.22,0
4554,2024-12-31,Maison,213.14,1,26,M,Nantes,SEO,3.8,248,Printemps,228.79,218.31,1
4555,2024-12-31,Maison,106.26,1,23,F,Nice,Email,4.5,162,Printemps,97.53,88.59,0
4556,2024-12-31,Sport,94.4,3,39,F,Marseille,Facebook,4.2,170,Printemps,283.92,242.95,1
4557,2024-12-31,Électronique,561.53,2,24,M,Lyon,Instagram,3.7,86,Printemps,1014.98,875.43,1
4558,2024-12-31,Mode,84.5,1,38,F,Nice,Email,5.0,106,Printemps,80.77,74.01,0
4559,2024-12-31,Maison,178.71,1,26,F,Toulouse,Facebook,1.0,64,Printemps,165.73,165.49,0
4560,2024-12-31,Maison,67.49,2,18,F,Marseille,Facebook,5.0,67,Printemps,138.33,121.27,0
4561,2024-12-31,Sport,134.49,3,38,M,Lille,Facebook,4.8,119,Printemps,383.19,377.18,1
4562,2024-12-31,Électronique,266.83,1,36,M,Bordeaux,Google_Ads,1.8,44,Printemps,255.22,252.13,0
4563,2024-12-31,Maison,144.29,3,41,F,Nice,SEO,4.8,75,Printemps,407.39,371.32,0
4564,2024-12-31,Mode,113.2,2,26,F,Paris,Email,5.0,75,Printemps,214.8,197.46,0
4565,2024-12-31,Mode,76.49,2,25,F,Toulouse,Direct,4.4,75,Printemps,144.58,133.79,0
4566,2024-12-31,Mode,47.04,1,39,M,Bordeaux,Facebook,2.1,52,Printemps,48.9,47.21,0
4567,2024-12-31,Maison,237.31,1,53,M,Lille,Google_Ads,4.6,42,Printemps,258.94,224.9,0
4568,2024-12-31,Sport,155.88,1,35,F,Paris,Email,4.9,58,Printemps,155.58,139.91,0
4569,2024-12-31,Mode,107.7,1,40,F,Toulouse,Instagram,3.2,118,Printemps,109.87,96.2,1
4570,2024-12-31,Sport,94.97,1,31,M,Marseille,Direct,4.3,81,Printemps,101.01,99.17,0
4571,2024-12-31,Mode,50.42,2,18,M,Nice,Google_Ads,3.4,80,Printemps,100.37,86.37,0
4572,2024-12-31,Électronique,860.45,3,46,F,Bordeaux,Instagram,4.8,219,Printemps,2479.15,2385.33,1
4573,2024-12-31,Électronique,584.34,2,45,F,Lyon,Google_Ads,3.5,258,Printemps,1274.08,1167.01,1
4574,2024-12-31,Électronique,800.34,2,43,F,Toulouse,Facebook,3.2,211,Printemps,1730.71,1656.61,1
4575,2024-12-31,Mode,65.85,4,32,M,Nantes,SEO,3.8,212,Printemps,248.68,244.58,0
4576,2024-12-31,Mode,65.19,1,42,M,Nantes,Google_Ads,2.3,127,Printemps,67.84,61.12,0
4577,2024-12-31,Maison,237.4,4,45,M,Lille,Facebook,3.6,177,Printemps,977.53,864.19,1
4578,2024-12-31,Maison,153.93,2,54,M,Lille,Google_Ads,4.2,195,Printemps,317.07,300.44,0
4579,2024-12-31,Électronique,319.97,1,46,M,Bordeaux,SEO,4.8,211,Printemps,341.13,341.0,0
4580,2024-12-31,Électronique,373.28,4,35,M,Marseille,Facebook,4.1,53,Printemps,1545.11,1482.42,1
4581,2024-12-31,Mode,79.49,2,19,F,Marseille,Google_Ads,2.2,75,Printemps,159.55,154.66,0
4582,2024-12-31,Mode,36.64,2,36,F,Lyon,Direct,5.0,118,Printemps,78.35,74.0,0
4583,2024-12-31,Électronique,537.21,1,38,M,Lyon,Email,5.0,48,Printemps,511.94,463.43,1
4584,2024-12-31,Électronique,507.79,2,43,M,Bordeaux,Email,3.9,38,Printemps,1051.97,997.48,1
4585,2024-12-31,Livres,30.04,1,51,F,Paris,Instagram,3.0,106,Printemps,31.25,27.17,0
4586,2024-12-31,Sport,87.76,2,33,F,Marseille,Google_Ads,3.2,54,Printemps,188.51,174.05,0
4587,2024-12-31,Électronique,888.22,1,60,F,Toulouse,SEO,3.6,123,Printemps,976.74,914.19,1
4588,2024-12-31,Mode,50.13,4,18,F,Toulouse,SEO,4.1,133,Printemps,202.81,199.97,0
4589,2024-12-31,Mode,90.12,2,40,F,Toulouse,SEO,3.5,86,Printemps,179.68,177.52,1
4590,2024-12-31,Sport,53.94,2,25,F,Paris,Email,2.9,82,Printemps,110.05,94.53,0
4591,2024-12-31,Mode,104.05,1,18,M,Nice,SEO,4.9,76,Printemps,107.35,101.43,0
4592,2024-12-31,Électronique,896.46,2,32,M,Nice,SEO,4.1,48,Printemps,1869.29,1812.2,1
4593,2024-12-31,Maison,207.44,2,18,M,Paris,Instagram,2.6,104,Printemps,396.74,369.15,1
4594,2024-12-31,Mode,86.68,3,33,M,Bordeaux,Facebook,4.1,91,Printemps,259.37,224.19,0
4595,2024-12-31,Mode,79.76,1,35,F,Nice,Email,4.0,53,Printemps,77.7,68.76,0
4596,2024-12-31,Mode,113.92,1,48,F,Lyon,Instagram,3.0,76,Printemps,103.41,92.76,0
4597,2024-12-31,Mode,123.76,5,18,F,Paris,Facebook,5.0,187,Printemps,632.34,600.36,1
4598,2024-12-31,Mode,128.95,1,45,M,Bordeaux,SEO,3.9,38,Printemps,138.61,119.19,0
4599,2024-12-31,Électronique,492.66,1,36,F,Lyon,Instagram,3.6,96,Printemps,534.19,498.1,1
4600,2024-12-31,Mode,129.11,6,47,M,Paris,SEO,3.7,49,Printemps,777.39,673.48,1
4601,2024-12-31,Électronique,330.25,1,29,F,Paris,Instagram,4.3,86,Printemps,347.81,316.25,0
4602,2024-12-31,Sport,74.83,1,19,M,Toulouse,Facebook,3.7,31,Printemps,78.01,71.28,0
4603,2024-12-31,Électronique,285.09,1,20,F,Lyon,Instagram,3.7,39,Printemps,269.63,247.46,0
4604,2024-12-31,Électronique,408.42,1,19,M,Nantes,Google_Ads,5.0,42,Printemps,372.72,356.56,0
4605,2024-12-31,Maison,198.23,1,40,F,Lyon,Direct,2.2,210,Printemps,208.06,179.38,0
4606,2024-12-31,Sport,151.25,3,52,F,Lille,SEO,2.4,99,Printemps,434.02,386.38,0
4607,2024-12-31,Sport,141.81,2,28,M,Toulouse,SEO,4.7,61,Printemps,286.42,271.0,0
4608,2024-12-31,Mode,94.03,3,42,M,Lille,Google_Ads,5.0,65,Printemps,283.44,281.04,1
4609,2024-12-31,Électronique,571.93,2,18,F,Bordeaux,SEO,4.8,157,Printemps,1216.58,1147.38,1
4610,2024-12-31,Maison,187.57,2,37,M,Bordeaux,Instagram,5.0,142,Printemps,385.99,379.23,1
4611,2024-12-31,Maison,130.35,2,43,M,Nice,Instagram,3.3,87,Printemps,278.8,277.48,0
4612,2024-12-31,Électronique,792.88,4,18,M,Marseille,Email,3.1,197,Printemps,3331.53,3273.51,1
4613,2024-12-31,Livres,27.28,1,32,F,Lille,Google_Ads,4.3,61,Printemps,30.01,29.89,0
4614,2024-12-31,Électronique,696.02,1,43,F,Lyon,SEO,4.8,42,Printemps,746.67,721.7,1
4615,2024-12-31,Livres,23.47,1,18,F,Nice,SEO,2.4,176,Printemps,22.11,21.74,0
4616,2024-12-31,Sport,155.37,3,51,M,Nice,SEO,3.6,69,Printemps,509.11,470.27,1
4617,2024-12-31,Maison,105.36,2,39,M,Lille,Instagram,3.8,39,Printemps,203.99,183.96,0
4618,2024-12-31,Livres,19.29,2,43,M,Nantes,Facebook,3.1,88,Printemps,39.41,39.41,0
4619,2024-12-31,Maison,199.98,1,30,F,Toulouse,Google_Ads,3.2,100,Printemps,217.63,188.17,0
4620,2024-12-31,Électronique,557.61,1,18,F,Nice,Instagram,4.7,100,Printemps,525.73,522.43,0
4621,2024-12-31,Mode,119.2,2,41,M,Nice,Instagram,4.3,204,Printemps,255.43,233.63,1
4622,2024-12-31,Électronique,458.82,1,34,F,Bordeaux,Instagram,4.7,278,Printemps,500.4,427.02,1
4623,2024-12-31,Mode,68.51,1,35,M,Nantes,SEO,4.2,73,Printemps,73.36,71.19,0
4624,2024-12-31,Maison,219.97,1,48,F,Bordeaux,Direct,2.8,141,Printemps,234.01,214.51,0
4625,2024-12-31,Mode,77.78,1,44,F,Nantes,SEO,4.3,80,Printemps,74.11,71.88,0
4626,2024-12-31,Mode,82.82,1,58,M,Nice,Instagram,2.8,182,Printemps,81.28,69.64,1
4627,2024-12-31,Maison,119.9,1,36,F,Bordeaux,SEO,3.5,42,Printemps,126.14,125.65,1
4628,2024-12-31,Sport,77.78,3,26,F,Lyon,Facebook,2.7,91,Printemps,215.51,204.87,1
4629,2024-12-31,Électronique,667.77,2,32,M,Nantes,Email,3.1,126,Printemps,1439.27,1233.74,1
4630,2024-12-31,Mode,44.18,1,39,M,Toulouse,SEO,3.9,138,Printemps,41.62,35.41,1
4631,2024-12-31,Électronique,818.51,2,47,M,Paris,Instagram,3.3,70,Printemps,1658.24,1557.25,1
4632,2024-12-31,Maison,200.26,2,18,M,Bordeaux,SEO,2.8,79,Printemps,368.88,367.58,1
4633,2024-12-31,Électronique,353.76,2,35,F,Nice,Google_Ads,5.0,142,Printemps,662.96,615.63,1
4634,2024-12-31,Maison,184.92,1,54,F,Lille,Facebook,3.7,102,Printemps,188.09,169.86,0
4635,2024-12-31,Mode,91.26,1,32,F,Paris,Google_Ads,3.2,94,Printemps,93.71,92.86,0
4636,2024-12-31,Électronique,349.56,1,46,F,Lille,Facebook,2.6,64,Printemps,333.46,332.66,0
4637,2024-12-31,Livres,16.38,1,40,F,Nice,Email,1.7,43,Printemps,15.13,14.64,0
4638,2024-12-31,Électronique,501.07,3,46,M,Bordeaux,Instagram,3.6,172,Printemps,1518.1,1453.86,1
4639,2024-12-31,Mode,100.68,2,25,F,Nice,Facebook,2.3,44,Printemps,215.07,182.88,0
4640,2024-12-31,Électronique,656.14,6,25,M,Lyon,Google_Ads,4.6,210,Printemps,3701.76,3320.67,1
4641,2024-12-31,Mode,84.39,1,35,F,Toulouse,Facebook,3.8,219,Printemps,87.63,86.64,1
4642,2024-12-31,Mode,107.42,3,18,F,Toulouse,SEO,5.0,168,Printemps,314.9,285.06,1
4643,2024-12-31,Mode,106.4,2,31,F,Paris,Instagram,4.0,76,Printemps,231.66,208.53,0
4644,2024-12-31,Électronique,642.05,2,38,M,Paris,SEO,3.0,34,Printemps,1176.91,1095.2,1
4645,2024-12-31,Mode,109.23,1,56,F,Bordeaux,Instagram,1.7,109,Printemps,99.18,90.97,0
4646,2024-12-31,Maison,120.17,3,39,M,Toulouse,Facebook,4.7,48,Printemps,333.41,326.35,0
4647,2024-12-31,Sport,154.86,1,42,M,Toulouse,SEO,2.4,55,Printemps,163.61,141.07,0
4648,2024-12-31,Mode,92.45,3,48,F,Nantes,Facebook,3.4,68,Printemps,300.81,285.42,0
4649,2024-12-31,Maison,208.03,3,23,F,Bordeaux,Email,5.0,60,Printemps,664.33,634.15,1
4650,2024-12-31,Électronique,593.74,1,33,M,Bordeaux,Instagram,4.5,64,Printemps,619.61,608.46,1
4651,2024-12-31,Mode,53.8,1,64,F,Toulouse,Instagram,4.2,106,Printemps,49.04,44.74,0
4652,2024-12-31,Électronique,591.13,3,34,F,Marseille,Email,4.8,343,Printemps,1671.88,1495.08,1
4653,2024-12-31,Électronique,475.5,1,48,M,Lyon,Google_Ads,4.8,140,Printemps,516.9,487.95,1
4654,2024-12-31,Électronique,695.81,2,46,M,Nantes,SEO,5.0,196,Printemps,1425.8,1366.97,1
4655,2024-12-31,Mode,78.89,1,18,F,Nice,Instagram,3.1,63,Printemps,78.39,68.64,0
4656,2024-12-31,Maison,210.5,2,38,F,Lyon,Google_Ads,3.4,263,Printemps,433.83,379.04,1
4657,2024-12-31,Livres,27.31,2,36,F,Toulouse,Facebook,2.8,231,Printemps,51.11,45.46,0
4658,2024-12-31,Électronique,687.07,2,38,F,Bordeaux,Facebook,3.8,75,Printemps,1482.11,1314.91,1
4659,2024-12-31,Maison,99.09,1,25,F,Marseille,Facebook,3.7,263,Printemps,102.19,98.36,1
4660,2024-12-31,Sport,167.99,1,21,F,Nice,Google_Ads,1.9,49,Printemps,167.03,155.27,0
4661,2024-12-31,Maison,211.5,1,29,F,Nice,Instagram,3.1,79,Printemps,209.7,195.47,0
4662,2024-12-31,Mode,109.43,3,33,M,Toulouse,Google_Ads,5.0,99,Printemps,349.45,297.8,1
4663,2024-12-31,Mode,64.7,2,49,M,Bordeaux,Direct,4.1,75,Printemps,124.42,124.31,0
4664,2024-12-31,Électronique,586.55,3,56,M,Bordeaux,Instagram,4.6,36,Printemps,1631.95,1590.28,1
4665,2024-12-31,Mode,45.87,1,51,M,Lyon,Google_Ads,3.7,35,Printemps,42.98,39.4,0
4666,2024-12-31,Maison,156.93,1,45,F,Toulouse,Instagram,1.7,64,Printemps,143.78,123.66,0
4667,2024-12-31,Électronique,323.48,3,22,F,Marseille,Instagram,3.7,183,Printemps,971.95,927.38,1
4668,2024-12-31,Électronique,598.3,2,30,M,Lyon,Email,4.9,100,Printemps,1239.02,1152.61,1
4669,2024-12-31,Maison,176.77,2,37,F,Bordeaux,SEO,2.5,55,Printemps,384.23,365.64,0
4670,2024-12-31,Sport,92.25,1,27,F,Lille,Instagram,4.6,166,Printemps,96.88,92.19,1
4671,2024-12-31,Mode,81.11,1,41,F,Paris,Facebook,1.9,110,Printemps,82.46,72.0,0
4672,2024-12-31,Maison,217.62,1,43,F,Toulouse,Instagram,3.8,113,Printemps,233.46,209.95,0
4673,2024-12-31,Mode,43.08,2,41,F,Nantes,Facebook,4.4,64,Printemps,92.93,79.24,1
4674,2024-12-31,Électronique,759.42,2,47,F,Bordeaux,SEO,3.5,95,Printemps,1583.36,1579.14,1
4675,2024-12-31,Mode,49.15,1,24,F,Nantes,SEO,5.0,28,Printemps,44.79,43.49,0
4676,2024-12-31,Maison,66.61,1,46,M,Nice,Instagram,3.3,181,Printemps,63.83,63.15,0
4677,2024-12-31,Livres,14.01,2,26,F,Marseille,Facebook,3.2,128,Printemps,27.1,23.22,0
4678,2024-12-31,Électronique,741.4,1,23,M,Toulouse,Facebook,4.0,70,Printemps,815.16,754.06,1
4679,2024-12-31,Mode,72.0,4,41,M,Lille,Facebook,3.0,95,Printemps,285.93,275.1,0
4680,2024-12-31,Mode,117.57,3,49,M,Nantes,Facebook,2.2,69,Printemps,371.19,321.28,0
4681,2024-12-31,Mode,83.66,1,40,F,Toulouse,Instagram,2.6,90,Printemps,88.91,85.94,0
4682,2024-12-31,Électronique,240.02,2,35,M,Nantes,Google_Ads,4.6,340,Printemps,494.75,468.59,1
4683,2024-12-31,Mode,102.38,2,38,F,Marseille,SEO,3.5,187,Printemps,185.03,184.61,0
4684,2024-12-31,Sport,56.55,1,36,F,Bordeaux,SEO,5.0,179,Printemps,51.12,44.53,0
4685,2024-12-31,Maison,202.09,3,21,M,Bordeaux,Google_Ads,3.3,155,Printemps,644.92,609.05,1
4686,2024-12-31,Mode,48.89,3,20,F,Paris,Instagram,4.6,218,Printemps,153.69,152.47,0
4687,2024-12-31,Mode,66.18,1,34,F,Marseille,Facebook,4.4,218,Printemps,66.66,64.1,1
4688,2024-12-31,Mode,106.72,6,35,F,Lille,Instagram,3.3,139,Printemps,608.18,547.62,1
4689,2024-12-31,Mode,125.54,2,35,F,Paris,Facebook,2.8,86,Printemps,230.32,199.89,0
4690,2024-12-31,Sport,89.86,1,43,F,Toulouse,Instagram,1.9,41,Printemps,83.82,83.37,0
4691,2024-12-31,Livres,31.39,1,32,M,Marseille,Direct,4.4,128,Printemps,31.9,27.46,0
4692,2024-12-31,Mode,51.1,1,41,F,Bordeaux,Instagram,5.0,97,Printemps,51.57,51.38,0
4693,2024-12-31,Mode,111.2,1,33,F,Paris,Facebook,2.1,45,Printemps,121.01,108.37,0
4694,2024-12-31,Sport,126.33,1,56,M,Bordeaux,Email,3.4,99,Printemps,137.88,134.99,0
4695,2024-12-31,Mode,51.29,1,35,M,Lyon,Facebook,3.1,39,Printemps,52.07,48.59,0
4696,2024-12-31,Maison,114.45,1,63,M,Lyon,Facebook,4.4,80,Printemps,122.27,120.66,0
4697,2024-12-31,Électronique,313.95,1,39,M,Paris,Facebook,3.4,159,Printemps,333.55,304.86,0
4698,2024-12-31,Maison,128.93,1,32,M,Paris,Facebook,5.0,106,Printemps,135.44,132.39,0
4699,2024-12-31,Mode,52.36,4,24,M,Marseille,Google_Ads,3.4,132,Printemps,206.8,183.17,0
4700,2024-12-31,Sport,124.61,2,18,F,Toulouse,SEO,2.4,116,Printemps,243.71,224.21,1
4701,2024-12-31,Sport,169.3,1,23,M,Lille,Email,3.3,87,Printemps,161.31,157.59,0
4702,2024-12-31,Électronique,233.11,1,24,M,Lille,Facebook,3.4,144,Printemps,253.48,219.96,1
4703,2024-12-31,Maison,157.37,1,39,M,Lyon,Google_Ads,4.4,103,Printemps,167.89,161.06,0
4704,2024-12-31,Sport,115.64,1,28,M,Nice,SEO,3.4,45,Printemps,108.17,99.04,0
4705,2024-12-31,Mode,121.64,1,37,F,Lyon,Email,4.3,93,Printemps,115.61,107.17,0
4706,2024-12-31,Électronique,566.55,3,50,F,Lyon,SEO,2.9,247,Printemps,1727.31,1618.24,1
4707,2024-12-31,Électronique,592.0,4,33,M,Bordeaux,Google_Ads,3.5,56,Printemps,2327.07,2074.24,1
4708,2024-12-31,Mode,78.49,1,59,F,Lille,Instagram,2.9,238,Printemps,74.0,63.97,1
4709,2024-12-31,Mode,58.72,3,20,M,Paris,Google_Ads,2.9,24,Printemps,186.41,158.97,0
4710,2024-12-31,Maison,70.09,2,33,F,Lyon,Facebook,5.0,45,Printemps,126.2,115.42,0
4711,2024-12-31,Électronique,500.84,2,28,M,Nantes,SEO,3.0,51,Printemps,970.29,863.88,1
4712,2024-12-31,Sport,49.21,3,46,M,Nice,Facebook,3.4,42,Printemps,160.29,151.47,0
4713,2024-12-31,Mode,86.17,3,18,F,Marseille,Instagram,4.9,186,Printemps,272.0,260.41,0
4714,2024-12-31,Électronique,432.42,3,18,F,Toulouse,Facebook,4.6,40,Printemps,1271.66,1177.0,1
4715,2024-12-31,Mode,84.53,3,33,F,Paris,Google_Ads,5.0,65,Printemps,275.32,259.59,0
4716,2024-12-31,Mode,45.59,2,53,M,Toulouse,SEO,4.3,155,Printemps,98.5,92.01,0
4717,2024-12-31,Électronique,854.53,2,37,M,Paris,Facebook,3.1,106,Printemps,1556.12,1323.77,1
4718,2024-12-31,Mode,119.72,2,18,F,Paris,Facebook,5.0,102,Printemps,221.62,216.35,0
4719,2024-12-31,Électronique,353.25,1,20,F,Lille,Instagram,4.4,89,Printemps,345.28,296.57,0
4720,2024-12-31,Maison,121.82,1,55,M,Nice,Direct,3.6,141,Printemps,132.28,120.58,0
4721,2024-12-31,Sport,120.72,1,27,M,Lyon,Facebook,3.9,46,Printemps,129.03,111.82,0
4722,2024-12-31,Mode,41.83,1,23,F,Marseille,SEO,4.0,57,Printemps,38.05,36.12,0
4723,2024-12-31,Maison,123.82,2,52,F,Nice,SEO,3.5,122,Printemps,248.26,223.14,1
4724,2024-12-31,Maison,105.2,1,47,M,Toulouse,Facebook,2.3,50,Printemps,109.83,94.53,0
4725,2024-12-31,Électronique,842.97,3,50,M,Bordeaux,Instagram,5.0,111,Printemps,2415.59,2069.68,1
4726,2024-12-31,Livres,32.02,1,23,M,Marseille,SEO,3.8,77,Printemps,33.44,29.62,0
4727,2024-12-31,Sport,116.43,1,18,F,Marseille,SEO,4.0,65,Printemps,113.4,107.74,0
4728,2024-12-31,Électronique,576.23,1,36,M,Nantes,Facebook,5.0,100,Printemps,550.19,526.94,0
4729,2024-12-31,Électronique,853.24,1,39,F,Marseille,Facebook,3.0,26,Printemps,834.91,725.75,1
4730,2024-12-31,Électronique,854.39,1,39,M,Bordeaux,SEO,4.5,131,Printemps,931.42,811.14,1
4731,2024-12-31,Électronique,879.3,1,52,F,Marseille,Facebook,2.9,111,Printemps,950.57,892.57,1
4732,2024-12-31,Maison,82.57,1,18,F,Nantes,Direct,4.2,216,Printemps,89.4,88.83,0
4733,2024-12-31,Mode,48.15,1,45,F,Marseille,Direct,4.0,54,Printemps,52.17,48.68,0
4734,2024-12-31,Sport,128.78,5,21,M,Nice,Email,4.7,201,Printemps,602.49,576.44,0
4735,2024-12-31,Maison,157.46,4,45,F,Toulouse,Google_Ads,5.0,61,Printemps,679.72,636.43,1
4736,2024-12-31,Maison,63.32,1,29,F,Lyon,Instagram,3.2,144,Printemps,59.68,51.67,0
4737,2024-12-31,Maison,71.16,1,25,M,Nantes,SEO,5.0,48,Printemps,75.97,75.36,0
4738,2024-12-31,Électronique,824.45,1,27,F,Lyon,Instagram,5.0,64,Printemps,831.36,715.64,1
4739,2024-12-31,Mode,117.21,4,18,F,Lyon,Facebook,3.5,59,Printemps,444.48,428.47,0
4740,2024-12-31,Maison,124.31,1,35,F,Paris,Email,3.8,101,Printemps,121.79,121.41,1
4741,2024-12-31,Électronique,826.46,1,25,M,Nantes,Instagram,3.3,111,Printemps,815.45,732.15,1
4742,2024-12-31,Électronique,625.73,2,44,M,Marseille,Facebook,3.5,36,Printemps,1309.82,1147.07,1
4743,2024-12-31,Sport,145.25,1,42,M,Toulouse,Facebook,2.5,95,Printemps,148.33,138.68,1
4744,2024-12-31,Maison,136.94,2,55,M,Toulouse,Instagram,4.7,109,Printemps,291.23,282.27,0
4745,2024-12-31,Mode,43.56,1,39,F,Toulouse,Facebook,1.5,91,Printemps,42.66,42.33,0
4746,2024-12-31,Maison,138.07,1,41,M,Lille,Instagram,3.0,108,Printemps,144.8,138.14,1
4747,2024-12-31,Sport,100.81,1,51,F,Lille,Direct,3.7,216,Printemps,106.71,96.08,0
4748,2024-12-31,Mode,86.22,2,27,F,Lille,Facebook,5.0,71,Printemps,157.37,145.43,0
4749,2024-12-31,Électronique,296.27,1,18,F,Toulouse,Facebook,3.2,180,Printemps,288.9,278.55,0
4750,2024-12-31,Livres,35.77,1,37,F,Bordeaux,Instagram,4.3,131,Printemps,38.53,37.3,0
4751,2024-12-31,Mode,56.3,4,18,F,Nice,Facebook,3.7,76,Printemps,234.45,201.9,0
4752,2024-12-31,Électronique,359.02,1,64,F,Toulouse,Instagram,4.8,74,Printemps,353.17,332.7,0
4753,2024-12-31,Mode,83.86,1,52,M,Lyon,Instagram,4.2,147,Printemps,78.55,78.16,0
4754,2024-12-31,Sport,110.99,2,60,F,Lyon,Instagram,4.7,60,Printemps,204.08,197.5,0
4755,2024-12-31,Électronique,521.88,1,35,M,Toulouse,SEO,3.2,122,Printemps,493.63,420.13,1
4756,2024-12-31,Mode,107.76,2,41,F,Lyon,Facebook,2.7,62,Printemps,204.51,180.74,1
4757,2024-12-31,Électronique,573.74,1,29,F,Nantes,Instagram,4.2,151,Printemps,558.9,512.37,1
4758,2024-12-31,Livres,25.46,4,45,F,Bordeaux,Email,3.3,59,Printemps,95.27,91.07,0
4759,2024-12-31,Électronique,713.53,1,20,F,Marseille,SEO,3.8,85,Printemps,663.02,618.79,1
4760,2024-12-31,Maison,64.5,3,18,F,Paris,SEO,4.1,73,Printemps,206.83,178.2,0
4761,2024-12-31,Livres,24.41,1,25,M,Nice,Email,5.0,232,Printemps,23.18,22.27,1
4762,2024-12-31,Électronique,821.83,1,18,M,Toulouse,SEO,4.7,277,Printemps,831.96,811.83,1
4763,2024-12-31,Livres,9.47,2,52,F,Toulouse,SEO,3.1,68,Printemps,17.8,15.68,0
4764,2024-12-31,Livres,19.94,1,56,F,Nice,SEO,2.5,100,Printemps,19.91,17.12,0
4765,2024-12-31,Sport,160.59,1,18,M,Nantes,Google_Ads,5.0,107,Printemps,153.42,148.61,0
4766,2024-12-31,Électronique,463.38,2,50,F,Lyon,Google_Ads,2.1,57,Printemps,850.17,804.32,1
4767,2024-12-31,Maison,142.57,1,46,F,Nice,Instagram,3.3,51,Printemps,156.32,151.71,0
4768,2024-12-31,Sport,167.65,3,18,F,Marseille,Google_Ads,4.5,52,Printemps,498.7,466.27,1
4769,2024-12-31,Livres,14.38,1,30,M,Lille,Facebook,5.0,66,Printemps,14.07,12.87,0
4770,2024-12-31,Électronique,269.05,4,28,M,Toulouse,Email,3.6,73,Printemps,1011.43,1005.83,1
4771,2024-12-31,Sport,152.08,1,43,M,Paris,SEO,3.8,80,Printemps,151.94,146.92,0
4772,2024-12-31,Mode,117.18,2,20,F,Lille,Google_Ads,2.8,29,Printemps,240.69,219.46,0
4773,2024-12-31,Électronique,543.65,1,33,F,Toulouse,SEO,3.9,165,Printemps,522.41,515.16,1
4774,2024-12-31,Mode,82.64,1,26,F,Marseille,Instagram,2.5,172,Printemps,82.31,82.23,0
4775,2024-12-31,Sport,149.07,1,40,M,Marseille,SEO,3.0,202,Printemps,141.23,126.57,0
4776,2024-12-31,Mode,104.51,2,32,M,Lille,Google_Ads,4.6,44,Printemps,210.18,206.79,0
4777,2024-12-31,Mode,58.35,1,28,F,Nantes,Google_Ads,3.3,80,Printemps,61.7,52.87,1
4778,2024-12-31,Livres,9.46,2,32,F,Paris,Facebook,4.8,188,Printemps,17.25,15.22,0
4779,2024-12-31,Mode,79.27,4,59,F,Lille,Google_Ads,3.6,29,Printemps,318.21,278.16,0
4780,2024-12-31,Maison,214.6,1,29,F,Lille,Facebook,2.3,40,Printemps,210.28,189.99,1
4781,2024-12-31,Mode,119.84,2,22,F,Nice,Google_Ads,5.0,165,Printemps,219.27,204.88,0
4782,2024-12-31,Mode,125.73,4,42,M,Nantes,Instagram,2.4,67,Printemps,547.24,524.25,1
4783,2024-12-31,Maison,218.32,1,33,M,Lille,Instagram,3.1,80,Printemps,207.84,204.8,0
4784,2024-12-31,Livres,24.66,2,18,F,Paris,SEO,3.6,60,Printemps,49.96,43.65,0
4785,2024-12-31,Mode,75.85,2,61,F,Bordeaux,Instagram,4.9,123,Printemps,147.83,138.48,0
4786,2024-12-31,Sport,141.29,1,30,F,Paris,Google_Ads,3.2,98,Printemps,134.83,125.82,0
4787,2024-12-31,Électronique,724.38,4,30,F,Nantes,Google_Ads,2.8,45,Printemps,2913.27,2676.63,1
4788,2024-12-31,Électronique,588.25,1,36,F,Lille,Google_Ads,4.0,187,Printemps,610.49,582.52,1
4789,2024-12-31,Mode,41.01,1,55,M,Lyon,Instagram,3.6,26,Printemps,43.36,40.19,0
4790,2024-12-31,Électronique,850.1,1,18,F,Lyon,Google_Ads,3.3,114,Printemps,872.87,813.98,1
4791,2024-12-31,Mode,76.92,4,38,M,Marseille,Instagram,4.0,105,Printemps,309.3,304.82,1
4792,2024-12-31,Mode,67.93,3,60,M,Nice,Email,2.5,195,Printemps,215.07,210.57,0
4793,2024-12-31,Électronique,649.96,1,36,M,Bordeaux,Instagram,1.9,59,Printemps,652.23,610.88,1
4794,2024-12-31,Mode,98.2,1,20,F,Nice,Facebook,5.0,72,Printemps,107.51,93.91,0
4795,2024-12-31,Mode,53.04,3,27,M,Toulouse,Google_Ads,3.9,173,Printemps,159.98,158.99,0
4796,2024-12-31,Maison,210.65,2,37,F,Toulouse,Email,4.0,61,Printemps,405.9,382.93,0
4797,2024-12-31,Livres,16.83,1,50,F,Nantes,Instagram,2.9,42,Printemps,16.65,16.17,0
4798,2024-12-31,Maison,93.6,2,30,F,Nice,Instagram,4.8,172,Printemps,186.83,160.35,1
4799,2024-12-31,Mode,72.12,3,44,M,Marseille,Instagram,3.2,144,Printemps,207.0,203.8,1
4800,2024-12-31,Livres,28.73,1,18,F,Toulouse,Instagram,1.0,98,Printemps,26.76,25.53,0
4801,2024-12-31,Sport,165.6,5,18,F,Marseille,Google_Ads,3.2,53,Printemps,816.62,778.08,1
4802,2024-12-31,Électronique,771.26,2,29,F,Lyon,Email,3.5,176,Printemps,1665.02,1442.77,1
4803,2024-12-31,Électronique,859.74,6,52,F,Paris,SEO,3.6,99,Printemps,4906.2,4694.88,1
4804,2024-12-31,Maison,85.31,1,35,F,Marseille,Facebook,3.6,99,Printemps,82.95,71.46,0
4805,2024-12-31,Maison,72.81,2,38,F,Marseille,Email,3.1,245,Printemps,153.13,131.44,0
4806,2024-12-31,Sport,113.61,1,38,M,Toulouse,SEO,3.0,41,Printemps,104.12,93.58,0
4807,2024-12-31,Maison,112.25,4,48,F,Nice,Facebook,3.5,143,Printemps,478.21,408.14,1
4808,2024-12-31,Maison,209.05,1,27,M,Bordeaux,Email,2.0,194,Printemps,218.26,190.75,1
4809,2024-12-31,Livres,27.14,1,43,M,Toulouse,Email,1.6,37,Printemps,27.41,26.29,0
4810,2024-12-31,Mode,127.15,4,25,F,Lyon,Facebook,3.9,116,Printemps,479.03,467.17,1
4811,2024-12-31,Électronique,396.98,1,58,M,Paris,SEO,3.9,61,Printemps,364.64,319.77,0
4812,2024-12-31,Sport,104.44,1,25,M,Bordeaux,SEO,4.8,141,Printemps,98.83,96.21,0
4813,2024-12-31,Mode,81.37,2,24,M,Paris,Facebook,3.5,118,Printemps,171.25,157.91,0
4814,2024-12-31,Sport,73.0,2,41,M,Toulouse,SEO,2.5,127,Printemps,158.65,157.65,0
4815,2024-12-31,Livres,24.93,3,35,M,Nice,SEO,1.7,48,Printemps,78.36,68.24,0
4816,2024-12-31,Maison,139.79,1,38,F,Paris,Google_Ads,2.8,103,Printemps,140.56,120.61,0
4817,2024-12-31,Maison,140.41,2,37,M,Marseille,Google_Ads,4.3,156,Printemps,306.13,299.02,1
4818,2024-12-31,Mode,67.87,4,21,F,Bordeaux,Google_Ads,5.0,74,Printemps,289.31,261.62,0
4819,2024-12-31,Mode,34.15,1,54,M,Marseille,SEO,3.9,121,Printemps,35.21,32.35,0
4820,2024-12-31,Mode,83.4,2,45,F,Nice,SEO,2.5,68,Printemps,151.39,140.31,1
4821,2024-12-31,Maison,120.34,1,51,M,Lille,Google_Ads,2.8,159,Printemps,115.24,112.21,0
4822,2024-12-31,Sport,42.67,1,28,F,Paris,Google_Ads,2.9,38,Printemps,41.03,35.34,0
4823,2024-12-31,Maison,115.43,1,39,M,Bordeaux,Google_Ads,3.4,108,Printemps,111.9,104.37,0
4824,2024-12-31,Électronique,413.07,7,37,M,Lyon,Direct,5.0,234,Printemps,2827.55,2586.04,1
4825,2024-12-31,Mode,70.86,2,48,M,Marseille,Email,5.0,89,Printemps,154.18,138.92,0
4826,2024-12-31,Sport,59.31,1,48,M,Lille,Facebook,3.6,37,Printemps,62.18,56.1,0
4827,2024-12-31,Mode,82.0,3,37,F,Nantes,Instagram,4.0,112,Printemps,255.44,252.77,1
4828,2024-12-31,Mode,100.01,4,18,M,Nice,Facebook,2.9,189,Printemps,394.17,350.9,1
4829,2024-12-31,Sport,122.85,1,56,M,Lille,Facebook,1.9,76,Printemps,118.86,109.13,0
4830,2024-12-31,Maison,204.68,1,41,M,Lille,Instagram,5.0,106,Printemps,189.1,174.72,0
4831,2024-12-31,Mode,76.57,1,27,M,Marseille,Google_Ads,1.2,29,Printemps,75.86,72.67,0
4832,2024-12-31,Sport,108.68,1,39,F,Lyon,SEO,1.8,140,Printemps,102.28,94.9,0
4833,2024-12-31,Électronique,772.02,3,18,F,Toulouse,Google_Ads,5.0,92,Printemps,2265.58,2136.86,1
4834,2024-12-31,Livres,20.55,2,47,F,Bordeaux,SEO,3.8,171,Printemps,38.27,34.82,1
4835,2024-12-31,Électronique,698.58,1,18,M,Paris,Facebook,2.6,135,Printemps,676.78,648.22,1
4836,2024-12-31,Électronique,518.36,1,32,F,Lyon,Email,4.6,63,Printemps,470.98,433.24,0
4837,2024-12-31,Sport,95.76,2,37,M,Marseille,SEO,4.7,131,Printemps,172.6,152.48,0
4838,2024-12-31,Électronique,738.14,5,47,F,Nantes,Facebook,2.3,132,Printemps,3963.74,3854.89,1
4839,2024-12-31,Maison,91.47,3,36,M,Bordeaux,SEO,3.2,183,Printemps,282.16,272.24,0
4840,2024-12-31,Sport,85.67,2,42,M,Paris,Email,4.8,82,Printemps,174.34,164.6,0
4841,2024-12-31,Sport,71.08,3,34,F,Nantes,Google_Ads,2.9,89,Printemps,213.83,198.5,0
4842,2024-12-31,Livres,18.7,4,34,M,Bordeaux,Email,4.1,31,Printemps,78.18,68.89,0
4843,2024-12-31,Mode,54.96,3,36,M,Nice,Email,5.0,246,Printemps,172.67,169.26,1
4844,2024-12-31,Maison,164.29,1,32,F,Paris,Google_Ads,1.2,105,Printemps,178.59,154.41,0
4845,2024-12-31,Électronique,763.77,1,18,F,Toulouse,SEO,3.4,120,Printemps,724.72,657.67,1
4846,2024-12-31,Mode,109.19,1,25,F,Paris,Instagram,4.1,31,Printemps,115.42,112.87,0
4847,2024-12-31,Sport,88.97,1,37,M,Lille,Facebook,1.8,106,Printemps,97.71,91.79,1
4848,2024-12-31,Mode,128.9,1,32,F,Nantes,Facebook,3.2,104,Printemps,116.76,106.93,0
4849,2024-12-31,Maison,166.89,1,33,F,Nantes,Google_Ads,4.9,100,Printemps,162.69,157.6,0
4850,2024-12-31,Mode,71.44,3,31,F,Marseille,Instagram,3.0,108,Printemps,211.58,211.25,1
4851,2024-12-31,Maison,210.4,1,24,F,Nice,SEO,2.2,85,Printemps,223.94,196.69,0
4852,2024-12-31,Livres,28.71,2,29,M,Lyon,Facebook,5.0,148,Printemps,51.83,44.45,0
4853,2024-12-31,Électronique,730.76,3,31,M,Toulouse,SEO,4.3,119,Printemps,2235.52,2055.45,1
4854,2024-12-31,Maison,95.31,3,35,F,Lille,Google_Ads,3.7,86,Printemps,308.36,275.4,0
4855,2024-12-31,Sport,102.21,2,39,M,Nice,Facebook,3.7,128,Printemps,190.02,180.52,0
4856,2024-12-31,Mode,116.53,3,32,M,Lille,Google_Ads,4.9,71,Printemps,322.71,298.23,1
4857,2024-12-31,Électronique,565.23,1,22,F,Bordeaux,SEO,4.1,117,Printemps,621.72,575.0,1
4858,2024-12-31,Maison,183.02,2,18,F,Nantes,Direct,4.5,129,Printemps,389.91,352.18,0
4859,2024-12-31,Mode,89.82,1,66,M,Paris,SEO,3.0,113,Printemps,93.37,82.32,0
4860,2024-12-31,Électronique,793.59,2,21,M,Paris,Instagram,1.7,97,Printemps,1555.11,1371.64,1
4861,2024-12-31,Sport,78.78,3,28,M,Nice,Google_Ads,4.5,170,Printemps,253.08,229.8,1
4862,2024-12-31,Mode,88.61,4,41,F,Toulouse,SEO,5.0,145,Printemps,384.4,366.06,0
4863,2024-12-31,Livres,12.33,1,39,M,Bordeaux,SEO,3.6,151,Printemps,12.9,11.62,0
4864,2024-12-31,Sport,130.5,4,41,M,Nantes,SEO,4.8,79,Printemps,511.37,459.67,1
4865,2024-12-31,Maison,191.75,2,29,M,Marseille,Facebook,3.4,79,Printemps,389.92,356.29,1
4866,2024-12-31,Électronique,253.92,3,37,M,Paris,Email,3.7,199,Printemps,700.58,699.62,1
4867,2024-12-31,Mode,98.39,5,35,M,Lille,Facebook,5.0,56,Printemps,458.3,395.83,1
4868,2024-12-31,Électronique,504.92,2,31,M,Lille,Facebook,3.5,144,Printemps,1067.0,954.11,1
4869,2024-12-31,Livres,12.35,1,37,F,Nantes,Instagram,3.4,179,Printemps,11.19,10.0,0
4870,2024-12-31,Électronique,508.44,1,47,M,Paris,SEO,1.7,74,Printemps,462.6,460.83,1
4871,2024-12-31,Mode,51.44,1,34,F,Paris,SEO,4.6,59,Printemps,51.52,46.94,0
4872,2024-12-31,Mode,73.02,1,34,M,Marseille,Email,3.0,92,Printemps,68.21,63.78,0
4873,2024-12-31,Mode,69.97,1,47,F,Nantes,SEO,4.0,38,Printemps,67.09,59.02,0
4874,2024-12-31,Électronique,723.41,1,46,M,Paris,Direct,3.5,75,Printemps,708.78,603.81,1
4875,2024-12-31,Maison,199.36,1,54,F,Marseille,SEO,3.3,82,Printemps,200.25,180.4,0
4876,2024-12-31,Électronique,634.74,1,18,M,Lille,Google_Ads,3.7,124,Printemps,607.26,574.38,1
4877,2024-12-31,Électronique,240.31,2,45,F,Marseille,Email,3.8,71,Printemps,479.05,456.88,0
4878,2024-12-31,Mode,123.27,4,42,F,Paris,Instagram,5.0,93,Printemps,480.35,462.61,1
4879,2024-12-31,Maison,183.52,1,24,M,Lyon,Google_Ads,5.0,212,Printemps,168.14,164.63,0
4880,2024-12-31,Maison,66.16,1,38,M,Nice,Instagram,4.5,62,Printemps,71.01,61.59,0
4881,2024-12-31,Mode,112.34,4,47,F,Nantes,Instagram,5.0,215,Printemps,429.7,370.58,1
4882,2024-12-31,Maison,96.05,2,25,F,Toulouse,Instagram,4.7,127,Printemps,196.3,190.05,1
4883,2024-12-31,Mode,88.97,1,40,F,Paris,Google_Ads,4.3,166,Printemps,90.22,82.58,0
4884,2024-12-31,Livres,21.6,1,45,M,Lyon,Instagram,5.0,60,Printemps,20.3,20.14,0
4885,2024-12-31,Électronique,508.39,4,22,M,Lille,Instagram,2.4,81,Printemps,1842.39,1826.77,1
4886,2024-12-31,Maison,220.15,1,33,M,Nantes,Direct,3.0,86,Printemps,235.86,205.5,0
4887,2024-12-31,Sport,98.26,1,38,F,Toulouse,Instagram,2.9,81,Printemps,98.22,93.67,0
4888,2024-12-31,Sport,52.11,2,25,F,Bordeaux,Instagram,3.5,102,Printemps,102.43,88.1,1
4889,2024-12-31,Électronique,863.98,1,24,M,Nantes,Direct,4.6,74,Printemps,909.41,828.03,1
4890,2024-12-31,Mode,122.25,1,33,F,Lille,Instagram,2.6,60,Printemps,110.84,108.21,0
4891,2024-12-31,Maison,183.2,2,44,M,Lille,Instagram,4.4,75,Printemps,385.83,354.63,1
4892,2024-12-31,Électronique,540.83,3,42,F,Lille,Google_Ads,3.2,152,Printemps,1592.93,1362.02,1
4893,2024-12-31,Sport,54.34,2,24,M,Marseille,Instagram,3.4,46,Printemps,109.8,97.29,1
4894,2024-12-31,Maison,202.33,2,42,M,Toulouse,Instagram,4.0,71,Printemps,425.1,366.84,0
4895,2024-12-31,Maison,73.59,1,24,F,Nice,Instagram,5.0,159,Printemps,74.27,67.68,0
4896,2024-12-31,Électronique,271.31,2,18,M,Lille,Google_Ads,3.0,191,Printemps,495.05,472.53,1
4897,2024-12-31,Maison,156.73,2,30,M,Bordeaux,SEO,3.7,202,Printemps,327.79,311.09,0
4898,2024-12-31,Maison,88.82,1,48,F,Paris,Instagram,2.6,136,Printemps,93.91,89.95,0
4899,2024-12-31,Sport,43.49,2,42,F,Lyon,Instagram,3.0,170,Printemps,86.31,78.33,0
4900,2024-12-31,Électronique,510.6,3,34,M,Nantes,Instagram,2.6,73,Printemps,1513.13,1346.38,1
4901,2024-12-31,Électronique,317.62,1,29,F,Nantes,Google_Ads,4.1,73,Printemps,301.86,259.16,1
4902,2024-12-31,Mode,48.15,4,30,M,Lille,Instagram,4.3,29,Printemps,198.15,196.42,0
4903,2024-12-31,Électronique,276.91,5,36,F,Lyon,Facebook,4.6,78,Printemps,1490.35,1293.24,1
4904,2024-12-31,Maison,96.92,1,22,F,Lille,Facebook,3.0,72,Printemps,99.94,87.62,0
4905,2024-12-31,Livres,28.32,2,30,F,Nice,Instagram,4.4,34,Printemps,59.71,50.98,0
4906,2024-12-31,Mode,111.37,1,32,F,Marseille,Instagram,3.9,54,Printemps,118.89,106.71,0
4907,2024-12-31,Sport,100.2,2,18,F,Lyon,SEO,3.7,254,Printemps,189.42,184.27,1
4908,2024-12-31,Électronique,566.92,1,24,F,Lille,SEO,2.4,79,Printemps,555.82,500.15,1
4909,2024-12-31,Électronique,247.04,2,39,M,Lille,Facebook,4.0,56,Printemps,487.76,463.32,1
4910,2024-12-31,Électronique,271.79,3,35,M,Bordeaux,Google_Ads,4.0,86,Printemps,824.97,820.71,1
4911,2024-12-31,Mode,57.61,1,31,M,Bordeaux,SEO,3.9,110,Printemps,52.42,51.57,0
4912,2024-12-31,Livres,23.69,4,24,F,Toulouse,Facebook,4.2,97,Printemps,96.42,84.56,0
4913,2024-12-31,Électronique,724.2,2,53,M,Bordeaux,Direct,4.6,68,Printemps,1329.2,1201.44,1
4914,2024-12-31,Maison,168.9,1,24,F,Toulouse,SEO,2.6,129,Printemps,179.26,172.57,0
4915,2024-12-31,Mode,70.73,1,38,F,Marseille,Facebook,3.6,310,Printemps,77.28,77.02,0
4916,2024-12-31,Livres,12.19,1,29,F,Nice,Google_Ads,4.4,184,Printemps,11.68,11.18,1
4917,2024-12-31,Électronique,752.02,1,35,F,Toulouse,SEO,3.5,81,Printemps,753.02,668.55,1
4918,2024-12-31,Électronique,470.56,3,40,M,Lyon,Google_Ads,4.9,97,Printemps,1502.91,1307.42,1
4919,2024-12-31,Électronique,721.84,4,18,F,Marseille,Direct,3.9,131,Printemps,2780.31,2569.77,1
4920,2024-12-31,Mode,82.52,1,34,M,Paris,SEO,1.6,83,Printemps,76.87,67.56,0
4921,2024-12-31,Mode,104.52,2,49,F,Lille,Google_Ads,4.7,184,Printemps,219.03,193.66,1
4922,2024-12-31,Sport,158.18,1,56,M,Lille,Instagram,3.7,186,Printemps,164.45,155.44,0
4923,2024-12-31,Maison,225.79,2,33,M,Nice,SEO,1.9,32,Printemps,457.89,424.57,1
4924,2024-12-31,Maison,156.32,4,35,F,Lille,Facebook,3.5,121,Printemps,680.86,591.05,1
4925,2024-12-31,Mode,82.37,1,61,M,Bordeaux,SEO,2.4,24,Printemps,89.87,78.46,0
4926,2024-12-31,Électronique,404.33,3,48,M,Lille,Facebook,4.6,246,Printemps,1300.71,1109.4,1
4927,2024-12-31,Mode,123.74,5,27,M,Toulouse,SEO,3.8,79,Printemps,593.09,523.67,1
4928,2024-12-31,Livres,21.36,1,27,M,Bordeaux,Google_Ads,2.8,36,Printemps,20.19,19.85,0
4929,2024-12-31,Sport,58.77,1,46,M,Paris,Facebook,4.7,120,Printemps,62.71,60.77,0
4930,2024-12-31,Sport,97.67,1,22,F,Marseille,Facebook,4.3,211,Printemps,100.63,91.79,0
4931,2024-12-31,Sport,58.7,3,48,M,Nice,SEO,3.5,193,Printemps,172.44,165.76,1
4932,2024-12-31,Électronique,564.21,1,39,F,Marseille,Instagram,2.4,107,Printemps,554.03,504.74,1
4933,2024-12-31,Électronique,603.86,1,41,F,Toulouse,SEO,2.9,65,Printemps,646.53,626.37,1
4934,2024-12-31,Électronique,452.99,2,31,M,Marseille,Google_Ads,2.9,75,Printemps,844.95,741.27,1
4935,2024-12-31,Mode,39.49,1,27,F,Bordeaux,SEO,4.6,54,Printemps,42.99,37.53,0
4936,2024-12-31,Électronique,861.86,3,52,F,Nice,Facebook,2.0,84,Printemps,2654.48,2287.34,1
4937,2024-12-31,Mode,107.9,3,32,F,Nantes,Instagram,3.7,104,Printemps,342.57,303.61,0
4938,2024-12-31,Maison,211.0,1,30,F,Nantes,Google_Ads,3.5,43,Printemps,205.55,179.23,0
4939,2024-12-31,Sport,89.28,4,34,F,Lyon,Facebook,4.9,181,Printemps,363.31,352.34,1
4940,2024-12-31,Maison,196.95,2,37,M,Nantes,Instagram,4.1,25,Printemps,413.59,366.44,0
4941,2024-12-31,Livres,22.11,1,22,F,Nice,Google_Ads,4.4,137,Printemps,21.82,20.23,0
4942,2024-12-31,Électronique,360.73,2,28,M,Lyon,Instagram,3.2,146,Printemps,719.72,693.4,1
4943,2024-12-31,Électronique,308.99,4,27,F,Paris,Google_Ads,2.4,149,Printemps,1256.23,1195.38,1
4944,2024-12-31,Maison,122.11,1,45,M,Lyon,Google_Ads,3.4,94,Printemps,111.45,98.15,0
4945,2024-12-31,Mode,45.91,2,24,M,Paris,Facebook,4.7,113,Printemps,98.49,84.86,0
4946,2024-12-31,Mode,129.83,3,18,F,Lille,Email,4.7,173,Printemps,418.06,412.52,1
4947,2024-12-31,Mode,37.3,1,18,M,Toulouse,Google_Ads,3.3,105,Printemps,35.67,33.64,0
4948,2024-12-31,Mode,75.51,2,18,M,Marseille,Facebook,2.9,58,Printemps,162.5,155.34,0
4949,2024-12-31,Mode,76.58,1,51,M,Toulouse,SEO,2.6,97,Printemps,80.33,72.94,0
4950,2024-12-31,Mode,61.81,2,35,F,Nantes,Facebook,3.6,237,Printemps,123.21,109.19,0
4951,2024-12-31,Mode,88.21,6,41,M,Bordeaux,Instagram,4.0,74,Printemps,513.13,477.0,1
4952,2024-12-31,Maison,87.0,1,41,M,Paris,Facebook,5.0,72,Printemps,85.25,73.45,0
4953,2024-12-31,Mode,108.93,1,35,F,Nice,Facebook,3.9,85,Printemps,109.68,106.39,0
4954,2024-12-31,Mode,64.91,3,34,F,Nice,Facebook,4.5,123,Printemps,191.33,181.42,0
4955,2024-12-31,Électronique,624.16,1,47,F,Nantes,Google_Ads,2.9,53,Printemps,614.2,592.24,1
4956,2024-12-31,Mode,102.27,1,36,F,Bordeaux,Google_Ads,3.8,38,Printemps,96.2,89.99,0
4957,2024-12-31,Maison,220.03,1,51,M,Bordeaux,SEO,4.0,111,Printemps,229.17,214.66,1
4958,2024-12-31,Sport,149.06,2,42,F,Marseille,SEO,3.6,100,Printemps,304.66,286.4,1
4959,2024-12-31,Maison,169.5,1,27,F,Toulouse,Facebook,3.8,38,Printemps,186.17,180.14,0
4960,2024-12-31,Électronique,487.17,3,29,M,Lille,Instagram,3.9,46,Printemps,1356.63,1199.0,1
4961,2024-12-31,Maison,150.58,4,26,F,Lille,Google_Ads,4.3,101,Printemps,555.78,529.23,1
4962,2024-12-31,Maison,198.37,1,49,F,Toulouse,SEO,5.0,81,Printemps,199.0,185.65,1
4963,2024-12-31,Mode,118.06,1,30,M,Lyon,SEO,1.3,44,Printemps,109.84,101.52,0
4964,2024-12-31,Mode,42.62,1,25,F,Nantes,Facebook,5.0,82,Printemps,43.56,40.56,0
4965,2024-12-31,Mode,70.02,3,38,F,Lille,Facebook,1.9,49,Printemps,197.3,175.76,0
4966,2024-12-31,Maison,199.7,2,33,F,Marseille,Instagram,4.1,87,Printemps,398.04,340.55,0
4967,2024-12-31,Maison,137.7,4,38,M,Nantes,Instagram,5.0,161,Printemps,563.05,542.71,1
4968,2024-12-31,Électronique,449.25,1,57,M,Bordeaux,SEO,3.8,159,Printemps,445.48,439.88,1
4969,2024-12-31,Maison,134.04,1,45,M,Paris,SEO,4.0,63,Printemps,129.21,119.15,0
4970,2024-12-31,Électronique,631.92,1,35,F,Paris,SEO,3.5,100,Printemps,667.6,651.37,1
4971,2024-12-31,Électronique,899.87,2,18,M,Nice,Facebook,4.5,109,Printemps,1927.4,1798.82,1
4972,2024-12-31,Livres,22.31,1,29,M,Nice,Email,4.2,43,Printemps,21.32,21.1,0
4973,2024-12-31,Livres,14.63,4,43,F,Lille,Instagram,3.1,29,Printemps,62.19,57.6,0
4974,2024-12-31,Électronique,334.92,1,20,M,Nice,SEO,3.7,186,Printemps,327.66,288.58,0
4975,2024-12-31,Mode,36.63,4,60,M,Lyon,Google_Ads,2.6,114,Printemps,146.15,143.31,0
4976,2024-12-31,Électronique,602.2,4,35,F,Paris,Email,3.7,183,Printemps,2279.57,2211.28,1
4977,2024-12-31,Mode,85.6,3,35,F,Lyon,SEO,3.3,150,Printemps,263.24,239.47,0
4978,2024-12-31,Sport,68.67,1,27,F,Paris,Instagram,4.0,131,Printemps,63.19,61.69,0
4979,2024-12-31,Livres,27.77,1,40,F,Lyon,SEO,3.0,146,Printemps,28.28,24.08,0
4980,2024-12-31,Maison,193.4,1,21,M,Toulouse,SEO,3.6,83,Printemps,212.34,205.96,0
4981,2024-12-31,Mode,57.76,1,60,M,Lyon,Facebook,3.8,135,Printemps,60.69,57.85,0
4982,2024-12-31,Maison,121.94,1,50,F,Bordeaux,Direct,3.9,156,Printemps,131.57,119.33,0
4983,2024-12-31,Mode,129.07,2,46,M,Marseille,Google_Ads,4.1,135,Printemps,256.29,248.28,0
4984,2024-12-31,Livres,19.11,3,18,M,Paris,Direct,3.6,56,Printemps,53.21,46.24,0
4985,2024-12-31,Sport,139.5,1,37,F,Nantes,Instagram,2.9,45,Printemps,133.6,117.63,0
4986,2024-12-31,Maison,141.49,3,49,M,Lille,Email,3.9,126,Printemps,386.19,359.17,0
4987,2024-12-31,Mode,109.85,3,42,M,Marseille,Instagram,3.6,58,Printemps,329.67,323.79,1
4988,2024-12-31,Mode,107.48,1,22,F,Bordeaux,SEO,4.9,67,Printemps,110.7,96.25,0
4989,2024-12-31,Électronique,675.74,2,27,F,Bordeaux,Google_Ads,5.0,82,Printemps,1331.06,1244.06,1
4990,2024-12-31,Sport,151.48,1,29,F,Bordeaux,Instagram,2.3,69,Printemps,153.4,147.72,0
4991,2024-12-31,Mode,124.07,6,27,F,Lille,Instagram,4.5,80,Printemps,717.75,690.12,1
4992,2024-12-31,Mode,89.05,3,53,F,Nice,Google_Ads,4.7,78,Printemps,245.02,231.34,0
4993,2024-12-31,Mode,55.65,2,18,F,Nice,Instagram,2.3,74,Printemps,109.79,108.82,0
4994,2024-12-31,Sport,93.33,1,42,F,Paris,Facebook,4.4,47,Printemps,94.22,86.9,0
4995,2024-12-31,Électronique,736.86,2,19,M,Paris,Instagram,4.8,41,Printemps,1615.97,1586.94,1
4996,2024-12-31,Sport,125.49,3,23,F,Toulouse,Google_Ads,2.8,196,Printemps,364.96,344.14,1
4997,2024-12-31,Sport,65.17,1,18,F,Nice,Instagram,3.5,52,Printemps,67.49,64.83,0
4998,2024-12-31,Livres,10.38,2,28,M,Toulouse,Facebook,4.0,24,Printemps,22.11,20.33,0
4999,2024-12-31,Mode,99.09,2,53,M,Lyon,SEO,4.4,69,Printemps,191.65,167.72,0
5000,2024-12-31,Électronique,394.48,3,38,F,Lyon,Google_Ads,2.7,29,Printemps,1285.19,1113.45,1
